fam,tf,look,sl,tp,n,wr,pf,exp,tot,nsd
bollinger,4h,40,1.5,1.5,143,44.75524475524475,1.1842301092334784,0.1027478396181591,14.692941065396752,2.5
bollinger,4h,40,1.5,1.0,144,54.861111111111114,1.1739779575924905,0.07988578206121681,11.50355261681522,2.5
bollinger,4h,40,2.0,1.0,142,54.22535211267606,1.1666115990483186,0.07645000384418675,10.855900545874519,2.5
bollinger,4h,40,2.0,1.5,142,42.25352112676056,1.1245650866981687,0.06682853179454977,9.489651514826068,2.5
bollinger,4h,40,2.0,1.5,550,42.54545454545455,1.0688210810798717,0.03829030955909445,21.05967025750195,2.0
bollinger,4h,40,2.0,1.0,556,51.07913669064749,1.0161168963409846,0.007911094346761145,4.398568456799197,2.0
bollinger,4h,20,2.0,1.5,273,41.75824175824176,0.9913955500395534,-0.004933020686385715,-1.3467146473833003,2.0
bollinger,4h,40,1.5,1.0,594,50.67340067340067,0.9788744619416166,-0.010707984781964185,-6.360542960486725,2.0
bollinger,4h,40,1.5,1.5,591,40.609137055837564,0.9754025801537358,-0.014893675789328313,-8.802162391493033,2.0
bollinger,4h,20,1.5,1.5,279,40.50179211469534,0.9655306884011644,-0.02093318846475157,-5.8403595816656875,2.0
bollinger,4h,20,1.5,1.0,279,50.179211469534046,0.9624255629521985,-0.019229227169437837,-5.364954380273156,2.0
bollinger,1h,40,2.0,1.0,2127,50.352609308885754,0.9389449455126173,-0.031222782631064733,-66.41085865627468,2.0
bollinger,1h,40,2.0,1.5,2109,41.48885727833097,0.9321147116547411,-0.040263713141195805,-84.91617101478195,2.0
bollinger,1h,40,1.5,1.5,2235,39.55257270693512,0.8916438367452605,-0.06915772238424901,-154.56750952879653,2.0
bollinger,4h,20,2.0,1.0,276,48.55072463768116,0.8914807830176442,-0.05652190269536092,-15.600045143919614,2.0
bollinger,1h,40,2.0,1.0,600,48.66666666666667,0.8797853244932585,-0.06359063972426422,-38.15438383455853,2.5
donchian,4h,20,2.0,2.0,1070,34.859813084112155,0.8527085170041072,-0.09339465364727723,-99.93227940258663,
bollinger,1h,40,1.5,1.0,2243,48.32813196611681,0.8452695290316932,-0.08486734987844254,-190.35746577734662,2.0
bollinger,1h,20,2.0,1.0,1084,47.601476014760145,0.8412854623007521,-0.08538804046797167,-92.56063586728129,2.0
donchian,4h,20,2.0,1.5,1184,38.17567567567568,0.8367650449734166,-0.1005060007336716,-118.99910486866717,
bollinger,1h,20,2.0,1.5,1066,39.02439024390244,0.82970744074007,-0.10425918761309637,-111.14029399556073,2.0
bollinger,1h,40,1.5,1.5,611,37.80687397708674,0.8264888477950949,-0.11405834160745547,-69.68964672215529,2.5
bollinger,1h,40,2.0,1.5,599,39.065108514190314,0.8168957671238275,-0.11252276147074013,-67.40113412097334,2.5
donchian,4h,20,1.5,1.5,1484,36.65768194070081,0.8155352291529018,-0.12004759916631828,-178.15063716281634,
bollinger,1h,20,1.5,1.5,1095,37.44292237442922,0.8071069450372582,-0.12767225626966225,-139.80112061528015,2.0
pullback,1h,20,2.0,3.0,3906,31.02918586789555,0.8035381195720506,-0.1369827275490805,-535.0545338067085,
bollinger,1h,20,1.5,1.0,1101,46.95731153496821,0.7995360460386842,-0.11312326120049201,-124.5487105817417,2.0
pullback,4h,20,2.0,2.0,1055,33.36492890995261,0.7973459139631756,-0.13313961294048704,-140.46229165221382,
donchian,4h,20,1.5,2.0,1334,30.434782608695656,0.7958001609759754,-0.1452857364130966,-193.8111723750709,
pullback,1h,20,2.0,2.0,4219,33.23062337046693,0.7914058025290065,-0.1412416283272272,-595.8984299125716,
pullback,1h,20,2.0,1.5,4649,37.21230372123037,0.7850914468832157,-0.13825871416605343,-642.7647621579824,
donchian,1h,20,2.0,1.5,4706,37.05907352316192,0.7846559226867748,-0.1383535597823891,-651.0918523359231,
donchian,1h,20,2.0,3.0,3869,30.550529852675112,0.7844648408740023,-0.1508131538602762,-583.4960922854086,
pullback,4h,20,2.0,1.5,1164,36.16838487972508,0.7824477147043384,-0.13822233461468023,-160.89079749148777,
donchian,1h,20,2.0,2.0,4272,32.88857677902622,0.7824316035046126,-0.1478183111646568,-631.4798252954139,
pullback,1h,20,1.5,3.0,4917,25.68639414276998,0.7759266405885166,-0.17567065410631377,-863.7726062407448,
donchian,1h,40,2.0,2.0,3202,33.135540287320424,0.7742224910496968,-0.1535617708139081,-491.70479014613375,
pullback,1h,20,1.5,1.5,6167,36.04670017836874,0.7645774316851207,-0.15995501490878125,-986.442576942454,
donchian,1h,40,2.0,3.0,2968,30.087601078167115,0.7625574121590973,-0.16833394080443217,-499.61513630755474,
bollinger,1h,40,1.5,1.0,611,45.662847790507364,0.7615415838561881,-0.1373432162836191,-83.91670514929126,2.5
donchian,1h,55,2.0,3.0,2528,29.311708860759495,0.7582729456306417,-0.1727855005622991,-436.8017454214921,
pullback,1h,20,1.5,2.0,5544,30.266955266955264,0.7575886199113891,-0.17916994731056557,-993.3181878897755,
donchian,1h,40,2.0,1.5,3466,36.324293133294866,0.7537761480269388,-0.1603721212962858,-555.8497724129267,
donchian,1h,55,2.0,2.0,2714,32.0560058953574,0.752639481927724,-0.1706733960150383,-463.207596784814,
donchian,4h,40,2.0,1.5,912,35.74561403508772,0.751056282408321,-0.1596054200320297,-145.5601430692111,
donchian,4h,40,1.5,1.5,1073,34.85554520037278,0.7494142044868977,-0.1679673551895045,-180.22897211833833,
donchian,4h,20,1.5,3.0,1183,25.10566356720203,0.7463779051198377,-0.1924294310311086,-227.64401690980148,
pullback,4h,20,1.5,2.0,1406,28.87624466571835,0.7426220438418315,-0.187588356474245,-263.74922920278846,
pullback,4h,20,2.0,3.0,969,30.4437564499484,0.7419930344646133,-0.17496221777542173,-169.53838902438366,
donchian,1h,20,1.5,3.0,4652,24.9140154772141,0.7410655671095666,-0.20437068566819044,-950.732429728422,
pullback,4h,20,1.5,1.5,1575,34.15873015873016,0.7374727820810428,-0.17797575800829668,-280.3118188630673,
donchian,4h,40,1.5,2.0,996,28.714859437751006,0.73710332029446,-0.1923057959656188,-191.53657278175632,
donchian,4h,40,2.0,2.0,837,31.899641577060933,0.7363346474893159,-0.17538622449831076,-146.7982699050861,
donchian,1h,55,2.0,1.5,2953,35.35387741280054,0.7343525115244995,-0.17511938993543685,-517.127558479345,
donchian,1h,20,1.5,2.0,5301,29.352952273156006,0.7326494982755508,-0.1996683480676395,-1058.441913106557,
donchian,1h,20,1.5,1.5,5861,34.908718648694766,0.7290668522829616,-0.18715582769861194,-1096.9203061415647,
donchian,1h,40,1.5,3.0,3411,24.655526238639695,0.7203927420401378,-0.22191187738145046,-756.9414137481275,
pullback,4h,20,1.5,3.0,1253,24.501197126895452,0.716099644698215,-0.2187868394271385,-274.13990980220456,
donchian,1h,40,1.5,2.0,3768,28.874734607218684,0.7102007306470782,-0.21781151153477638,-820.7137754630373,
donchian,4h,20,2.0,3.0,967,31.230610134436404,0.7098058030307772,-0.19552520447204896,-189.07287272447135,
donchian,1h,55,1.5,3.0,2904,24.173553719008265,0.7096366053993974,-0.23187964239963013,-673.3784815285259,
donchian,1h,55,1.5,2.0,3200,28.5625,0.7076290340224453,-0.2204959324718201,-705.5869839098243,
donchian,1h,55,1.5,1.5,3479,34.06151192871515,0.7034222161618027,-0.20745000884076648,-721.7185807570265,
donchian,1h,40,1.5,1.5,4104,33.966861598440545,0.6988081292047675,-0.21108529445761753,-866.2940484540624,
donchian,4h,55,1.5,2.0,853,27.080890973036343,0.6837964575032245,-0.2366106462142395,-201.8288812207463,
donchian,4h,55,1.5,1.5,914,32.494529540481395,0.6771689821786023,-0.2241086348432296,-204.83529224671184,
donchian,4h,55,2.0,1.5,791,33.122629582806574,0.6753034095479491,-0.21769175254451223,-172.19417626270916,
donchian,4h,40,1.5,3.0,897,23.076923076923077,0.6645601953832444,-0.2618939062160388,-234.9188338757868,
donchian,4h,55,2.0,2.0,735,29.38775510204082,0.6565772748606823,-0.2397065653088991,-176.18432550204085,
donchian,4h,40,2.0,3.0,774,28.036175710594314,0.6458797006241229,-0.24666566136331916,-190.91922189520903,
donchian,4h,55,1.5,3.0,784,21.683673469387756,0.6160567978897173,-0.3061939454303409,-240.05605321738724,
donchian,4h,55,2.0,3.0,684,25.146198830409354,0.5655184511674123,-0.3190351827737034,-218.22006501721313,
