tf_minutes,require_bias,tp_r,sl_atr_buffer,trail_atr,spread_gate,min_score,n,wr,pf,exp,total_r
15,True,0.6,0.5,0.0,0.2,0,402,55.72139303482587,0.655092954398608,-0.1630864792806698,-65.56076467082926
15,True,0.6,0.5,0.0,0.2,60,395,55.69620253164557,0.6550529402290792,-0.16308675658379312,-64.41926885059829
15,True,0.6,0.5,0.0,0.2,70,329,54.40729483282675,0.6225103571648566,-0.18372141735251246,-60.4443463089766
15,True,0.6,0.5,1.5,0.2,0,402,55.72139303482587,0.655092954398608,-0.1630864792806698,-65.56076467082926
15,True,0.6,0.5,1.5,0.2,60,395,55.69620253164557,0.6550529402290792,-0.16308675658379312,-64.41926885059829
15,True,0.6,0.5,1.5,0.2,70,329,54.40729483282675,0.6225103571648566,-0.18372141735251246,-60.4443463089766
15,True,0.6,0.5,1.5,0.45,0,752,56.25,0.6428848508613147,-0.17047841441578085,-128.1997676406672
15,True,0.6,0.5,1.5,0.45,60,731,56.22435020519836,0.6430980321418117,-0.1703698439803173,-124.54035594961195
15,True,0.6,0.5,1.5,0.45,70,549,55.009107468123865,0.6175107232264913,-0.18683476849396255,-102.57228790318544
15,True,0.6,0.5,0.0,0.45,0,752,56.25,0.6428848508613147,-0.17047841441578085,-128.1997676406672
15,True,0.6,0.5,0.0,0.45,60,731,56.22435020519836,0.6430980321418117,-0.1703698439803173,-124.54035594961195
15,True,0.6,0.5,0.0,0.45,70,549,55.009107468123865,0.6175107232264913,-0.18683476849396255,-102.57228790318544
15,True,0.6,1.0,0.0,0.2,0,402,56.71641791044776,0.7114386955388668,-0.1296523788811528,-52.120256310223425
15,True,0.6,1.0,0.0,0.2,60,395,56.708860759493675,0.7118857652129131,-0.1293698358257466,-51.101085151169904
15,True,0.6,1.0,0.0,0.2,70,333,56.45645645645646,0.7079417413736832,-0.13186761825027948,-43.91191687734307
15,True,0.6,1.0,0.0,0.45,0,908,55.947136563876654,0.653098400609077,-0.1638736561474715,-148.79727978190414
15,True,0.6,1.0,0.0,0.45,60,862,56.264501160092806,0.6638310478828577,-0.1573535998820551,-135.6388030983315
15,True,0.6,1.0,0.0,0.45,70,616,56.81818181818182,0.6893725619402314,-0.14263627441409008,-87.86394503907948
15,True,0.6,1.0,1.5,0.2,0,402,56.71641791044776,0.7114386955388668,-0.1296523788811528,-52.120256310223425
15,True,0.6,1.0,1.5,0.2,60,395,56.708860759493675,0.7118857652129131,-0.1293698358257466,-51.101085151169904
15,True,0.6,1.0,1.5,0.2,70,333,56.45645645645646,0.7079417413736832,-0.13186761825027948,-43.91191687734307
15,True,0.6,1.0,1.5,0.45,0,908,55.947136563876654,0.653098400609077,-0.1638736561474715,-148.79727978190414
15,True,0.6,1.0,1.5,0.45,60,862,56.264501160092806,0.6638310478828577,-0.1573535998820551,-135.6388030983315
15,True,0.6,1.0,1.5,0.45,70,616,56.81818181818182,0.6893725619402314,-0.14263627441409008,-87.86394503907948
15,True,1.0,0.5,0.0,0.2,0,402,47.2636815920398,0.7960451251769756,-0.11464073583860095,-46.08557580711758
15,True,1.0,0.5,0.0,0.2,60,399,47.368421052631575,0.7996878561190429,-0.11232144180788514,-44.81625528134617
15,True,1.0,0.5,0.0,0.2,70,357,46.778711484593835,0.783952841298309,-0.12261375764613514,-43.77311147967024
15,True,1.0,0.5,0.0,0.45,0,962,44.49064449064449,0.674605522552623,-0.19987649520921252,-192.28118839126245
15,True,1.0,0.5,0.0,0.45,60,933,44.58735262593784,0.6785848524660933,-0.19684488436168432,-183.65627710945148
15,True,1.0,0.5,0.0,0.45,70,709,46.403385049365305,0.7433009702834877,-0.15035470311549057,-106.6014845088828
15,True,1.0,0.5,1.5,0.45,0,962,44.49064449064449,0.674605522552623,-0.19987649520921252,-192.28118839126245
15,True,1.0,0.5,1.5,0.45,60,933,44.58735262593784,0.6785848524660933,-0.19684488436168432,-183.65627710945148
15,True,1.0,0.5,1.5,0.45,70,709,46.403385049365305,0.7433009702834877,-0.15035470311549057,-106.6014845088828
15,True,1.0,0.5,1.5,0.2,0,402,47.2636815920398,0.7960451251769756,-0.11464073583860095,-46.08557580711758
15,True,1.0,0.5,1.5,0.2,60,399,47.368421052631575,0.7996878561190429,-0.11232144180788514,-44.81625528134617
15,True,1.0,0.5,1.5,0.2,70,357,46.778711484593835,0.783952841298309,-0.12261375764613514,-43.77311147967024
15,True,1.0,1.0,0.0,0.2,0,401,46.633416458852864,0.7803460117386248,-0.12110574793296855,-48.56340492112039
15,True,1.0,1.0,0.0,0.2,60,398,46.733668341708544,0.783689871042859,-0.11897810423789808,-47.35328548668343
15,True,1.0,1.0,0.0,0.2,70,362,46.408839779005525,0.776013759535936,-0.12402303933583232,-44.8963402395713
15,True,1.0,1.0,1.5,0.2,0,401,46.633416458852864,0.7803460117386248,-0.12110574793296855,-48.56340492112039
15,True,1.0,1.0,1.5,0.2,60,398,46.733668341708544,0.783689871042859,-0.11897810423789808,-47.35328548668343
15,True,1.0,1.0,1.5,0.2,70,362,46.408839779005525,0.776013759535936,-0.12402303933583232,-44.8963402395713
15,True,1.0,1.0,0.0,0.45,0,951,44.269190325972666,0.686593019691674,-0.18612714241412218,-177.0069124358302
15,True,1.0,1.0,0.0,0.45,60,926,44.600431965442766,0.6968475506020001,-0.17870325507784443,-165.47921420208394
15,True,1.0,1.0,0.0,0.45,70,724,45.58011049723757,0.7339128154757715,-0.15275017455494302,-110.59112637777875
15,True,1.0,1.0,1.5,0.45,0,951,44.269190325972666,0.686593019691674,-0.18612714241412218,-177.0069124358302
15,True,1.0,1.0,1.5,0.45,60,926,44.600431965442766,0.6968475506020001,-0.17870325507784443,-165.47921420208394
15,True,1.0,1.0,1.5,0.45,70,724,45.58011049723757,0.7339128154757715,-0.15275017455494302,-110.59112637777875
15,True,1.5,0.5,0.0,0.2,0,401,36.65835411471321,0.7434102633624918,-0.17397276108784787,-69.763077196227
15,True,1.5,0.5,0.0,0.2,60,400,36.75,0.7463604422388894,-0.17172095020021694,-68.68838008008677
15,True,1.5,0.5,0.0,0.2,70,374,36.096256684491976,0.729352226280367,-0.18549148491743095,-69.37381535911918
15,True,1.5,0.5,0.0,0.45,0,959,34.51511991657977,0.661201137087897,-0.24442353889353569,-234.40217379890072
15,True,1.5,0.5,0.0,0.45,60,947,34.63569165786694,0.664956849369479,-0.24115965748960055,-228.37819564265172
15,True,1.5,0.5,0.0,0.45,70,797,35.5081555834379,0.6968911216605191,-0.21362389103266485,-170.25824115303388
15,True,1.5,0.5,1.5,0.45,0,960,41.25,0.6247271296646558,-0.23220285427496892,-222.91474010397016
15,True,1.5,0.5,1.5,0.45,60,948,41.244725738396625,0.6287561626053392,-0.22949886895422483,-217.56492776860514
15,True,1.5,0.5,1.5,0.45,70,798,42.35588972431078,0.6676545990927528,-0.20062116969178628,-160.09569341404546
15,True,1.5,0.5,1.5,0.2,0,402,42.78606965174129,0.6891720708036352,-0.17673616254003974,-71.04793734109597
15,True,1.5,0.5,1.5,0.2,60,401,42.8927680798005,0.6924276558874025,-0.1744968584163485,-69.97324022495575
15,True,1.5,0.5,1.5,0.2,70,375,41.86666666666667,0.6836669452444397,-0.183305311420995,-68.73949178287312
15,True,1.5,1.0,0.0,0.2,0,401,39.65087281795511,0.8340786591710623,-0.10244987451216059,-41.082399679376394
15,True,1.5,1.0,0.0,0.2,60,399,39.849624060150376,0.8414759016226653,-0.09750823093154853,-38.90578414168787
15,True,1.5,1.0,0.0,0.2,70,371,39.083557951482476,0.8241390274372773,-0.10964085654241569,-40.67675777723622
15,True,1.5,1.0,0.0,0.45,0,951,36.69821240799159,0.7276233776229128,-0.18118860023658234,-172.3103588249898
15,True,1.5,1.0,0.0,0.45,60,939,36.84771033013845,0.7324762807341202,-0.1773832607405756,-166.56288183540047
15,True,1.5,1.0,0.0,0.45,70,793,36.948297604035304,0.7408522227585151,-0.17053776956497083,-135.23645126502186
15,True,1.5,1.0,1.5,0.2,0,401,46.13466334164589,0.7436641868661552,-0.14184659524098078,-56.8804846916333
15,True,1.5,1.0,1.5,0.2,60,399,46.365914786967416,0.7510311016361785,-0.13710242895725505,-54.703869153944765
15,True,1.5,1.0,1.5,0.2,70,371,45.82210242587601,0.7491650808095244,-0.13972034766647942,-51.83624898426386
15,True,1.5,1.0,1.5,0.45,0,951,43.84858044164038,0.6553618637669044,-0.20510845169843966,-195.05813756521613
15,True,1.5,1.0,1.5,0.45,60,939,44.08945686900959,0.6632919039389621,-0.19936106466583117,-187.20003972121546
15,True,1.5,1.0,1.5,0.45,70,793,44.640605296343,0.6847754680263639,-0.1837138324564165,-145.68506913793829
15,True,2.0,0.5,0.0,0.2,0,401,32.418952618453865,0.7778265967944615,-0.16009824477478518,-64.19939615468886
15,True,2.0,0.5,0.0,0.2,60,399,32.581453634085214,0.7838693810582653,-0.1553178484126994,-61.97182151666706
15,True,2.0,0.5,0.0,0.2,70,371,31.536388140161726,0.7644918764665719,-0.1721788542855471,-63.87835493993798
15,True,2.0,0.5,0.0,0.45,0,958,29.853862212943632,0.6881479784487925,-0.23897089663102178,-228.93411897251886
15,True,2.0,0.5,0.0,0.45,60,946,30.021141649048626,0.693650637869401,-0.23407859868461958,-221.43835435565012
15,True,2.0,0.5,0.0,0.45,70,802,30.29925187032419,0.7120401625995985,-0.217774959243998,-174.6555173136864
15,True,2.0,0.5,1.5,0.2,0,402,42.53731343283582,0.6682831354246725,-0.18868457674678504,-75.85119985220759
15,True,2.0,0.5,1.5,0.2,60,400,42.75,0.6748574335970607,-0.18405906303546452,-73.62362521418581
15,True,2.0,0.5,1.5,0.2,70,372,41.66666666666667,0.6687895309023246,-0.19162413593938174,-71.28417856945
15,True,2.0,0.5,1.5,0.45,0,960,41.14583333333333,0.6139724129406958,-0.23889201633926546,-229.33633568569485
15,True,2.0,0.5,1.5,0.45,60,948,41.139240506329116,0.6169320390611486,-0.23686991660736817,-224.55268094378502
15,True,2.0,0.5,1.5,0.45,70,804,42.039800995024876,0.6413396345763589,-0.21757029729307414,-174.9265190236316
15,True,2.0,1.0,0.0,0.2,0,400,35.75,0.8486673321952167,-0.09866272369268475,-39.4650894770739
15,True,2.0,1.0,0.0,0.2,60,398,35.92964824120603,0.8558103022868697,-0.09368963301353105,-37.288473939385355
15,True,2.0,1.0,0.0,0.2,70,364,35.43956043956044,0.8559238669488624,-0.09447088850762159,-34.387403416774255
15,True,2.0,1.0,0.0,0.45,0,948,32.70042194092827,0.756559568238405,-0.17090610536499448,-162.01898788601477
15,True,2.0,1.0,0.0,0.45,60,934,32.97644539614561,0.7662326740314099,-0.16322249765510666,-152.44981280986963
15,True,2.0,1.0,0.0,0.45,70,778,32.904884318766065,0.767387894142302,-0.1616331606822518,-125.75059901079192
15,True,2.0,1.0,1.5,0.2,0,401,46.13466334164589,0.7398809208325932,-0.14394011233167078,-57.71998504499998
15,True,2.0,1.0,1.5,0.2,60,399,46.365914786967416,0.7472103576671264,-0.1392064398679485,-55.54336950731145
15,True,2.0,1.0,1.5,0.2,70,365,46.02739726027397,0.7637628809109152,-0.13095782121737307,-47.799604744341174
15,True,2.0,1.0,1.5,0.45,0,951,43.84858044164038,0.6467008411894306,-0.21026298552457823,-199.9600992338739
15,True,2.0,1.0,1.5,0.45,60,937,44.07684098185699,0.6534491547919329,-0.20520710842010945,-192.27906058964254
15,True,2.0,1.0,1.5,0.45,70,781,44.81434058898848,0.6770424439577665,-0.18794335815959093,-146.78376272264052
15,True,3.0,0.5,0.0,0.2,0,400,28.499999999999996,0.8018225292478915,-0.14991383604248762,-59.96553441699505
15,True,3.0,0.5,0.0,0.2,60,398,28.643216080402013,0.8077691756318818,-0.14507025070093787,-57.73795977897328
15,True,3.0,0.5,0.0,0.2,70,361,27.977839335180054,0.810592883705382,-0.14430382248325163,-52.09367991645384
15,True,3.0,0.5,0.0,0.45,0,956,25.732217573221757,0.7269835670618823,-0.2205198625491513,-210.81698859698864
15,True,3.0,0.5,0.0,0.45,60,939,25.98509052183174,0.7357950414358199,-0.21243084711356688,-199.4725654396393
15,True,3.0,0.5,0.0,0.45,70,772,26.165803108808287,0.7476214702063803,-0.20109419996205247,-155.2447223707045
15,True,3.0,0.5,1.5,0.2,0,402,42.53731343283582,0.640122646934228,-0.20470260422514272,-82.29044689850737
15,True,3.0,0.5,1.5,0.2,60,400,42.75,0.6464199136536248,-0.200157180651214,-80.06287226048559
15,True,3.0,0.5,1.5,0.2,70,362,42.26519337016575,0.6700742434809089,-0.1881974413240416,-68.12747375930306
15,True,3.0,0.5,1.5,0.45,0,960,41.14583333333333,0.5867480908750605,-0.25573970652968187,-245.51011826849458
15,True,3.0,0.5,1.5,0.45,60,943,41.251325556733825,0.5894474476893329,-0.2536163000480731,-239.16017094533294
15,True,3.0,0.5,1.5,0.45,70,775,42.193548387096776,0.628017684380201,-0.22445603028080668,-173.95342346762519
15,True,3.0,1.0,0.0,0.2,0,400,33.0,0.829776334561505,-0.11593096767234654,-46.372387068938615
15,True,3.0,1.0,0.0,0.2,60,397,33.249370277078086,0.8397209189461404,-0.10868057397627759,-43.1461878685822
15,True,3.0,1.0,0.0,0.2,70,356,33.42696629213483,0.8737493083013578,-0.08538205060965467,-30.396010017037064
15,True,3.0,1.0,0.0,0.45,0,948,29.324894514767934,0.7379898859596448,-0.19250443077130064,-182.49420037119302
15,True,3.0,1.0,0.0,0.45,60,926,29.589632829373652,0.7425740644258073,-0.18806751463294127,-174.1505185501036
15,True,3.0,1.0,0.0,0.45,70,742,30.05390835579515,0.7636604592717023,-0.1706703144836475,-126.63737334686644
15,True,3.0,1.0,1.5,0.2,0,401,46.13466334164589,0.7253840210801841,-0.15196215125900295,-60.93682265486019
15,True,3.0,1.0,1.5,0.2,60,398,46.231155778894475,0.7285606911352448,-0.14985202489709623,-59.6411059090443
15,True,3.0,1.0,1.5,0.2,70,357,45.65826330532213,0.7473941668654,-0.1409017788308928,-50.30193504262873
15,True,3.0,1.0,1.5,0.45,0,951,43.84858044164038,0.6327439505594602,-0.21856931012036102,-207.85941392446333
15,True,3.0,1.0,1.5,0.45,60,929,44.13347685683531,0.6349980056167778,-0.21580798489927408,-200.48561797142563
15,True,3.0,1.0,1.5,0.45,70,745,44.69798657718121,0.670914209954963,-0.1919386927718096,-142.99432611499816
15,False,0.6,0.5,0.0,0.2,0,1169,56.37296834901625,0.6688971172174766,-0.15474957708730913,-180.90225561506438
15,False,0.6,0.5,0.0,0.2,60,796,55.0251256281407,0.6380065939998094,-0.17371938690268904,-138.28063197454048
15,False,0.6,0.5,0.0,0.2,70,435,57.931034482758626,0.7172149925133539,-0.12704508793001462,-55.264613249556355
15,False,0.6,0.5,0.0,0.45,0,2098,57.19733079122974,0.6664766791377573,-0.1557988499689208,-326.86598723479585
15,False,0.6,0.5,0.0,0.45,60,1322,56.278366111951584,0.6481939958244936,-0.16725328657467387,-221.10884485171886
15,False,0.6,0.5,0.0,0.45,70,675,57.925925925925924,0.6967941940186811,-0.1384034203244532,-93.42230871900591
15,False,0.6,0.5,1.5,0.2,0,1169,56.37296834901625,0.6688971172174766,-0.15474957708730913,-180.90225561506438
15,False,0.6,0.5,1.5,0.2,60,796,55.0251256281407,0.6380065939998094,-0.17371938690268904,-138.28063197454048
15,False,0.6,0.5,1.5,0.2,70,435,57.931034482758626,0.7172149925133539,-0.12704508793001462,-55.264613249556355
15,False,0.6,0.5,1.5,0.45,0,2098,57.19733079122974,0.6664766791377573,-0.1557988499689208,-326.86598723479585
15,False,0.6,0.5,1.5,0.45,60,1322,56.278366111951584,0.6481939958244936,-0.16725328657467387,-221.10884485171886
15,False,0.6,0.5,1.5,0.45,70,675,57.925925925925924,0.6967941940186811,-0.1384034203244532,-93.42230871900591
15,False,0.6,1.0,0.0,0.2,0,1163,58.7274290627687,0.7683075312376547,-0.09977654164622099,-116.04011793455501
15,False,0.6,1.0,0.0,0.2,60,801,57.05368289637952,0.7227102910748854,-0.12372054951263751,-99.10016015962265
15,False,0.6,1.0,0.0,0.2,70,446,58.52017937219731,0.7671085447098921,-0.10048521108054963,-44.81640414192513
15,False,0.6,1.0,0.0,0.45,0,2528,57.23892405063291,0.687303936314804,-0.14356236462562574,-362.92565777358186
15,False,0.6,1.0,0.0,0.45,60,1499,57.03802535023349,0.6911773437249714,-0.14135023545179431,-211.88400294223968
15,False,0.6,1.0,0.0,0.45,70,759,57.971014492753625,0.7251615172317897,-0.12262252617476202,-93.07049736664437
15,False,0.6,1.0,1.5,0.2,0,1163,58.7274290627687,0.7683075312376547,-0.09977654164622099,-116.04011793455501
15,False,0.6,1.0,1.5,0.2,60,801,57.05368289637952,0.7227102910748854,-0.12372054951263751,-99.10016015962265
15,False,0.6,1.0,1.5,0.2,70,446,58.52017937219731,0.7671085447098921,-0.10048521108054963,-44.81640414192513
15,False,0.6,1.0,1.5,0.45,0,2528,57.23892405063291,0.687303936314804,-0.14356236462562574,-362.92565777358186
15,False,0.6,1.0,1.5,0.45,60,1499,57.03802535023349,0.6911773437249714,-0.14135023545179431,-211.88400294223968
15,False,0.6,1.0,1.5,0.45,70,759,57.971014492753625,0.7251615172317897,-0.12262252617476202,-93.07049736664437
15,False,1.0,0.5,0.0,0.2,0,1165,47.38197424892704,0.8021085871734285,-0.1111838831823709,-129.5292239074621
15,False,1.0,0.5,0.0,0.2,60,898,47.55011135857461,0.810698667544285,-0.10559302862883373,-94.82253970869269
15,False,1.0,0.5,0.0,0.2,70,515,47.96116504854369,0.8273498193509309,-0.0952688574346069,-49.063461578822555
15,False,1.0,0.5,0.0,0.45,0,2675,45.570093457943926,0.7060523200774875,-0.1770274102062825,-473.5483223018056
15,False,1.0,0.5,0.0,0.45,60,1739,46.06095457159287,0.7295863313163509,-0.1596413887999992,-277.6163751231986
15,False,1.0,0.5,0.0,0.45,70,910,47.14285714285714,0.7719756564843903,-0.13090570504990892,-119.12419159541712
15,False,1.0,0.5,1.5,0.2,0,1165,47.38197424892704,0.8021085871734285,-0.1111838831823709,-129.5292239074621
15,False,1.0,0.5,1.5,0.2,60,898,47.55011135857461,0.810698667544285,-0.10559302862883373,-94.82253970869269
15,False,1.0,0.5,1.5,0.2,70,515,47.96116504854369,0.8273498193509309,-0.0952688574346069,-49.063461578822555
15,False,1.0,0.5,1.5,0.45,0,2675,45.570093457943926,0.7060523200774875,-0.1770274102062825,-473.5483223018056
15,False,1.0,0.5,1.5,0.45,60,1739,46.06095457159287,0.7295863313163509,-0.1596413887999992,-277.6163751231986
15,False,1.0,0.5,1.5,0.45,70,910,47.14285714285714,0.7719756564843903,-0.13090570504990892,-119.12419159541712
15,False,1.0,1.0,0.0,0.2,0,1155,49.43722943722943,0.8872271747392974,-0.05867210028157698,-67.76627582522141
15,False,1.0,1.0,0.0,0.2,60,901,48.723640399556054,0.8571728486453952,-0.07508971467354678,-67.65583292086565
15,False,1.0,1.0,0.0,0.2,70,521,47.408829174664106,0.8072836389150648,-0.10437547175168006,-54.37962078262531
15,False,1.0,1.0,0.0,0.45,0,2635,46.37571157495256,0.7503381052740024,-0.1428872553343983,-376.5079178061395
15,False,1.0,1.0,0.0,0.45,60,1747,46.88036634230109,0.7674534582384971,-0.13048364219444533,-227.954922913696
15,False,1.0,1.0,0.0,0.45,70,930,46.55913978494623,0.7667169196325486,-0.13061966511402098,-121.4762885560395
15,False,1.0,1.0,1.5,0.2,0,1155,49.43722943722943,0.8872271747392974,-0.05867210028157698,-67.76627582522141
15,False,1.0,1.0,1.5,0.2,60,901,48.723640399556054,0.8571728486453952,-0.07508971467354678,-67.65583292086565
15,False,1.0,1.0,1.5,0.2,70,521,47.408829174664106,0.8072836389150648,-0.10437547175168006,-54.37962078262531
15,False,1.0,1.0,1.5,0.45,0,2635,46.37571157495256,0.7503381052740024,-0.1428872553343983,-376.5079178061395
15,False,1.0,1.0,1.5,0.45,60,1747,46.88036634230109,0.7674534582384971,-0.13048364219444533,-227.954922913696
15,False,1.0,1.0,1.5,0.45,70,930,46.55913978494623,0.7667169196325486,-0.13061966511402098,-121.4762885560395
15,False,1.5,0.5,0.0,0.2,0,1158,38.34196891191709,0.816164812069004,-0.12078547691973901,-139.86958227305777
15,False,1.5,0.5,0.0,0.2,60,971,37.48712667353244,0.7876421147482081,-0.14090099192225622,-136.8148631565108
15,False,1.5,0.5,0.0,0.2,70,579,37.30569948186528,0.7764219000971213,-0.14886599302857592,-86.19340996354546
15,False,1.5,0.5,0.0,0.45,0,2652,36.53846153846153,0.724769813630734,-0.19233715405054194,-510.0781325420372
15,False,1.5,0.5,0.0,0.45,60,1941,36.78516228748068,0.7352959660722336,-0.18259182526845621,-354.41073284607353
15,False,1.5,0.5,0.0,0.45,70,1096,36.13138686131387,0.7240852455798484,-0.19058200747563664,-208.87788019329776
15,False,1.5,0.5,1.5,0.2,0,1162,44.061962134251296,0.7603700199554105,-0.13553465849193982,-157.4912731676341
15,False,1.5,0.5,1.5,0.2,60,974,43.53182751540041,0.7313590128178049,-0.1526432047381046,-148.67448141491388
15,False,1.5,0.5,1.5,0.2,70,580,43.44827586206896,0.7389745508609293,-0.1484411911843351,-86.09589088691436
15,False,1.5,0.5,1.5,0.45,0,2662,42.11119459053344,0.6719521281522216,-0.19900016002259466,-529.738425980147
15,False,1.5,0.5,1.5,0.45,60,1949,42.893791688045155,0.680036411201809,-0.19013813591401668,-370.5792268964185
15,False,1.5,0.5,1.5,0.45,70,1098,43.62477231329691,0.7052900246098806,-0.172973908126075,-189.92535112243036
15,False,1.5,1.0,0.0,0.2,0,1142,41.24343257443082,0.909175903835834,-0.0542626520721442,-61.96794866638868
15,False,1.5,1.0,0.0,0.2,60,944,40.57203389830508,0.8783134971566398,-0.07346630867943654,-69.3521953933881
15,False,1.5,1.0,0.0,0.2,70,565,40.0,0.8592994250462355,-0.08588382239117573,-48.52435965101429
15,False,1.5,1.0,0.0,0.45,0,2605,38.54126679462572,0.7856220434813193,-0.1389928979538892,-362.07649916988134
15,False,1.5,1.0,0.0,0.45,60,1891,39.13273400317293,0.8036348640298698,-0.12497591008543883,-236.32944597156484
15,False,1.5,1.0,0.0,0.45,70,1072,37.593283582089555,0.7618443148932589,-0.1537674551785805,-164.8387119514383
15,False,1.5,1.0,1.5,0.2,0,1150,48.78260869565217,0.8459332904021936,-0.0801974605981447,-92.22707968786641
15,False,1.5,1.0,1.5,0.2,60,952,47.89915966386555,0.803920137387645,-0.10431120271344328,-99.30426498319801
15,False,1.5,1.0,1.5,0.2,70,569,46.22144112478031,0.7489757880249439,-0.13796951157672135,-78.50465208715445
15,False,1.5,1.0,1.5,0.45,0,2623,45.74914220358368,0.7206909053719877,-0.16025832921485028,-420.35759753055225
15,False,1.5,1.0,1.5,0.45,60,1907,46.51284740429995,0.7385787016406375,-0.1472904664452935,-280.8829195111747
15,False,1.5,1.0,1.5,0.45,70,1081,45.328399629972246,0.6960128349618215,-0.17342020844533684,-187.46724532940914
15,False,2.0,0.5,0.0,0.2,0,1150,33.65217391304348,0.8436831197107142,-0.10991551445726729,-126.40284162585738
15,False,2.0,0.5,0.0,0.2,60,952,32.668067226890756,0.8088300410145797,-0.135797264794049,-129.27899608393463
15,False,2.0,0.5,0.0,0.2,70,568,33.098591549295776,0.8360330021156226,-0.11584560168209394,-65.80030175542936
15,False,2.0,0.5,0.0,0.45,0,2634,31.207289293849662,0.7307323628567467,-0.20282166899095094,-534.2322761221648
15,False,2.0,0.5,0.0,0.45,60,1922,31.685744016649327,0.7514292896991097,-0.18416227244451885,-353.9598876383652
15,False,2.0,0.5,0.0,0.45,70,1090,31.10091743119266,0.7436739972542317,-0.1901412155041608,-207.25392489953526
15,False,2.0,0.5,1.5,0.2,0,1161,43.84151593453919,0.7553565351552449,-0.13852417452336654,-160.82656662162856
15,False,2.0,0.5,1.5,0.2,60,962,43.03534303534304,0.7211864214331579,-0.15918703601354423,-153.13792864502955
15,False,2.0,0.5,1.5,0.2,70,573,43.280977312390924,0.7292266626971158,-0.1533983677723641,-87.89726473356463
15,False,2.0,0.5,1.5,0.45,0,2659,41.933057540428734,0.665549521372029,-0.2030950583972542,-540.0297602782989
15,False,2.0,0.5,1.5,0.45,60,1944,42.6440329218107,0.6717356513035273,-0.19537690235144645,-379.8126981712119
15,False,2.0,0.5,1.5,0.45,70,1101,43.23342415985468,0.684973168080764,-0.18573721976823263,-204.49667896482413
15,False,2.0,1.0,0.0,0.2,0,1139,37.050043898156275,0.8965502494601099,-0.06599113949831652,-75.16390788858251
15,False,2.0,1.0,0.0,0.2,60,924,36.25541125541126,0.8487169032233425,-0.09771393214059024,-90.28767329790539
15,False,2.0,1.0,0.0,0.2,70,549,36.6120218579235,0.8841644076777769,-0.07452057786830747,-40.911797249700804
15,False,2.0,1.0,0.0,0.45,0,2593,34.168916313150795,0.7930710916649393,-0.1428754178465259,-370.4759584760417
15,False,2.0,1.0,0.0,0.45,60,1856,34.59051724137931,0.7985019172008753,-0.13726654249500955,-254.76670287073773
15,False,2.0,1.0,0.0,0.45,70,1045,33.875598086124405,0.7900890501826888,-0.14300643054485698,-149.44171991937554
15,False,2.0,1.0,1.5,0.2,0,1149,48.738033072236725,0.8530787361901964,-0.0764286089952032,-87.81647173548848
15,False,2.0,1.0,1.5,0.2,60,934,48.0728051391863,0.8162027453801238,-0.09730819672545993,-90.88585574157958
15,False,2.0,1.0,1.5,0.2,70,553,46.835443037974684,0.7748632197399782,-0.12240166166936466,-67.68811890315865
15,False,2.0,1.0,1.5,0.45,0,2620,45.76335877862596,0.720725207930357,-0.16020197420984464,-419.7291724297929
15,False,2.0,1.0,1.5,0.45,60,1878,46.75186368477103,0.7411643970920944,-0.14522910727351598,-272.740263459663
15,False,2.0,1.0,1.5,0.45,70,1057,45.6953642384106,0.7001147624294433,-0.17055822815008645,-180.28004715464138
15,False,3.0,0.5,0.0,0.2,0,1145,29.781659388646286,0.8713049377150551,-0.0957098618668997,-109.58779183760015
15,False,3.0,0.5,0.0,0.2,60,925,28.756756756756758,0.8246541369863088,-0.13190726206964062,-122.01421741441759
15,False,3.0,0.5,0.0,0.2,70,541,29.390018484288355,0.8665599683445234,-0.09929775986612407,-53.720088087573124
15,False,3.0,0.5,0.0,0.45,0,2619,26.765941198930886,0.7517662855229859,-0.19869834435333203,-520.3909638613766
15,False,3.0,0.5,0.0,0.45,60,1858,27.233584499461788,0.7694214270061984,-0.18197648489980256,-338.11230894383317
15,False,3.0,0.5,0.0,0.45,70,1034,27.079303675048354,0.776232498596071,-0.17536151404759182,-181.32380552520993
15,False,3.0,0.5,1.5,0.2,0,1161,43.75538329026701,0.7558092089144323,-0.13830373614807884,-160.57063766791953
15,False,3.0,0.5,1.5,0.2,60,939,43.024494142705,0.7282319632041484,-0.1545798161004919,-145.1504473183619
15,False,3.0,0.5,1.5,0.2,70,547,44.05850091407678,0.7620692977911118,-0.13224225762178643,-72.33651491911718
15,False,3.0,0.5,1.5,0.45,0,2656,41.94277108433735,0.6576908041984445,-0.20782318136385639,-551.9783697024026
15,False,3.0,0.5,1.5,0.45,60,1889,42.87983059820011,0.6639484904465992,-0.1992879378598461,-376.4549146172493
15,False,3.0,0.5,1.5,0.45,70,1050,43.61904761904762,0.6836070726301222,-0.1849208274400429,-194.16686881204504
15,False,3.0,1.0,0.0,0.2,0,1131,34.748010610079575,0.8916453607061037,-0.07160323898190732,-80.98326328853717
15,False,3.0,1.0,0.0,0.2,60,879,34.243458475540386,0.8564748019332195,-0.09557470541830117,-84.01016606268672
15,False,3.0,1.0,0.0,0.2,70,512,34.765625,0.8902608345990136,-0.07237511965074665,-37.056061261182286
15,False,3.0,1.0,0.0,0.45,0,2578,31.10938712179985,0.7850098654845097,-0.1547664648355509,-398.9879463460502
15,False,3.0,1.0,0.0,0.45,60,1761,31.45939806927882,0.777269441230596,-0.15839999164615903,-278.94238528888604
15,False,3.0,1.0,0.0,0.45,70,960,30.625000000000004,0.7572999861580263,-0.1723466463584064,-165.45278050407015
60,True,0.6,0.5,0.0,0.2,0,316,57.27848101265823,0.7570978404414256,-0.10232973813328441,-32.33619725011788
60,True,0.6,0.5,0.0,0.2,60,299,55.51839464882943,0.7053470792662839,-0.1291033206376697,-38.601892870663235
60,True,0.6,0.5,0.0,0.2,70,232,55.603448275862064,0.7172705486893348,-0.12174314628135299,-28.244409937273893
60,True,0.6,0.5,0.0,0.45,0,359,58.77437325905292,0.7977922525891551,-0.082770222201747,-29.714509770427174
60,True,0.6,0.5,0.0,0.45,60,333,57.05705705705706,0.7458013225123414,-0.10806514401878899,-35.985692958256735
60,True,0.6,0.5,0.0,0.45,70,255,57.25490196078431,0.763060237784933,-0.09859821208733409,-25.14254408227019
15,False,3.0,1.0,1.5,0.2,0,1149,48.738033072236725,0.861598341097681,-0.07199670080585695,-82.72420922592963
15,False,3.0,1.0,1.5,0.2,60,896,47.767857142857146,0.8195660233326695,-0.09593301253798041,-85.95597923403045
15,False,3.0,1.0,1.5,0.2,70,524,46.75572519083969,0.7907639524363073,-0.11376052192189963,-59.61051348707541
15,False,3.0,1.0,1.5,0.45,0,2619,45.780832378770526,0.7221388874009106,-0.15933466145071612,-417.29747833942554
15,False,3.0,1.0,1.5,0.45,60,1793,46.458449525934185,0.7235132092030284,-0.15593109521235707,-279.58445371575624
15,False,3.0,1.0,1.5,0.45,70,981,45.361875637104994,0.6908943593815925,-0.17675585268608246,-173.39749148504688
60,True,0.6,0.5,1.5,0.2,0,316,57.27848101265823,0.7570978404414256,-0.10232973813328441,-32.33619725011788
60,True,0.6,0.5,1.5,0.2,60,299,55.51839464882943,0.7053470792662839,-0.1291033206376697,-38.601892870663235
60,True,0.6,0.5,1.5,0.2,70,232,55.603448275862064,0.7172705486893348,-0.12174314628135299,-28.244409937273893
60,True,0.6,0.5,1.5,0.45,0,359,58.77437325905292,0.7977922525891551,-0.082770222201747,-29.714509770427174
60,True,0.6,0.5,1.5,0.45,60,333,57.05705705705706,0.7458013225123414,-0.10806514401878899,-35.985692958256735
60,True,0.6,0.5,1.5,0.45,70,255,57.25490196078431,0.763060237784933,-0.09859821208733409,-25.14254408227019
60,True,0.6,1.0,0.0,0.45,0,359,59.888579387186624,0.9167264812238964,-0.029584041717669277,-10.62067097664327
60,True,0.6,1.0,0.0,0.45,60,335,58.507462686567166,0.8652043216255287,-0.04940047368156546,-16.54915868332443
60,True,0.6,1.0,0.0,0.45,70,255,58.03921568627452,0.8574162688376277,-0.05143123683841838,-13.114965393796687
60,True,0.6,1.0,0.0,0.2,0,311,59.163987138263664,0.8785127065584374,-0.04429228926679083,-13.774901961971949
60,True,0.6,1.0,0.0,0.2,60,296,58.108108108108105,0.8377604573130817,-0.0607233782225522,-17.97411995387545
60,True,0.6,1.0,0.0,0.2,70,230,56.95652173913044,0.7991169244234386,-0.07584044346339558,-17.443301996580985
60,True,0.6,1.0,1.5,0.2,0,311,59.163987138263664,0.8785127065584374,-0.04429228926679083,-13.774901961971949
60,True,0.6,1.0,1.5,0.2,60,296,58.108108108108105,0.8377604573130817,-0.0607233782225522,-17.97411995387545
60,True,0.6,1.0,1.5,0.2,70,230,56.95652173913044,0.7991169244234386,-0.07584044346339558,-17.443301996580985
60,True,0.6,1.0,1.5,0.45,0,359,59.888579387186624,0.9167264812238964,-0.029584041717669277,-10.62067097664327
60,True,0.6,1.0,1.5,0.45,60,335,58.507462686567166,0.8652043216255287,-0.04940047368156546,-16.54915868332443
60,True,0.6,1.0,1.5,0.45,70,255,58.03921568627452,0.8574162688376277,-0.05143123683841838,-13.114965393796687
60,True,1.0,0.5,0.0,0.2,0,310,46.45161290322581,0.8048149360295609,-0.09959796681584458,-30.87536971291182
60,True,1.0,0.5,0.0,0.2,60,307,46.25407166123778,0.7981040841944969,-0.1033031822876619,-31.714076962312205
60,True,1.0,0.5,0.0,0.2,70,251,45.0199203187251,0.759607629550918,-0.12484453625295723,-31.335978599492265
60,True,1.0,0.5,0.0,0.45,0,357,47.61904761904761,0.8499042811853214,-0.07475992633589715,-26.689293701915282
60,True,1.0,0.5,0.0,0.45,60,347,46.97406340057637,0.8279764056412915,-0.08650204575427195,-30.01620987673237
60,True,1.0,0.5,0.0,0.45,70,282,46.09929078014184,0.8058641453351143,-0.09794914302846709,-27.62165833402772
60,True,1.0,0.5,1.5,0.2,0,310,46.45161290322581,0.8048149360295609,-0.09959796681584458,-30.87536971291182
60,True,1.0,0.5,1.5,0.2,60,307,46.25407166123778,0.7981040841944969,-0.1033031822876619,-31.714076962312205
60,True,1.0,0.5,1.5,0.2,70,251,45.0199203187251,0.759607629550918,-0.12484453625295723,-31.335978599492265
60,True,1.0,0.5,1.5,0.45,0,357,47.61904761904761,0.8499042811853214,-0.07475992633589715,-26.689293701915282
60,True,1.0,0.5,1.5,0.45,60,347,46.97406340057637,0.8279764056412915,-0.08650204575427195,-30.01620987673237
60,True,1.0,0.5,1.5,0.45,70,282,46.09929078014184,0.8058641453351143,-0.09794914302846709,-27.62165833402772
60,True,1.0,1.0,0.0,0.2,0,307,48.85993485342019,0.8927199888330473,-0.046520752295780836,-14.281870954804717
60,True,1.0,1.0,0.0,0.2,60,304,48.68421052631579,0.8851824935538869,-0.04987381692351658,-15.16164034474904
60,True,1.0,1.0,0.0,0.2,70,251,47.808764940239044,0.8288490650974846,-0.07557833097948716,-18.970161075851276
60,True,1.0,1.0,0.0,0.45,0,353,49.57507082152974,0.9286663823978715,-0.030253477902342722,-10.67947769952698
60,True,1.0,1.0,0.0,0.45,60,343,49.27113702623907,0.9181953279125455,-0.03467406843612863,-11.893205473592118
60,True,1.0,1.0,0.0,0.45,70,283,48.76325088339223,0.8783673189629438,-0.05167372682836855,-14.6236646924283
60,True,1.0,1.0,1.5,0.45,0,353,49.57507082152974,0.9286663823978715,-0.030253477902342722,-10.67947769952698
60,True,1.0,1.0,1.5,0.45,60,343,49.27113702623907,0.9181953279125455,-0.03467406843612863,-11.893205473592118
60,True,1.0,1.0,1.5,0.45,70,283,48.76325088339223,0.8783673189629438,-0.05167372682836855,-14.6236646924283
60,True,1.0,1.0,1.5,0.2,0,307,48.85993485342019,0.8927199888330473,-0.046520752295780836,-14.281870954804717
60,True,1.0,1.0,1.5,0.2,60,304,48.68421052631579,0.8851824935538869,-0.04987381692351658,-15.16164034474904
60,True,1.0,1.0,1.5,0.2,70,251,47.808764940239044,0.8288490650974846,-0.07557833097948716,-18.970161075851276
60,True,1.5,0.5,0.0,0.2,0,309,40.45307443365696,0.8063211017992533,-0.10865071303905889,-33.573070329069196
60,True,1.5,0.5,0.0,0.2,60,306,40.19607843137255,0.7944046788102327,-0.11572476332833197,-35.41177757846958
60,True,1.5,0.5,0.0,0.2,70,265,39.24528301886793,0.7445644133263362,-0.1453905211792291,-38.52848811249571
60,True,1.5,0.5,0.0,0.45,0,355,40.845070422535215,0.8213575824617998,-0.10007423499077274,-35.52635342172432
60,True,1.5,0.5,0.0,0.45,60,348,40.229885057471265,0.7934422060239567,-0.11673893715488932,-40.625150129901485
60,True,1.5,0.5,0.0,0.45,70,300,40.33333333333333,0.7888269682298447,-0.11738907713386261,-35.216723140158784
60,True,1.5,0.5,1.5,0.2,0,309,42.71844660194174,0.7670263685782883,-0.11976876713585234,-37.00854904497837
60,True,1.5,0.5,1.5,0.2,60,306,42.48366013071895,0.7537403403417131,-0.12695181795548613,-38.84725629437876
60,True,1.5,0.5,1.5,0.2,70,265,41.509433962264154,0.6983125349693999,-0.15667454658203883,-41.51875484424029
60,True,1.5,0.5,1.5,0.45,0,355,44.225352112676056,0.8155058086649883,-0.0924581930965395,-32.82265854927152
60,True,1.5,0.5,1.5,0.45,60,348,43.67816091954023,0.7841872078589407,-0.10896969901565716,-37.92145525744869
60,True,1.5,0.5,1.5,0.45,70,300,43.333333333333336,0.7586201332521377,-0.12161488483649917,-36.48446545094975
60,True,1.5,1.0,0.0,0.2,0,307,45.928338762214985,0.8794660317301422,-0.05531637735290017,-16.98212784734035
60,True,1.5,1.0,0.0,0.2,60,304,45.723684210526315,0.8668342551207775,-0.061244704688710676,-18.618390225368046
60,True,1.5,1.0,0.0,0.2,70,261,44.827586206896555,0.8144772642557594,-0.08626883652902834,-22.516166334076395
60,True,1.5,1.0,0.0,0.45,0,353,46.45892351274787,0.9044566547826157,-0.043060178093426035,-15.20024286697939
60,True,1.5,1.0,0.0,0.45,60,346,46.24277456647399,0.8893831297424882,-0.05012847809248056,-17.344453419998274
60,True,1.5,1.0,0.0,0.45,70,294,45.91836734693878,0.8610257643030497,-0.0623105322683441,-18.319296486893165
60,True,1.5,1.0,1.5,0.2,0,307,47.88273615635179,0.8735867334477669,-0.05500053739022148,-16.885164978797995
60,True,1.5,1.0,1.5,0.2,60,304,47.69736842105263,0.8602093144294823,-0.06092574788429504,-18.521427356825694
60,True,1.5,1.0,1.5,0.2,70,261,47.509578544061306,0.8262268378031441,-0.0759152134865745,-19.813870719995943
60,True,1.5,1.0,1.5,0.45,0,353,48.725212464589234,0.8886226858371804,-0.0473766307848518,-16.723950667052684
60,True,1.5,1.0,1.5,0.45,60,346,48.26589595375722,0.8733407288228303,-0.054182935229955605,-18.74729558956464
60,True,1.5,1.0,1.5,0.45,70,294,48.29931972789115,0.8489788390559185,-0.06393913553370853,-18.798105846910307
60,True,2.0,0.5,0.0,0.2,0,309,37.86407766990291,0.7788651031571675,-0.12972678114349,-40.085575373338415
60,True,2.0,0.5,0.0,0.2,60,306,37.58169934640523,0.7633703231790808,-0.1393240448539712,-42.63315772531519
60,True,2.0,0.5,0.0,0.2,70,263,36.88212927756654,0.7409756503211019,-0.15317937776911364,-40.286176353276886
60,True,2.0,0.5,0.0,0.45,0,355,38.309859154929576,0.7932606349933645,-0.12056784642935346,-42.80158548242048
60,True,2.0,0.5,0.0,0.45,60,348,38.2183908045977,0.7793649042678301,-0.12905121506713318,-44.90982284336235
60,True,2.0,0.5,0.0,0.45,70,297,38.38383838383838,0.7888948566119509,-0.12109462536190314,-35.96510373248523
60,True,2.0,0.5,1.5,0.2,0,309,42.07119741100323,0.7464450672420206,-0.13076228542232124,-40.405546195497266
60,True,2.0,0.5,1.5,0.2,60,306,41.830065359477125,0.7285783407809426,-0.14036970113553607,-42.95312854747404
60,True,2.0,0.5,1.5,0.2,70,263,41.06463878326996,0.6874820443489112,-0.16282094021934007,-42.821907277686435
60,True,2.0,0.5,1.5,0.45,0,355,43.66197183098591,0.7771593339091859,-0.11199119454401307,-39.75687406312464
60,True,2.0,0.5,1.5,0.45,60,348,43.103448275862064,0.7553537327555965,-0.12388227281930873,-43.11103094111944
60,True,2.0,0.5,1.5,0.45,70,297,43.09764309764309,0.7345293086375001,-0.133586956674997,-39.67532613247411
60,True,2.0,1.0,0.0,0.45,0,353,45.3257790368272,0.8747204884729866,-0.05714922648920044,-20.173676950687756
60,True,2.0,1.0,0.0,0.45,60,346,45.08670520231214,0.8630777382610155,-0.06281575611231208,-21.73425161485998
60,True,2.0,1.0,0.0,0.45,70,293,45.051194539249146,0.8347227670696782,-0.07484925174151767,-21.93083076026468
60,True,2.0,1.0,0.0,0.2,0,307,45.27687296416938,0.834350163096849,-0.07676671936909266,-23.567382846311446
60,True,2.0,1.0,0.0,0.2,60,304,45.06578947368421,0.8291725394330183,-0.07934213597201474,-24.12000933549248
60,True,2.0,1.0,0.0,0.2,70,260,44.230769230769226,0.781757419796579,-0.10215016034469326,-26.559041689620248
60,True,2.0,1.0,1.5,0.2,0,307,47.88273615635179,0.8095683011290661,-0.08285400780863837,-25.43618039725198
60,True,2.0,1.0,1.5,0.2,60,304,47.69736842105263,0.8004496243091888,-0.0869711442499631,-26.439227851988782
60,True,2.0,1.0,1.5,0.2,70,260,47.69230769230769,0.7792971002026848,-0.09589451739802943,-24.932574523487652
60,True,2.0,1.0,1.5,0.45,0,353,48.725212464589234,0.8602985708356681,-0.05942487551781994,-20.97698105779044
60,True,2.0,1.0,1.5,0.45,60,346,48.26589595375722,0.8488847646699064,-0.06464482964454192,-22.367111057011506
60,True,2.0,1.0,1.5,0.45,70,293,48.4641638225256,0.8264732638828386,-0.07309491348260073,-21.416809650402016
60,True,3.0,0.5,0.0,0.45,0,355,37.74647887323944,0.738482150935282,-0.15379368905465557,-54.59675961440273
60,True,3.0,0.5,0.0,0.45,60,348,37.64367816091954,0.725975814154892,-0.16164679396940812,-56.25308430135402
60,True,3.0,0.5,0.0,0.45,70,292,38.013698630136986,0.7439082757350848,-0.14757166159349244,-43.090925185299795
60,True,3.0,0.5,0.0,0.2,0,309,37.54045307443366,0.6948129087312256,-0.17970446538021279,-55.52867980248575
60,True,3.0,0.5,0.0,0.2,60,306,37.254901960784316,0.6868916298975546,-0.1850468937270325,-56.62434948047195
60,True,3.0,0.5,0.0,0.2,70,259,37.06563706563706,0.6974239910585694,-0.17800430034554032,-46.10311378949494
60,True,3.0,0.5,1.5,0.45,0,355,43.66197183098591,0.7253981589415689,-0.1380043810835953,-48.99155528467633
60,True,3.0,0.5,1.5,0.45,60,348,43.103448275862064,0.7078234243960948,-0.14795033931261567,-51.486718080790254
60,True,3.0,0.5,1.5,0.45,70,292,43.15068493150685,0.6818832035809452,-0.15937542181311157,-46.53762316942858
60,True,3.0,0.5,1.5,0.2,0,309,42.07119741100323,0.6593473099069618,-0.17567997517266037,-54.28511232835206
60,True,3.0,0.5,1.5,0.2,60,306,41.830065359477125,0.646301091379875,-0.1829205901910064,-55.97370059844796
60,True,3.0,0.5,1.5,0.2,70,259,41.312741312741316,0.6236956725077144,-0.19448754792348424,-50.37227491218242
60,True,3.0,1.0,0.0,0.45,0,352,44.60227272727273,0.8416363594869968,-0.07273784575782169,-25.603721706753234
60,True,3.0,1.0,0.0,0.45,60,342,44.15204678362573,0.8304755019785601,-0.07846800343844872,-26.836057175949463
60,True,3.0,1.0,0.0,0.45,70,280,44.285714285714285,0.7934823561713941,-0.09390228219232115,-26.29263901384992
60,True,3.0,1.0,0.0,0.2,0,307,44.62540716612378,0.7976397937246902,-0.09420607637095467,-28.921265445883083
60,True,3.0,1.0,0.0,0.2,60,302,44.03973509933775,0.7882836448695286,-0.09943839238086849,-30.030394499022286
60,True,3.0,1.0,0.0,0.2,70,249,43.373493975903614,0.7308566491886527,-0.12687641637348207,-31.592227676997037
60,True,3.0,1.0,1.5,0.45,0,353,48.725212464589234,0.8088217482222754,-0.08132160051306274,-28.706524981111148
60,True,3.0,1.0,1.5,0.45,60,343,48.10495626822158,0.7946986619292337,-0.08794670916894613,-30.165721244948525
60,True,3.0,1.0,1.5,0.45,70,281,48.04270462633452,0.7777815699666724,-0.09407974417503935,-26.436408113186058
60,True,3.0,1.0,1.5,0.2,0,307,47.88273615635179,0.7765200790131328,-0.09723279909963531,-29.85046932358804
60,True,3.0,1.0,1.5,0.2,60,302,47.35099337748344,0.7584621633821007,-0.10596792906957131,-32.00231457901054
60,True,3.0,1.0,1.5,0.2,70,249,46.98795180722892,0.7412561859504938,-0.1138644862343779,-28.3522570723601
60,False,0.6,0.5,0.0,0.2,0,907,58.10363836824697,0.7650795906548175,-0.09877833986308752,-89.59195425582038
60,False,0.6,0.5,0.0,0.2,60,567,56.4373897707231,0.7272346826618358,-0.1173102413051214,-66.51490682000383
60,False,0.6,0.5,0.0,0.2,70,309,55.663430420711975,0.7214851277555626,-0.11903342819233649,-36.781329311431975
60,False,0.6,0.5,0.0,0.45,0,1057,58.46736045411542,0.7704544850168942,-0.09629923252343363,-101.78828877726934
60,False,0.6,0.5,0.0,0.45,60,641,56.31825273010921,0.7156822015773135,-0.12382506756527467,-79.37186830934107
60,False,0.6,0.5,0.0,0.45,70,343,56.559766763848394,0.74492299546898,-0.10709366022930222,-36.73312545865066
60,False,0.6,0.5,1.5,0.2,0,907,58.10363836824697,0.7650795906548175,-0.09877833986308752,-89.59195425582038
60,False,0.6,0.5,1.5,0.2,60,567,56.4373897707231,0.7272346826618358,-0.1173102413051214,-66.51490682000383
60,False,0.6,0.5,1.5,0.2,70,309,55.663430420711975,0.7214851277555626,-0.11903342819233649,-36.781329311431975
60,False,0.6,0.5,1.5,0.45,0,1057,58.46736045411542,0.7704544850168942,-0.09629923252343363,-101.78828877726934
60,False,0.6,0.5,1.5,0.45,60,641,56.31825273010921,0.7156822015773135,-0.12382506756527467,-79.37186830934107
60,False,0.6,0.5,1.5,0.45,70,343,56.559766763848394,0.74492299546898,-0.10709366022930222,-36.73312545865066
60,False,0.6,1.0,0.0,0.2,0,895,57.20670391061452,0.8113139238224109,-0.07256237423440762,-64.94332493979482
60,False,0.6,1.0,0.0,0.2,60,570,54.736842105263165,0.7551353642796312,-0.09673829838280422,-55.140830078198405
60,False,0.6,1.0,0.0,0.2,70,307,54.72312703583062,0.7673575595639457,-0.08825079704386576,-27.09299469246679
60,False,0.6,1.0,0.0,0.45,0,1073,56.66356011183598,0.7866389881210909,-0.08387913036139387,-90.00230687777562
60,False,0.6,1.0,0.0,0.45,60,652,54.141104294478524,0.7372829849650283,-0.10541198112344517,-68.72861169248625
60,False,0.6,1.0,0.0,0.45,70,345,55.362318840579704,0.8037526022870998,-0.07228507800363003,-24.93835191125236
60,False,0.6,1.0,1.5,0.2,0,895,57.20670391061452,0.8113139238224109,-0.07256237423440762,-64.94332493979482
60,False,0.6,1.0,1.5,0.2,60,570,54.736842105263165,0.7551353642796312,-0.09673829838280422,-55.140830078198405
60,False,0.6,1.0,1.5,0.2,70,307,54.72312703583062,0.7673575595639457,-0.08825079704386576,-27.09299469246679
60,False,0.6,1.0,1.5,0.45,0,1073,56.66356011183598,0.7866389881210909,-0.08387913036139387,-90.00230687777562
60,False,0.6,1.0,1.5,0.45,60,652,54.141104294478524,0.7372829849650283,-0.10541198112344517,-68.72861169248625
60,False,0.6,1.0,1.5,0.45,70,345,55.362318840579704,0.8037526022870998,-0.07228507800363003,-24.93835191125236
60,False,1.0,0.5,0.0,0.45,0,1076,47.11895910780669,0.7980544585961241,-0.10504153449095897,-113.02469111227185
60,False,1.0,0.5,0.0,0.45,60,744,46.50537634408602,0.7784563666046025,-0.11472202988322175,-85.35319023311698
60,False,1.0,0.5,0.0,0.45,70,423,46.808510638297875,0.8283759034950735,-0.08457155824650514,-35.773769138271675
60,False,1.0,0.5,0.0,0.2,0,898,47.772828507795104,0.8245864598688017,-0.08907645638081288,-79.99065782996996
60,False,1.0,0.5,0.0,0.2,60,653,46.70750382848392,0.7867501189702273,-0.10914267693758044,-71.27016804024002
60,False,1.0,0.5,0.0,0.2,70,377,46.41909814323608,0.808430605289748,-0.09525118313204563,-35.9096960407812
60,False,1.0,0.5,1.5,0.2,0,898,47.772828507795104,0.8245864598688017,-0.08907645638081288,-79.99065782996996
60,False,1.0,0.5,1.5,0.2,60,653,46.70750382848392,0.7867501189702273,-0.10914267693758044,-71.27016804024002
60,False,1.0,0.5,1.5,0.2,70,377,46.41909814323608,0.808430605289748,-0.09525118313204563,-35.9096960407812
60,False,1.0,0.5,1.5,0.45,0,1076,47.11895910780669,0.7980544585961241,-0.10504153449095897,-113.02469111227185
60,False,1.0,0.5,1.5,0.45,60,744,46.50537634408602,0.7784563666046025,-0.11472202988322175,-85.35319023311698
60,False,1.0,0.5,1.5,0.45,70,423,46.808510638297875,0.8283759034950735,-0.08457155824650514,-35.773769138271675
60,False,1.0,1.0,0.0,0.2,0,888,47.072072072072075,0.8121933436542206,-0.0867170382688986,-77.00472998278195
60,False,1.0,1.0,0.0,0.2,60,651,46.39016897081413,0.7856063601990793,-0.09860222348318219,-64.19004748755161
60,False,1.0,1.0,0.0,0.2,70,377,46.684350132625994,0.8019360579859995,-0.08794809962596734,-33.15643355898968
60,False,1.0,1.0,0.0,0.45,0,1063,46.566321730950136,0.791472876961522,-0.09847314281778481,-104.67695081530526
60,False,1.0,1.0,0.0,0.45,60,743,46.16419919246299,0.7754559146898549,-0.10439347737383528,-77.56435368875961
60,False,1.0,1.0,0.0,0.45,70,427,47.07259953161593,0.825001942738513,-0.0766485036138417,-32.72891104311041
60,False,1.0,1.0,1.5,0.2,0,888,47.072072072072075,0.8121933436542206,-0.0867170382688986,-77.00472998278195
60,False,1.0,1.0,1.5,0.2,60,651,46.39016897081413,0.7856063601990793,-0.09860222348318219,-64.19004748755161
60,False,1.0,1.0,1.5,0.2,70,377,46.684350132625994,0.8019360579859995,-0.08794809962596734,-33.15643355898968
60,False,1.0,1.0,1.5,0.45,0,1063,46.566321730950136,0.791472876961522,-0.09847314281778481,-104.67695081530526
60,False,1.0,1.0,1.5,0.45,60,743,46.16419919246299,0.7754559146898549,-0.10439347737383528,-77.56435368875961
60,False,1.0,1.0,1.5,0.45,70,427,47.07259953161593,0.825001942738513,-0.0766485036138417,-32.72891104311041
60,False,1.5,0.5,0.0,0.2,0,894,41.387024608501115,0.8208522390602597,-0.10059093789415889,-89.92829847737805
60,False,1.5,0.5,0.0,0.2,60,693,40.4040404040404,0.7714939664648238,-0.12895800645062072,-89.36789847028015
60,False,1.5,0.5,0.0,0.2,70,423,39.71631205673759,0.764433846109287,-0.13244443590484836,-56.023996387750856
60,False,1.5,0.5,0.0,0.45,0,1070,40.654205607476634,0.7997665319084732,-0.11555230215916903,-123.64096331031087
60,False,1.5,0.5,0.0,0.45,60,805,39.62732919254658,0.7431895873491159,-0.14927565587318883,-120.166902977917
60,False,1.5,0.5,0.0,0.45,70,483,39.958592132505174,0.7808283294864926,-0.12338614317626445,-59.59550715413573
60,False,1.5,0.5,1.5,0.45,0,1073,42.590866728797764,0.7544781716996691,-0.1289994331709509,-138.41639179243032
60,False,1.5,0.5,1.5,0.45,60,808,42.07920792079208,0.7078510505668144,-0.15246177647467754,-123.18911539153946
60,False,1.5,0.5,1.5,0.45,70,483,41.821946169772254,0.747467443132545,-0.1277133882771513,-61.685566537864084
60,False,1.5,0.5,1.5,0.2,0,896,42.745535714285715,0.7634641434056538,-0.12148313284119307,-108.84888702570899
60,False,1.5,0.5,1.5,0.2,60,695,42.014388489208635,0.7161716633760982,-0.14562657244631372,-101.21046785018802
60,False,1.5,0.5,1.5,0.2,70,423,40.8983451536643,0.7244115019556862,-0.1392186840390399,-58.88950334851387
60,False,1.5,1.0,0.0,0.45,0,1061,43.07257304429783,0.7985579509437384,-0.10040835356504545,-106.53326313251321
60,False,1.5,1.0,0.0,0.45,60,794,42.19143576826197,0.7409583802504349,-0.12933007003610736,-102.68807560866925
60,False,1.5,1.0,0.0,0.45,70,470,42.97872340425532,0.8036027704786601,-0.09210469083392339,-43.28920469194399
60,False,1.5,1.0,0.0,0.2,0,887,44.081172491544535,0.8240778124549027,-0.08485676775131772,-75.26795299541881
60,False,1.5,1.0,0.0,0.2,60,685,43.06569343065693,0.7702897042725402,-0.11127524447229356,-76.22354246352108
60,False,1.5,1.0,0.0,0.2,70,414,43.23671497584541,0.8037817716106912,-0.09166833121806688,-37.950689124279684
60,False,1.5,1.0,1.5,0.2,0,887,46.11048478015783,0.7895879699120303,-0.09728506980991579,-86.29185692139531
60,False,1.5,1.0,1.5,0.2,60,685,45.10948905109489,0.73731749611378,-0.12139220719809009,-83.15366193069171
60,False,1.5,1.0,1.5,0.2,70,414,46.13526570048309,0.8119611487766056,-0.08357041113005503,-34.598150207842785
60,False,1.5,1.0,1.5,0.45,0,1062,45.66854990583804,0.7706859024428271,-0.10843334290161329,-115.15621016151331
60,False,1.5,1.0,1.5,0.45,60,795,44.65408805031446,0.7207230676573049,-0.13196137056667356,-104.90928960050549
60,False,1.5,1.0,1.5,0.45,70,470,46.170212765957444,0.8147416903423299,-0.08171562341781197,-38.40634300637162
60,False,2.0,0.5,0.0,0.45,0,1070,38.13084112149533,0.7937049720727113,-0.12371554340458588,-132.3756314429069
60,False,2.0,0.5,0.0,0.45,60,801,37.07865168539326,0.7251655644475491,-0.1660360654770155,-132.9948884470894
60,False,2.0,0.5,0.0,0.45,70,476,37.39495798319328,0.7755236855156399,-0.13083031553008315,-62.27523019231958
60,False,2.0,0.5,0.0,0.2,0,894,39.37360178970917,0.8226299229571036,-0.10272388948912801,-91.83515720328045
60,False,2.0,0.5,0.0,0.2,60,691,38.06078147612156,0.7563328527864547,-0.14262716049771837,-98.5553679039234
60,False,2.0,0.5,0.0,0.2,70,419,37.23150357995227,0.7653434962281378,-0.13649518313727074,-57.19148173451644
60,False,2.0,0.5,1.5,0.2,0,896,42.52232142857143,0.7725096754650556,-0.11696517998103535,-104.80080126300767
60,False,2.0,0.5,1.5,0.2,60,693,41.55844155844156,0.7155172321534092,-0.14659017645531952,-101.58699228353643
60,False,2.0,0.5,1.5,0.2,70,419,40.572792362768496,0.7349069233296535,-0.1341437631694338,-56.20623676799276
60,False,2.0,0.5,1.5,0.45,0,1073,42.311276794035415,0.7513850275360603,-0.13077297992548859,-140.31940746004926
60,False,2.0,0.5,1.5,0.45,60,804,41.54228855721393,0.7003809413787236,-0.15695923874495268,-126.19522795094196
60,False,2.0,0.5,1.5,0.45,70,476,41.596638655462186,0.759783343472592,-0.12064685961012167,-57.427905174417916
60,False,2.0,1.0,0.0,0.45,0,1059,41.83191690273843,0.7960104039624516,-0.10321918787846605,-109.30911996329556
60,False,2.0,1.0,0.0,0.45,60,786,40.839694656488554,0.7309430123383553,-0.13685756402050991,-107.5700453201208
60,False,2.0,1.0,0.0,0.45,70,466,41.84549356223176,0.7807051620265616,-0.10432055589549048,-48.613379047298565
60,False,2.0,1.0,0.0,0.2,0,887,43.06651634723788,0.8259521239375134,-0.08522877825668818,-75.59792631368241
60,False,2.0,1.0,0.0,0.2,60,677,41.802067946824224,0.7571719447287149,-0.12003598725008208,-81.26436336830557
60,False,2.0,1.0,0.0,0.2,70,410,42.19512195121951,0.77420707435085,-0.1069103216841907,-43.83323189051819
60,False,2.0,1.0,1.5,0.2,0,887,46.11048478015783,0.7978618676644893,-0.09345959119963126,-82.89865739407293
60,False,2.0,1.0,1.5,0.2,60,677,44.608567208271786,0.7194941729215045,-0.13073055314520113,-88.50458447930116
60,False,2.0,1.0,1.5,0.2,70,410,46.09756097560976,0.7870759484071284,-0.09447393691752658,-38.734314136185894
60,False,2.0,1.0,1.5,0.45,0,1062,45.5743879472693,0.7757511337783506,-0.1060691312581474,-112.64541739615254
60,False,2.0,1.0,1.5,0.45,60,787,44.09148665819568,0.70297188970075,-0.14143920874232388,-111.3126572802089
60,False,2.0,1.0,1.5,0.45,70,466,46.137339055793994,0.7995979467875486,-0.08826024874496953,-41.1292759151558
60,False,3.0,0.5,0.0,0.45,0,1069,36.76333021515435,0.7812405810406351,-0.13327181217975584,-142.467567220159
60,False,3.0,0.5,0.0,0.45,60,789,35.61470215462611,0.7000537040206599,-0.184759613787772,-145.77533527855212
60,False,3.0,0.5,0.0,0.45,70,463,36.50107991360691,0.7419175714250511,-0.15219425408984402,-70.46593964359778
60,False,3.0,0.5,0.0,0.2,0,894,38.14317673378076,0.80490201127409,-0.11476663193433877,-102.60136894929886
60,False,3.0,0.5,0.0,0.2,60,680,36.470588235294116,0.71145069134237,-0.17253938327710952,-117.32678062843448
60,False,3.0,0.5,0.0,0.2,70,407,36.60933660933661,0.7260135644784186,-0.160404418675409,-65.28459840089147
60,False,3.0,0.5,1.5,0.2,0,896,42.52232142857143,0.761711509546988,-0.12251710586031742,-109.77532685084441
60,False,3.0,0.5,1.5,0.2,60,682,41.05571847507331,0.6614805252177619,-0.17567571229622614,-119.81083578602622
60,False,3.0,0.5,1.5,0.2,70,407,40.78624078624078,0.6955302810453139,-0.1526635132522987,-62.13404989368558
60,False,3.0,0.5,1.5,0.45,0,1073,42.311276794035415,0.7474594699697852,-0.1328378469595338,-142.53500978757975
60,False,3.0,0.5,1.5,0.45,60,792,41.16161616161616,0.6655487057374959,-0.1760565488753388,-139.43678670926835
60,False,3.0,0.5,1.5,0.45,70,463,41.68466522678186,0.7254436860380078,-0.13705020420055636,-63.45424454485759
60,False,3.0,1.0,0.0,0.45,0,1058,41.02079395085066,0.7650685436460319,-0.11993581417854869,-126.89209140090452
60,False,3.0,1.0,0.0,0.45,60,756,39.682539682539684,0.6958840454053798,-0.15628627003880113,-118.15242014933365
60,False,3.0,1.0,0.0,0.45,70,434,42.3963133640553,0.7888750543160441,-0.09843479216202217,-42.72069979831762
60,False,3.0,1.0,0.0,0.2,0,887,42.390078917700116,0.807276097360843,-0.09482772494801975,-84.11219202889352
60,False,3.0,1.0,0.0,0.2,60,655,40.61068702290076,0.7190530274011663,-0.14055630758433466,-92.0643814677392
60,False,3.0,1.0,0.0,0.2,70,383,42.55874673629243,0.761484560373016,-0.11087918644712774,-42.466728409249924
60,False,3.0,1.0,1.5,0.2,0,887,46.11048478015783,0.7865709949445892,-0.09867998349521963,-87.5291453602598
60,False,3.0,1.0,1.5,0.2,60,655,44.274809160305345,0.6935424320946547,-0.14344536782041387,-93.95671592237107
60,False,3.0,1.0,1.5,0.2,70,383,46.47519582245431,0.7853531537002799,-0.09410761273951862,-36.04321567923563
60,False,3.0,1.0,1.5,0.45,0,1062,45.5743879472693,0.7518199003528573,-0.11738854250934667,-124.66663214492617
60,False,3.0,1.0,1.5,0.45,60,758,43.931398416886545,0.6763684653588272,-0.15388386056742975,-116.64396631011175
60,False,3.0,1.0,1.5,0.45,70,435,46.89655172413793,0.8006540881379332,-0.08614862828080366,-37.47465330214959
240,True,0.6,0.5,0.0,0.45,0,136,68.38235294117648,1.2341266704166638,0.07457271373961982,10.141889068588295
240,True,0.6,0.5,0.0,0.45,60,120,70.0,1.3388439317482206,0.10172614130333389,12.207136956400067
240,True,0.6,0.5,0.0,0.45,70,68,72.05882352941177,1.5166251147161358,0.14042356619218674,9.548802501068698
240,True,0.6,0.5,0.0,0.2,0,136,68.38235294117648,1.2341266704166638,0.07457271373961982,10.141889068588295
240,True,0.6,0.5,0.0,0.2,60,120,70.0,1.3388439317482206,0.10172614130333389,12.207136956400067
240,True,0.6,0.5,0.0,0.2,70,68,72.05882352941177,1.5166251147161358,0.14042356619218674,9.548802501068698
240,True,0.6,0.5,1.5,0.45,0,136,68.38235294117648,1.2341266704166638,0.07457271373961982,10.141889068588295
240,True,0.6,0.5,1.5,0.45,60,120,70.0,1.3388439317482206,0.10172614130333389,12.207136956400067
240,True,0.6,0.5,1.5,0.45,70,68,72.05882352941177,1.5166251147161358,0.14042356619218674,9.548802501068698
240,True,0.6,0.5,1.5,0.2,0,136,68.38235294117648,1.2341266704166638,0.07457271373961982,10.141889068588295
240,True,0.6,0.5,1.5,0.2,60,120,70.0,1.3388439317482206,0.10172614130333389,12.207136956400067
240,True,0.6,0.5,1.5,0.2,70,68,72.05882352941177,1.5166251147161358,0.14042356619218674,9.548802501068698
240,True,0.6,1.0,0.0,0.45,0,136,65.44117647058823,1.163017126888855,0.05234237790200473,7.118563394672643
240,True,0.6,1.0,0.0,0.45,60,121,66.94214876033058,1.2410103132240686,0.07402479728373998,8.957000471332538
240,True,0.6,1.0,0.0,0.45,70,68,70.58823529411765,1.493431227681658,0.1305725032337087,8.878930219892192
240,True,0.6,1.0,0.0,0.2,0,136,65.44117647058823,1.163017126888855,0.05234237790200473,7.118563394672643
240,True,0.6,1.0,0.0,0.2,60,121,66.94214876033058,1.2410103132240686,0.07402479728373998,8.957000471332538
240,True,0.6,1.0,0.0,0.2,70,68,70.58823529411765,1.493431227681658,0.1305725032337087,8.878930219892192
240,True,0.6,1.0,1.5,0.45,0,136,65.44117647058823,1.163017126888855,0.05234237790200473,7.118563394672643
240,True,0.6,1.0,1.5,0.45,60,121,66.94214876033058,1.2410103132240686,0.07402479728373998,8.957000471332538
240,True,0.6,1.0,1.5,0.45,70,68,70.58823529411765,1.493431227681658,0.1305725032337087,8.878930219892192
240,True,0.6,1.0,1.5,0.2,0,136,65.44117647058823,1.163017126888855,0.05234237790200473,7.118563394672643
240,True,0.6,1.0,1.5,0.2,60,121,66.94214876033058,1.2410103132240686,0.07402479728373998,8.957000471332538
240,True,0.6,1.0,1.5,0.2,70,68,70.58823529411765,1.493431227681658,0.1305725032337087,8.878930219892192
240,True,1.0,0.5,0.0,0.45,0,136,60.29411764705882,1.4402902048108575,0.17271009441819524,23.488572840874554
240,True,1.0,0.5,0.0,0.45,60,126,61.904761904761905,1.5474004486458595,0.20472827512121064,25.79576266527254
240,True,1.0,0.5,0.0,0.45,70,82,63.41463414634146,1.6848876712210117,0.23796667737938787,19.513267545109805
240,True,1.0,0.5,0.0,0.2,0,136,60.29411764705882,1.4402902048108575,0.17271009441819524,23.488572840874554
240,True,1.0,0.5,0.0,0.2,60,126,61.904761904761905,1.5474004486458595,0.20472827512121064,25.79576266527254
240,True,1.0,0.5,0.0,0.2,70,82,63.41463414634146,1.6848876712210117,0.23796667737938787,19.513267545109805
240,True,1.0,0.5,1.5,0.45,0,136,60.29411764705882,1.4402902048108575,0.17271009441819524,23.488572840874554
240,True,1.0,0.5,1.5,0.45,60,126,61.904761904761905,1.5474004486458595,0.20472827512121064,25.79576266527254
240,True,1.0,0.5,1.5,0.45,70,82,63.41463414634146,1.6848876712210117,0.23796667737938787,19.513267545109805
240,True,1.0,0.5,1.5,0.2,0,136,60.29411764705882,1.4402902048108575,0.17271009441819524,23.488572840874554
240,True,1.0,0.5,1.5,0.2,60,126,61.904761904761905,1.5474004486458595,0.20472827512121064,25.79576266527254
240,True,1.0,0.5,1.5,0.2,70,82,63.41463414634146,1.6848876712210117,0.23796667737938787,19.513267545109805
240,True,1.0,1.0,0.0,0.45,0,135,57.77777777777777,1.2935500809854141,0.1107326237160157,14.948904201662119
240,True,1.0,1.0,0.0,0.45,60,125,59.199999999999996,1.3649680901999948,0.13271627430726793,16.58953428840849
240,True,1.0,1.0,0.0,0.45,70,82,62.19512195121951,1.514877871801374,0.174163031463474,14.281368580004868
240,True,1.0,1.0,0.0,0.2,0,135,57.77777777777777,1.2935500809854141,0.1107326237160157,14.948904201662119
240,True,1.0,1.0,0.0,0.2,60,125,59.199999999999996,1.3649680901999948,0.13271627430726793,16.58953428840849
240,True,1.0,1.0,0.0,0.2,70,82,62.19512195121951,1.514877871801374,0.174163031463474,14.281368580004868
240,True,1.0,1.0,1.5,0.45,0,135,57.77777777777777,1.2935500809854141,0.1107326237160157,14.948904201662119
240,True,1.0,1.0,1.5,0.45,60,125,59.199999999999996,1.3649680901999948,0.13271627430726793,16.58953428840849
240,True,1.0,1.0,1.5,0.45,70,82,62.19512195121951,1.514877871801374,0.174163031463474,14.281368580004868
240,True,1.0,1.0,1.5,0.2,0,135,57.77777777777777,1.2935500809854141,0.1107326237160157,14.948904201662119
240,True,1.0,1.0,1.5,0.2,60,125,59.199999999999996,1.3649680901999948,0.13271627430726793,16.58953428840849
240,True,1.0,1.0,1.5,0.2,70,82,62.19512195121951,1.514877871801374,0.174163031463474,14.281368580004868
240,True,1.5,0.5,0.0,0.45,0,135,53.333333333333336,1.4170418773883413,0.18930382882280283,25.556016891078382
240,True,1.5,0.5,0.0,0.45,60,127,55.118110236220474,1.5240401786892364,0.22709826651416165,28.84147984729853
240,True,1.5,0.5,0.0,0.45,70,89,57.30337078651685,1.6641442374929356,0.27599770171510807,24.56379545264462
240,True,1.5,0.5,0.0,0.2,0,135,53.333333333333336,1.4170418773883413,0.18930382882280283,25.556016891078382
240,True,1.5,0.5,0.0,0.2,60,127,55.118110236220474,1.5240401786892364,0.22709826651416165,28.84147984729853
240,True,1.5,0.5,0.0,0.2,70,89,57.30337078651685,1.6641442374929356,0.27599770171510807,24.56379545264462
240,True,1.5,0.5,1.5,0.45,0,135,55.55555555555556,1.4456199362087314,0.17854753260653916,24.103916901882787
240,True,1.5,0.5,1.5,0.45,60,127,57.48031496062992,1.5420024505832897,0.20823208864885204,26.44547525840421
240,True,1.5,0.5,1.5,0.45,70,89,58.42696629213483,1.696885592466854,0.24479122240787451,21.786418794300833
240,True,1.5,0.5,1.5,0.2,0,135,55.55555555555556,1.4456199362087314,0.17854753260653916,24.103916901882787
240,True,1.5,0.5,1.5,0.2,60,127,57.48031496062992,1.5420024505832897,0.20823208864885204,26.44547525840421
240,True,1.5,0.5,1.5,0.2,70,89,58.42696629213483,1.696885592466854,0.24479122240787451,21.786418794300833
240,True,1.5,1.0,0.0,0.45,0,134,50.74626865671642,1.2092864725387984,0.09036403311910253,12.108780437959739
240,True,1.5,1.0,0.0,0.45,60,126,52.38095238095239,1.2975152784934625,0.12304261749962697,15.503369804952998
240,True,1.5,1.0,0.0,0.45,70,87,55.172413793103445,1.4536554354453821,0.179625426430365,15.627412099441754
240,True,1.5,1.0,0.0,0.2,0,134,50.74626865671642,1.2092864725387984,0.09036403311910253,12.108780437959739
240,True,1.5,1.0,0.0,0.2,60,126,52.38095238095239,1.2975152784934625,0.12304261749962697,15.503369804952998
240,True,1.5,1.0,0.0,0.2,70,87,55.172413793103445,1.4536554354453821,0.179625426430365,15.627412099441754
240,True,1.5,1.0,1.5,0.45,0,134,55.970149253731336,1.2821912951444647,0.10895163730041572,14.599519398255707
240,True,1.5,1.0,1.5,0.45,60,126,57.14285714285714,1.3905928980856208,0.1444675970963131,18.20291723413545
240,True,1.5,1.0,1.5,0.45,70,87,58.620689655172406,1.5325895113661636,0.1899078042153402,16.521978966734597
240,True,1.5,1.0,1.5,0.2,0,134,55.970149253731336,1.2821912951444647,0.10895163730041572,14.599519398255707
240,True,1.5,1.0,1.5,0.2,60,126,57.14285714285714,1.3905928980856208,0.1444675970963131,18.20291723413545
240,True,1.5,1.0,1.5,0.2,70,87,58.620689655172406,1.5325895113661636,0.1899078042153402,16.521978966734597
240,True,2.0,0.5,0.0,0.45,0,134,49.25373134328358,1.3718538670792089,0.1846175084767128,24.738746135879513
240,True,2.0,0.5,0.0,0.45,60,126,51.587301587301596,1.5068481034150458,0.23838316155622116,30.036278356083866
240,True,2.0,0.5,0.0,0.45,70,87,54.02298850574713,1.660360326088807,0.2969247125442396,25.832449991348845
240,True,2.0,0.5,0.0,0.2,0,134,49.25373134328358,1.3718538670792089,0.1846175084767128,24.738746135879513
240,True,2.0,0.5,0.0,0.2,60,126,51.587301587301596,1.5068481034150458,0.23838316155622116,30.036278356083866
240,True,2.0,0.5,0.0,0.2,70,87,54.02298850574713,1.660360326088807,0.2969247125442396,25.832449991348845
240,True,2.0,0.5,1.5,0.45,0,134,55.223880597014926,1.4317370100269102,0.17427596270150733,23.352979002001984
240,True,2.0,0.5,1.5,0.45,60,126,57.14285714285714,1.5698222196548361,0.22065763600921906,27.8028621371616
240,True,2.0,0.5,1.5,0.45,70,87,57.47126436781609,1.6942818662785295,0.24948298484129727,21.705019681192862
240,True,2.0,0.5,1.5,0.2,0,134,55.223880597014926,1.4317370100269102,0.17427596270150733,23.352979002001984
240,True,2.0,0.5,1.5,0.2,60,126,57.14285714285714,1.5698222196548361,0.22065763600921906,27.8028621371616
240,True,2.0,0.5,1.5,0.2,70,87,57.47126436781609,1.6942818662785295,0.24948298484129727,21.705019681192862
240,True,2.0,1.0,0.0,0.45,0,134,50.74626865671642,1.3209144191366555,0.13856185183629735,18.567288146063845
240,True,2.0,1.0,0.0,0.45,60,124,52.41935483870967,1.4055020302339514,0.16930576796777871,20.99391522800456
240,True,2.0,1.0,0.0,0.45,70,85,56.470588235294116,1.7018093148829454,0.2673185071883543,22.72207311101012
240,True,2.0,1.0,0.0,0.2,0,134,50.74626865671642,1.3209144191366555,0.13856185183629735,18.567288146063845
240,True,2.0,1.0,0.0,0.2,60,124,52.41935483870967,1.4055020302339514,0.16930576796777871,20.99391522800456
240,True,2.0,1.0,0.0,0.2,70,85,56.470588235294116,1.7018093148829454,0.2673185071883543,22.72207311101012
240,True,2.0,1.0,1.5,0.45,0,134,55.970149253731336,1.3517621138157678,0.1358123333353106,18.198852666931618
240,True,2.0,1.0,1.5,0.45,60,124,57.25806451612904,1.454371246885447,0.16953345366199882,21.022148254087853
240,True,2.0,1.0,1.5,0.45,70,85,60.0,1.7892650945363144,0.26882033960961965,22.84972886681767
240,True,2.0,1.0,1.5,0.2,0,134,55.970149253731336,1.3517621138157678,0.1358123333353106,18.198852666931618
240,True,2.0,1.0,1.5,0.2,60,124,57.25806451612904,1.454371246885447,0.16953345366199882,21.022148254087853
240,True,2.0,1.0,1.5,0.2,70,85,60.0,1.7892650945363144,0.26882033960961965,22.84972886681767
240,True,3.0,0.5,0.0,0.45,0,134,49.25373134328358,1.4341475440610154,0.21554498955568346,28.883028600461586
240,True,3.0,0.5,0.0,0.45,60,124,51.61290322580645,1.5725131905531415,0.2688766013834671,33.34069857154992
240,True,3.0,0.5,0.0,0.45,70,82,54.87804878048781,1.824324514926829,0.36134442709984615,29.630243022187386
240,True,3.0,0.5,0.0,0.2,0,134,49.25373134328358,1.4341475440610154,0.21554498955568346,28.883028600461586
240,True,3.0,0.5,0.0,0.2,60,124,51.61290322580645,1.5725131905531415,0.2688766013834671,33.34069857154992
240,True,3.0,0.5,0.0,0.2,70,82,54.87804878048781,1.824324514926829,0.36134442709984615,29.630243022187386
240,True,3.0,0.5,1.5,0.45,0,134,55.223880597014926,1.473984357200157,0.19132962483657304,25.638169728100788
240,True,3.0,0.5,1.5,0.45,60,124,57.25806451612904,1.6216484167561946,0.23946974070942958,29.69424784796927
240,True,3.0,0.5,1.5,0.45,70,82,57.3170731707317,1.939824611336781,0.33430943943428487,27.41337403361136
240,True,3.0,0.5,1.5,0.2,0,134,55.223880597014926,1.473984357200157,0.19132962483657304,25.638169728100788
240,True,3.0,0.5,1.5,0.2,60,124,57.25806451612904,1.6216484167561946,0.23946974070942958,29.69424784796927
240,True,3.0,0.5,1.5,0.2,70,82,57.3170731707317,1.939824611336781,0.33430943943428487,27.41337403361136
240,True,3.0,1.0,0.0,0.45,0,134,50.74626865671642,1.2734659275374565,0.11807492301424165,15.82203968390838
240,True,3.0,1.0,0.0,0.45,60,121,52.066115702479344,1.3206499171315051,0.13446815678027677,16.270646970413488
240,True,3.0,1.0,0.0,0.45,70,78,57.692307692307686,1.6899503298101448,0.2556234599923509,19.938629879403372
240,True,3.0,1.0,0.0,0.2,0,134,50.74626865671642,1.2734659275374565,0.11807492301424165,15.82203968390838
240,True,3.0,1.0,0.0,0.2,60,121,52.066115702479344,1.3206499171315051,0.13446815678027677,16.270646970413488
240,True,3.0,1.0,0.0,0.2,70,78,57.692307692307686,1.6899503298101448,0.2556234599923509,19.938629879403372
240,True,3.0,1.0,1.5,0.2,0,134,55.970149253731336,1.2509685247358036,0.09689679359824858,12.98417034216531
240,True,3.0,1.0,1.5,0.2,60,121,57.02479338842975,1.3136203350468003,0.11724870024303401,14.187092729407114
240,True,3.0,1.0,1.5,0.2,70,78,61.53846153846154,1.7790580806411695,0.25890343138044103,20.1944676476744
240,True,3.0,1.0,1.5,0.45,0,134,55.970149253731336,1.2509685247358036,0.09689679359824858,12.98417034216531
240,True,3.0,1.0,1.5,0.45,60,121,57.02479338842975,1.3136203350468003,0.11724870024303401,14.187092729407114
240,True,3.0,1.0,1.5,0.45,70,78,61.53846153846154,1.7790580806411695,0.25890343138044103,20.1944676476744
240,False,0.6,0.5,0.0,0.45,0,446,63.45291479820629,1.0014667082283741,0.0005355411295831416,0.23885134379408113
240,False,0.6,0.5,0.0,0.45,60,209,65.55023923444976,1.1171335512222014,0.03955466984524441,8.266925997656081
240,False,0.6,0.5,0.0,0.45,70,82,73.17073170731707,1.6443996555560043,0.16443658043871223,13.483799595974403
240,False,0.6,0.5,0.0,0.2,0,446,63.45291479820629,1.0014667082283741,0.0005355411295831416,0.23885134379408113
240,False,0.6,0.5,0.0,0.2,60,209,65.55023923444976,1.1171335512222014,0.03955466984524441,8.266925997656081
240,False,0.6,0.5,0.0,0.2,70,82,73.17073170731707,1.6443996555560043,0.16443658043871223,13.483799595974403
240,False,0.6,0.5,1.5,0.45,0,446,63.45291479820629,1.0014667082283741,0.0005355411295831416,0.23885134379408113
240,False,0.6,0.5,1.5,0.45,60,209,65.55023923444976,1.1171335512222014,0.03955466984524441,8.266925997656081
240,False,0.6,0.5,1.5,0.45,70,82,73.17073170731707,1.6443996555560043,0.16443658043871223,13.483799595974403
240,False,0.6,0.5,1.5,0.2,0,446,63.45291479820629,1.0014667082283741,0.0005355411295831416,0.23885134379408113
240,False,0.6,0.5,1.5,0.2,60,209,65.55023923444976,1.1171335512222014,0.03955466984524441,8.266925997656081
240,False,0.6,0.5,1.5,0.2,70,82,73.17073170731707,1.6443996555560043,0.16443658043871223,13.483799595974403
240,False,0.6,1.0,0.0,0.45,0,444,61.711711711711715,1.0086821283271732,0.00300599887962504,1.3346635025535178
240,False,0.6,1.0,0.0,0.45,60,215,65.58139534883722,1.1699240554451307,0.053434666628320124,11.488453325088827
240,False,0.6,1.0,0.0,0.45,70,82,71.95121951219512,1.6281589974788648,0.1559291215865798,12.786187970099542
240,False,0.6,1.0,0.0,0.2,0,444,61.711711711711715,1.0086821283271732,0.00300599887962504,1.3346635025535178
240,False,0.6,1.0,0.0,0.2,60,215,65.58139534883722,1.1699240554451307,0.053434666628320124,11.488453325088827
240,False,0.6,1.0,0.0,0.2,70,82,71.95121951219512,1.6281589974788648,0.1559291215865798,12.786187970099542
240,False,0.6,1.0,1.5,0.45,0,444,61.711711711711715,1.0086821283271732,0.00300599887962504,1.3346635025535178
240,False,0.6,1.0,1.5,0.45,60,215,65.58139534883722,1.1699240554451307,0.053434666628320124,11.488453325088827
240,False,0.6,1.0,1.5,0.45,70,82,71.95121951219512,1.6281589974788648,0.1559291215865798,12.786187970099542
240,False,0.6,1.0,1.5,0.2,0,444,61.711711711711715,1.0086821283271732,0.00300599887962504,1.3346635025535178
240,False,0.6,1.0,1.5,0.2,60,215,65.58139534883722,1.1699240554451307,0.053434666628320124,11.488453325088827
240,False,0.6,1.0,1.5,0.2,70,82,71.95121951219512,1.6281589974788648,0.1559291215865798,12.786187970099542
240,False,1.0,0.5,0.0,0.45,0,446,55.15695067264574,1.1812288999534275,0.07877523028677025,35.13375270789953
240,False,1.0,0.5,0.0,0.45,60,253,59.683794466403164,1.4133469740133764,0.16234415079521364,41.07307015118905
240,False,1.0,0.5,0.0,0.45,70,105,64.76190476190476,1.8337640687046604,0.27058719747275434,28.411655734639208
240,False,1.0,0.5,0.0,0.2,0,446,55.15695067264574,1.1812288999534275,0.07877523028677025,35.13375270789953
240,False,1.0,0.5,0.0,0.2,60,253,59.683794466403164,1.4133469740133764,0.16234415079521364,41.07307015118905
240,False,1.0,0.5,0.0,0.2,70,105,64.76190476190476,1.8337640687046604,0.27058719747275434,28.411655734639208
240,False,1.0,0.5,1.5,0.45,0,446,55.15695067264574,1.1812288999534275,0.07877523028677025,35.13375270789953
240,False,1.0,0.5,1.5,0.45,60,253,59.683794466403164,1.4133469740133764,0.16234415079521364,41.07307015118905
240,False,1.0,0.5,1.5,0.45,70,105,64.76190476190476,1.8337640687046604,0.27058719747275434,28.411655734639208
240,False,1.0,0.5,1.5,0.2,0,446,55.15695067264574,1.1812288999534275,0.07877523028677025,35.13375270789953
240,False,1.0,0.5,1.5,0.2,60,253,59.683794466403164,1.4133469740133764,0.16234415079521364,41.07307015118905
240,False,1.0,0.5,1.5,0.2,70,105,64.76190476190476,1.8337640687046604,0.27058719747275434,28.411655734639208
240,False,1.0,1.0,0.0,0.45,0,442,53.619909502262445,1.1461439643321545,0.05794000249027349,25.609481100700883
240,False,1.0,1.0,0.0,0.45,60,255,56.86274509803921,1.2669840641804404,0.10107254864422181,25.773499904276562
240,False,1.0,1.0,0.0,0.45,70,106,61.32075471698113,1.5841971663046817,0.18754912214296904,19.88020694715472
240,False,1.0,1.0,0.0,0.2,0,442,53.619909502262445,1.1461439643321545,0.05794000249027349,25.609481100700883
240,False,1.0,1.0,0.0,0.2,60,255,56.86274509803921,1.2669840641804404,0.10107254864422181,25.773499904276562
240,False,1.0,1.0,0.0,0.2,70,106,61.32075471698113,1.5841971663046817,0.18754912214296904,19.88020694715472
240,False,1.0,1.0,1.5,0.45,0,442,53.619909502262445,1.1461439643321545,0.05794000249027349,25.609481100700883
240,False,1.0,1.0,1.5,0.45,60,255,56.86274509803921,1.2669840641804404,0.10107254864422181,25.773499904276562
240,False,1.0,1.0,1.5,0.45,70,106,61.32075471698113,1.5841971663046817,0.18754912214296904,19.88020694715472
240,False,1.0,1.0,1.5,0.2,0,442,53.619909502262445,1.1461439643321545,0.05794000249027349,25.609481100700883
240,False,1.0,1.0,1.5,0.2,60,255,56.86274509803921,1.2669840641804404,0.10107254864422181,25.773499904276562
240,False,1.0,1.0,1.5,0.2,70,106,61.32075471698113,1.5841971663046817,0.18754912214296904,19.88020694715472
240,False,1.5,0.5,0.0,0.45,0,443,48.306997742663654,1.233589437326599,0.11307553665937543,50.092462740103315
240,False,1.5,0.5,0.0,0.45,60,265,51.320754716981135,1.365672899909491,0.16989401162439438,45.02191308046451
240,False,1.5,0.5,0.0,0.45,70,125,56.00000000000001,1.742118129467164,0.29779693908143146,37.22461738517893
240,False,1.5,0.5,0.0,0.2,0,443,48.306997742663654,1.233589437326599,0.11307553665937543,50.092462740103315
240,False,1.5,0.5,0.0,0.2,60,265,51.320754716981135,1.365672899909491,0.16989401162439438,45.02191308046451
240,False,1.5,0.5,0.0,0.2,70,125,56.00000000000001,1.742118129467164,0.29779693908143146,37.22461738517893
240,False,1.5,0.5,1.5,0.45,0,444,52.47747747747747,1.2186331050988932,0.09649491640391854,42.84374288333983
240,False,1.5,0.5,1.5,0.45,60,265,55.471698113207545,1.3835379810627102,0.15751159702471895,41.740573211550526
240,False,1.5,0.5,1.5,0.45,70,125,59.199999999999996,1.7889850014397801,0.26621644830843066,33.27705603855383
240,False,1.5,0.5,1.5,0.2,0,444,52.47747747747747,1.2186331050988932,0.09649491640391854,42.84374288333983
240,False,1.5,0.5,1.5,0.2,60,265,55.471698113207545,1.3835379810627102,0.15751159702471895,41.740573211550526
240,False,1.5,0.5,1.5,0.2,70,125,59.199999999999996,1.7889850014397801,0.26621644830843066,33.27705603855383
240,False,1.5,1.0,0.0,0.45,0,437,49.4279176201373,1.1518187608800972,0.06451436300498913,28.192776633180248
240,False,1.5,1.0,0.0,0.45,60,261,52.10727969348659,1.3218224202061417,0.13161211520209445,34.35076206774665
240,False,1.5,1.0,0.0,0.45,70,120,55.833333333333336,1.6415427860088527,0.2304581817956655,27.654981815479857
240,False,1.5,1.0,0.0,0.2,0,437,49.4279176201373,1.1518187608800972,0.06451436300498913,28.192776633180248
240,False,1.5,1.0,0.0,0.2,60,261,52.10727969348659,1.3218224202061417,0.13161211520209445,34.35076206774665
240,False,1.5,1.0,0.0,0.2,70,120,55.833333333333336,1.6415427860088527,0.2304581817956655,27.654981815479857
240,False,1.5,1.0,1.5,0.45,0,440,52.95454545454545,1.1556554549218758,0.06201344296537368,27.285914904764418
240,False,1.5,1.0,1.5,0.45,60,263,55.51330798479087,1.3199183844502766,0.12303751684147228,32.35886692930721
240,False,1.5,1.0,1.5,0.45,70,121,58.67768595041323,1.597853206759949,0.1999798455585277,24.197561312581854
240,False,1.5,1.0,1.5,0.2,0,440,52.95454545454545,1.1556554549218758,0.06201344296537368,27.285914904764418
240,False,1.5,1.0,1.5,0.2,60,263,55.51330798479087,1.3199183844502766,0.12303751684147228,32.35886692930721
240,False,1.5,1.0,1.5,0.2,70,121,58.67768595041323,1.597853206759949,0.1999798455585277,24.197561312581854
240,False,2.0,0.5,0.0,0.45,0,440,45.45454545454545,1.182020167690795,0.09337810986824549,41.08636834202802
240,False,2.0,0.5,0.0,0.45,60,262,48.854961832061065,1.3766011367245354,0.1844908681468574,48.336607454476635
240,False,2.0,0.5,0.0,0.45,70,120,52.5,1.7365608307719504,0.32094202481637085,38.5130429779645
240,False,2.0,0.5,0.0,0.2,0,440,45.45454545454545,1.182020167690795,0.09337810986824549,41.08636834202802
240,False,2.0,0.5,0.0,0.2,60,262,48.854961832061065,1.3766011367245354,0.1844908681468574,48.336607454476635
240,False,2.0,0.5,0.0,0.2,70,120,52.5,1.7365608307719504,0.32094202481637085,38.5130429779645
240,False,2.0,0.5,1.5,0.45,0,443,52.144469525959366,1.1956075646240327,0.08670571592899996,38.41063215654698
240,False,2.0,0.5,1.5,0.45,60,263,55.13307984790875,1.4427668061298917,0.18321850589360875,48.186467050019104
240,False,2.0,0.5,1.5,0.45,70,120,58.333333333333336,1.7854017213942894,0.2757283628757906,33.08740354509487
240,False,2.0,0.5,1.5,0.2,0,443,52.144469525959366,1.1956075646240327,0.08670571592899996,38.41063215654698
240,False,2.0,0.5,1.5,0.2,60,263,55.13307984790875,1.4427668061298917,0.18321850589360875,48.186467050019104
240,False,2.0,0.5,1.5,0.2,70,120,58.333333333333336,1.7854017213942894,0.2757283628757906,33.08740354509487
240,False,2.0,1.0,0.0,0.45,0,435,48.50574712643678,1.13658254324144,0.058831741297627714,25.591807464468054
240,False,2.0,1.0,0.0,0.45,60,254,52.362204724409445,1.3529501115055425,0.1436351532185244,36.4833289175052
240,False,2.0,1.0,0.0,0.45,70,113,55.75221238938053,1.7743625110465495,0.280715333306934,31.720832663683538
240,False,2.0,1.0,0.0,0.2,0,435,48.50574712643678,1.13658254324144,0.058831741297627714,25.591807464468054
240,False,2.0,1.0,0.0,0.2,60,254,52.362204724409445,1.3529501115055425,0.1436351532185244,36.4833289175052
240,False,2.0,1.0,0.0,0.2,70,113,55.75221238938053,1.7743625110465495,0.280715333306934,31.720832663683538
240,False,2.0,1.0,1.5,0.45,0,439,53.075170842824605,1.148041000089188,0.058771549914393754,25.80071041241886
240,False,2.0,1.0,1.5,0.45,60,257,56.03112840466926,1.3301413150548818,0.1255843838696311,32.275186654495194
240,False,2.0,1.0,1.5,0.45,70,114,58.77192982456141,1.7557099573692503,0.2540968107228906,28.967036422409528
240,False,2.0,1.0,1.5,0.2,0,439,53.075170842824605,1.148041000089188,0.058771549914393754,25.80071041241886
240,False,2.0,1.0,1.5,0.2,60,257,56.03112840466926,1.3301413150548818,0.1255843838696311,32.275186654495194
240,False,2.0,1.0,1.5,0.2,70,114,58.77192982456141,1.7557099573692503,0.2540968107228906,28.967036422409528
240,False,3.0,0.5,0.0,0.45,0,437,44.62242562929062,1.1661720591089408,0.08645309841627583,37.78000400791254
240,False,3.0,0.5,0.0,0.45,60,254,49.21259842519685,1.431920544783746,0.20957439949365286,53.231897471387825
240,False,3.0,0.5,0.0,0.45,70,111,54.95495495495496,1.9817387018271926,0.40622453211992904,45.090923065312126
240,False,3.0,0.5,0.0,0.2,0,437,44.62242562929062,1.1661720591089408,0.08645309841627583,37.78000400791254
240,False,3.0,0.5,0.0,0.2,60,254,49.21259842519685,1.431920544783746,0.20957439949365286,53.231897471387825
240,False,3.0,0.5,0.0,0.2,70,111,54.95495495495496,1.9817387018271926,0.40622453211992904,45.090923065312126
240,False,3.0,0.5,1.5,0.45,0,442,52.26244343891403,1.184886258399461,0.08171186607919621,36.116644807004725
240,False,3.0,0.5,1.5,0.45,60,257,55.6420233463035,1.4710946424509626,0.19199505344747778,49.34272873600179
240,False,3.0,0.5,1.5,0.45,70,112,59.82142857142857,2.0949458679821795,0.37036138380984296,41.48047498670241
240,False,3.0,0.5,1.5,0.2,0,442,52.26244343891403,1.184886258399461,0.08171186607919621,36.116644807004725
240,False,3.0,0.5,1.5,0.2,60,257,55.6420233463035,1.4710946424509626,0.19199505344747778,49.34272873600179
240,False,3.0,0.5,1.5,0.2,70,112,59.82142857142857,2.0949458679821795,0.37036138380984296,41.48047498670241
240,False,3.0,1.0,0.0,0.45,0,435,48.50574712643678,1.097231286130728,0.04188152992265441,18.21846551635467
240,False,3.0,1.0,0.0,0.45,60,244,52.459016393442624,1.3018716099764673,0.12150295308081784,29.64672055171955
240,False,3.0,1.0,0.0,0.45,70,103,58.252427184466015,1.8145028987614602,0.27990603910551076,28.83032202786761
240,False,3.0,1.0,0.0,0.2,0,435,48.50574712643678,1.097231286130728,0.04188152992265441,18.21846551635467
240,False,3.0,1.0,0.0,0.2,60,244,52.459016393442624,1.3018716099764673,0.12150295308081784,29.64672055171955
240,False,3.0,1.0,0.0,0.2,70,103,58.252427184466015,1.8145028987614602,0.27990603910551076,28.83032202786761
240,False,3.0,1.0,1.5,0.45,0,439,53.075170842824605,1.1211554654701015,0.048098124722123554,21.11507675301224
240,False,3.0,1.0,1.5,0.45,60,247,56.2753036437247,1.2912256476962205,0.10918558592951341,26.968839724589813
240,False,3.0,1.0,1.5,0.45,70,104,61.53846153846154,1.8638427148119692,0.27586558510764536,28.690020851195115
240,False,3.0,1.0,1.5,0.2,0,439,53.075170842824605,1.1211554654701015,0.048098124722123554,21.11507675301224
240,False,3.0,1.0,1.5,0.2,60,247,56.2753036437247,1.2912256476962205,0.10918558592951341,26.968839724589813
240,False,3.0,1.0,1.5,0.2,70,104,61.53846153846154,1.8638427148119692,0.27586558510764536,28.690020851195115
