pair,dir,entry_time,exit_time,r_multiple,exit_reason
GBPUSD,SHORT,2026-04-27 18:15:00+00:00,2026-04-28 01:00:00+00:00,0.5,target
XAUUSD,SHORT,2026-04-28 03:45:00+00:00,2026-04-28 04:00:00+00:00,0.5,target
NZDUSD,SHORT,2026-04-28 08:00:00+00:00,2026-04-28 10:15:00+00:00,0.5,target
GBPUSD,SHORT,2026-04-28 13:00:00+00:00,2026-04-28 13:15:00+00:00,0.5,target
NZDUSD,SHORT,2026-04-28 13:00:00+00:00,2026-04-28 13:30:00+00:00,-1.0,stop
GBPUSD,SHORT,2026-04-29 03:30:00+00:00,2026-04-29 05:15:00+00:00,0.5,target
NZDUSD,SHORT,2026-04-29 08:00:00+00:00,2026-04-29 09:15:00+00:00,0.5,target
NZDUSD,SHORT,2026-04-29 15:00:00+00:00,2026-04-29 15:45:00+00:00,0.5,target
XAUUSD,LONG,2026-04-30 00:15:00+00:00,2026-04-30 00:45:00+00:00,0.5,target
CADJPY,LONG,2026-04-30 04:15:00+00:00,2026-04-30 04:30:00+00:00,0.4,target
NZDUSD,LONG,2026-04-30 12:45:00+00:00,2026-04-30 14:00:00+00:00,0.5,target
NZDUSD,LONG,2026-04-30 14:45:00+00:00,2026-04-30 15:30:00+00:00,0.5,target
CADJPY,LONG,2026-04-30 15:15:00+00:00,2026-04-30 19:45:00+00:00,0.4,target
EURUSD,LONG,2026-04-30 17:15:00+00:00,2026-04-30 18:15:00+00:00,0.5,target
XAUUSD,SHORT,2026-05-01 05:30:00+00:00,2026-05-01 05:45:00+00:00,0.5,target
CADJPY,SHORT,2026-05-01 08:00:00+00:00,2026-05-01 08:15:00+00:00,0.4,target
NZDUSD,SHORT,2026-05-01 09:00:00+00:00,2026-05-01 09:15:00+00:00,0.5,target
XAUUSD,SHORT,2026-05-04 08:15:00+00:00,2026-05-04 10:00:00+00:00,0.5,target
GBPCAD,SHORT,2026-05-04 10:45:00+00:00,2026-05-04 12:00:00+00:00,-1.0,stop
NZDUSD,SHORT,2026-05-04 10:45:00+00:00,2026-05-04 11:00:00+00:00,0.5,target
GBPCAD,LONG,2026-05-05 07:45:00+00:00,2026-05-05 08:15:00+00:00,0.5,target
GBPCAD,LONG,2026-05-05 08:45:00+00:00,2026-05-05 10:00:00+00:00,-1.0,stop
NZDUSD,LONG,2026-05-05 09:45:00+00:00,2026-05-05 10:30:00+00:00,0.5,target
NZDUSD,LONG,2026-05-05 11:15:00+00:00,2026-05-05 12:15:00+00:00,0.5,target
EURUSD,LONG,2026-05-05 14:45:00+00:00,2026-05-05 15:00:00+00:00,0.5,target
XAUUSD,SHORT,2026-05-05 17:00:00+00:00,2026-05-05 22:00:00+00:00,0.5,target
CADJPY,LONG,2026-05-06 02:45:00+00:00,2026-05-06 03:00:00+00:00,0.4,target
EURUSD,LONG,2026-05-06 05:45:00+00:00,2026-05-06 07:30:00+00:00,-1.0,stop
XAUUSD,LONG,2026-05-07 01:30:00+00:00,2026-05-07 01:45:00+00:00,0.5,target
XAUUSD,LONG,2026-05-07 09:30:00+00:00,2026-05-07 12:15:00+00:00,0.5,target
NZDUSD,SHORT,2026-05-07 16:30:00+00:00,2026-05-07 17:15:00+00:00,0.5,target
NZDUSD,LONG,2026-05-08 11:45:00+00:00,2026-05-08 12:15:00+00:00,-1.0,stop
NZDUSD,SHORT,2026-05-11 01:30:00+00:00,2026-05-11 04:00:00+00:00,0.5,target
GBPUSD,SHORT,2026-05-11 05:30:00+00:00,2026-05-11 06:00:00+00:00,-1.0,stop
NZDUSD,SHORT,2026-05-11 05:30:00+00:00,2026-05-11 06:30:00+00:00,-1.0,stop
CADJPY,LONG,2026-05-11 08:45:00+00:00,2026-05-11 09:45:00+00:00,0.4,target
GBPUSD,LONG,2026-05-11 13:30:00+00:00,2026-05-11 14:45:00+00:00,0.5,target
NZDUSD,LONG,2026-05-11 13:30:00+00:00,2026-05-11 14:15:00+00:00,0.5,target
EURUSD,LONG,2026-05-11 15:00:00+00:00,2026-05-11 15:15:00+00:00,0.5,target
XAUUSD,LONG,2026-05-12 20:30:00+00:00,2026-05-12 22:00:00+00:00,0.5,target
CADJPY,LONG,2026-05-13 01:30:00+00:00,2026-05-13 01:45:00+00:00,0.4,target
XAUUSD,SHORT,2026-05-13 01:45:00+00:00,2026-05-13 02:30:00+00:00,0.5,target
NZDUSD,SHORT,2026-05-13 04:00:00+00:00,2026-05-13 06:45:00+00:00,0.5,target
CADJPY,LONG,2026-05-13 10:45:00+00:00,2026-05-13 12:30:00+00:00,-1.0,stop
NZDUSD,SHORT,2026-05-13 11:15:00+00:00,2026-05-13 12:15:00+00:00,0.5,target
XAUUSD,SHORT,2026-05-13 13:30:00+00:00,2026-05-13 13:45:00+00:00,0.5,target
XAUUSD,SHORT,2026-05-13 14:45:00+00:00,2026-05-13 15:30:00+00:00,-1.0,stop
GBPUSD,SHORT,2026-05-14 15:30:00+00:00,2026-05-14 16:00:00+00:00,0.5,target
GBPUSD,SHORT,2026-05-15 00:00:00+00:00,2026-05-15 00:30:00+00:00,0.5,target
NZDUSD,SHORT,2026-05-15 05:30:00+00:00,2026-05-15 05:45:00+00:00,0.5,target
NZDUSD,SHORT,2026-05-15 07:30:00+00:00,2026-05-15 08:00:00+00:00,0.5,target
GBPUSD,SHORT,2026-05-15 11:15:00+00:00,2026-05-15 11:45:00+00:00,0.5,target
GBPUSD,SHORT,2026-05-15 16:00:00+00:00,2026-05-15 17:15:00+00:00,-1.0,stop
NZDUSD,LONG,2026-05-18 08:00:00+00:00,2026-05-18 08:30:00+00:00,0.5,target
EURUSD,LONG,2026-05-18 11:00:00+00:00,2026-05-18 11:15:00+00:00,0.5,target
NZDUSD,LONG,2026-05-18 20:00:00+00:00,2026-05-18 21:00:00+00:00,-1.0,stop
NZDUSD,SHORT,2026-05-19 01:45:00+00:00,2026-05-19 02:00:00+00:00,0.5,target
NZDUSD,SHORT,2026-05-19 10:30:00+00:00,2026-05-19 13:15:00+00:00,0.5,target
GBPUSD,SHORT,2026-05-19 16:00:00+00:00,2026-05-19 17:00:00+00:00,-1.0,stop
EURUSD,SHORT,2026-05-19 17:15:00+00:00,2026-05-19 18:45:00+00:00,0.5,target
CADJPY,SHORT,2026-05-20 01:30:00+00:00,2026-05-20 02:15:00+00:00,0.4,target
GBPCAD,LONG,2026-05-20 16:45:00+00:00,2026-05-20 21:00:00+00:00,-1.0,stop
EURUSD,SHORT,2026-05-21 03:45:00+00:00,2026-05-21 04:45:00+00:00,-1.0,stop
GBPCAD,LONG,2026-05-21 07:45:00+00:00,2026-05-21 08:00:00+00:00,0.5,target
GBPCAD,LONG,2026-05-21 08:45:00+00:00,2026-05-21 09:00:00+00:00,0.5,target
EURUSD,SHORT,2026-05-21 14:15:00+00:00,2026-05-21 15:00:00+00:00,0.5,target
CADJPY,SHORT,2026-05-22 03:30:00+00:00,2026-05-22 03:45:00+00:00,0.4,target
CADJPY,SHORT,2026-05-22 04:30:00+00:00,2026-05-22 04:45:00+00:00,-1.0,stop
NZDUSD,SHORT,2026-05-22 08:00:00+00:00,2026-05-22 09:00:00+00:00,0.5,target
XAUUSD,SHORT,2026-05-22 11:15:00+00:00,2026-05-22 11:30:00+00:00,-1.0,stop
XAUUSD,SHORT,2026-05-22 14:45:00+00:00,2026-05-22 15:00:00+00:00,-1.0,stop
CADJPY,SHORT,2026-05-22 17:00:00+00:00,2026-05-22 17:15:00+00:00,0.4,target
XAUUSD,SHORT,2026-05-22 19:45:00+00:00,2026-05-22 20:00:00+00:00,0.5,target
XAUUSD,SHORT,2026-05-22 20:30:00+00:00,2026-05-24 22:00:00+00:00,-1.0,stop
NZDUSD,LONG,2026-05-25 00:15:00+00:00,2026-05-25 01:15:00+00:00,0.5,target
XAUUSD,LONG,2026-05-25 11:00:00+00:00,2026-05-25 11:30:00+00:00,0.5,target
GBPUSD,LONG,2026-05-25 14:15:00+00:00,2026-05-25 15:00:00+00:00,0.5,target
GBPCAD,SHORT,2026-05-25 14:30:00+00:00,2026-05-25 15:00:00+00:00,0.5,target
NZDUSD,SHORT,2026-05-26 01:15:00+00:00,2026-05-26 01:30:00+00:00,0.5,target
GBPUSD,SHORT,2026-05-26 02:30:00+00:00,2026-05-26 03:00:00+00:00,-1.0,stop
NZDUSD,SHORT,2026-05-26 04:15:00+00:00,2026-05-26 05:00:00+00:00,0.5,target
XAUUSD,SHORT,2026-05-26 05:45:00+00:00,2026-05-26 06:00:00+00:00,-1.0,stop
GBPCAD,SHORT,2026-05-26 06:30:00+00:00,2026-05-26 06:45:00+00:00,0.5,target
GBPCAD,SHORT,2026-05-26 09:30:00+00:00,2026-05-26 13:30:00+00:00,0.5,target
EURUSD,SHORT,2026-05-26 12:30:00+00:00,2026-05-26 12:45:00+00:00,0.5,target
NZDUSD,LONG,2026-05-27 00:00:00+00:00,2026-05-27 00:30:00+00:00,0.5,target
XAUUSD,SHORT,2026-05-27 06:45:00+00:00,2026-05-27 07:45:00+00:00,0.5,target
CADJPY,SHORT,2026-05-27 11:15:00+00:00,2026-05-27 11:45:00+00:00,-1.0,stop
EURUSD,SHORT,2026-05-27 11:15:00+00:00,2026-05-27 11:45:00+00:00,0.5,target
NZDUSD,LONG,2026-05-27 13:00:00+00:00,2026-05-27 14:15:00+00:00,0.5,target
CADJPY,LONG,2026-05-27 16:45:00+00:00,2026-05-27 17:15:00+00:00,0.4,target
EURUSD,SHORT,2026-05-27 18:00:00+00:00,2026-05-27 23:45:00+00:00,0.5,target
EURUSD,SHORT,2026-05-28 02:30:00+00:00,2026-05-28 03:00:00+00:00,0.5,target
GBPUSD,SHORT,2026-05-28 02:30:00+00:00,2026-05-28 03:00:00+00:00,0.5,target
GBPUSD,LONG,2026-05-28 13:30:00+00:00,2026-05-28 14:00:00+00:00,-1.0,stop(ambiguous)
GBPUSD,SHORT,2026-05-29 03:30:00+00:00,2026-05-29 03:45:00+00:00,0.5,target
XAUUSD,LONG,2026-05-29 15:45:00+00:00,2026-05-29 20:45:00+00:00,-1.0,stop
NZDUSD,SHORT,2026-06-01 01:00:00+00:00,2026-06-01 01:45:00+00:00,0.5,target
NZDUSD,SHORT,2026-06-01 03:30:00+00:00,2026-06-01 09:00:00+00:00,0.5,target
EURUSD,LONG,2026-06-01 05:30:00+00:00,2026-06-01 06:00:00+00:00,0.5,target
GBPUSD,LONG,2026-06-01 05:30:00+00:00,2026-06-01 06:00:00+00:00,0.5,target
GBPUSD,LONG,2026-06-01 06:30:00+00:00,2026-06-01 06:45:00+00:00,0.5,target
XAUUSD,SHORT,2026-06-01 07:15:00+00:00,2026-06-01 07:30:00+00:00,0.5,target
XAUUSD,SHORT,2026-06-01 09:15:00+00:00,2026-06-01 09:30:00+00:00,0.5,target
CADJPY,SHORT,2026-06-01 13:30:00+00:00,2026-06-01 21:00:00+00:00,0.4,target
XAUUSD,LONG,2026-06-01 18:30:00+00:00,2026-06-02 00:00:00+00:00,-1.0,stop
EURUSD,LONG,2026-06-01 18:30:00+00:00,2026-06-01 19:45:00+00:00,-1.0,stop
XAUUSD,LONG,2026-06-02 04:30:00+00:00,2026-06-02 04:45:00+00:00,0.5,target
GBPCAD,LONG,2026-06-03 05:00:00+00:00,2026-06-03 05:15:00+00:00,0.5,target
CADJPY,SHORT,2026-06-03 09:45:00+00:00,2026-06-03 14:00:00+00:00,0.4,target
XAUUSD,LONG,2026-06-04 01:45:00+00:00,2026-06-04 02:45:00+00:00,0.5,target
XAUUSD,LONG,2026-06-04 03:45:00+00:00,2026-06-04 04:00:00+00:00,0.5,target
XAUUSD,LONG,2026-06-04 12:15:00+00:00,2026-06-04 12:45:00+00:00,0.5,target
GBPCAD,SHORT,2026-06-04 17:00:00+00:00,2026-06-04 17:45:00+00:00,0.5,target
CADJPY,SHORT,2026-06-04 20:45:00+00:00,2026-06-04 21:00:00+00:00,0.4,target
CADJPY,SHORT,2026-06-05 02:30:00+00:00,2026-06-05 03:15:00+00:00,0.4,target
NZDUSD,LONG,2026-06-05 08:00:00+00:00,2026-06-05 08:15:00+00:00,0.5,target
NZDUSD,LONG,2026-06-05 09:00:00+00:00,2026-06-05 10:15:00+00:00,0.5,target
GBPCAD,LONG,2026-06-05 10:00:00+00:00,2026-06-05 10:15:00+00:00,0.5,target
CADJPY,SHORT,2026-06-08 07:30:00+00:00,2026-06-08 07:45:00+00:00,0.4,target
XAUUSD,LONG,2026-06-08 11:45:00+00:00,2026-06-08 13:30:00+00:00,0.5,target
EURUSD,LONG,2026-06-08 19:00:00+00:00,2026-06-08 19:30:00+00:00,0.5,target
XAUUSD,SHORT,2026-06-09 00:15:00+00:00,2026-06-09 01:00:00+00:00,-1.0,stop
GBPUSD,LONG,2026-06-09 05:15:00+00:00,2026-06-09 05:30:00+00:00,0.5,target
NZDUSD,LONG,2026-06-09 14:45:00+00:00,2026-06-09 16:00:00+00:00,-1.0,stop
GBPUSD,LONG,2026-06-09 16:45:00+00:00,2026-06-09 17:15:00+00:00,0.5,target
NZDUSD,SHORT,2026-06-09 19:00:00+00:00,2026-06-09 21:15:00+00:00,0.5,target
GBPCAD,SHORT,2026-06-09 20:45:00+00:00,2026-06-09 21:00:00+00:00,0.5,target
GBPCAD,LONG,2026-06-10 03:45:00+00:00,2026-06-10 04:30:00+00:00,-1.0,stop
EURUSD,LONG,2026-06-10 04:45:00+00:00,2026-06-10 05:00:00+00:00,0.5,target
XAUUSD,SHORT,2026-06-10 18:15:00+00:00,2026-06-10 18:45:00+00:00,0.5,target
GBPUSD,SHORT,2026-06-10 19:45:00+00:00,2026-06-10 20:00:00+00:00,0.5,target
CADJPY,SHORT,2026-06-10 20:45:00+00:00,2026-06-10 21:00:00+00:00,0.4,target
EURUSD,SHORT,2026-06-11 00:30:00+00:00,2026-06-11 01:00:00+00:00,-1.0,stop
GBPCAD,SHORT,2026-06-11 00:30:00+00:00,2026-06-11 01:00:00+00:00,-1.0,stop
GBPUSD,SHORT,2026-06-11 09:15:00+00:00,2026-06-11 10:00:00+00:00,0.5,target
GBPCAD,LONG,2026-06-11 12:30:00+00:00,2026-06-11 12:45:00+00:00,0.5,target
CADJPY,LONG,2026-06-12 01:30:00+00:00,2026-06-12 01:45:00+00:00,0.4,target
XAUUSD,SHORT,2026-06-12 02:15:00+00:00,2026-06-12 05:30:00+00:00,0.5,target
GBPCAD,SHORT,2026-06-12 13:30:00+00:00,2026-06-12 14:15:00+00:00,0.5,target
XAUUSD,LONG,2026-06-12 16:00:00+00:00,2026-06-12 16:15:00+00:00,0.5,target
GBPCAD,SHORT,2026-06-15 12:00:00+00:00,2026-06-15 12:30:00+00:00,0.5,target
CADJPY,SHORT,2026-06-15 14:00:00+00:00,2026-06-15 14:15:00+00:00,0.4,target
XAUUSD,LONG,2026-06-15 15:15:00+00:00,2026-06-15 15:30:00+00:00,0.5,target
NZDUSD,SHORT,2026-06-15 16:30:00+00:00,2026-06-15 17:30:00+00:00,0.5,target
GBPUSD,SHORT,2026-06-16 05:30:00+00:00,2026-06-16 05:45:00+00:00,0.5,target
CADJPY,LONG,2026-06-16 09:45:00+00:00,2026-06-16 10:00:00+00:00,0.4,target
XAUUSD,LONG,2026-06-16 14:00:00+00:00,2026-06-16 14:15:00+00:00,-1.0,stop
NZDUSD,SHORT,2026-06-16 20:30:00+00:00,2026-06-16 20:45:00+00:00,0.5,target
XAUUSD,SHORT,2026-06-17 05:00:00+00:00,2026-06-17 05:30:00+00:00,-1.0,stop
XAUUSD,LONG,2026-06-17 15:00:00+00:00,2026-06-17 15:15:00+00:00,0.5,target
GBPUSD,SHORT,2026-06-17 16:00:00+00:00,2026-06-17 17:45:00+00:00,-1.0,stop
GBPCAD,SHORT,2026-06-17 20:45:00+00:00,2026-06-18 00:00:00+00:00,-1.0,stop
XAUUSD,SHORT,2026-06-18 18:00:00+00:00,2026-06-18 18:30:00+00:00,0.5,target
GBPCAD,SHORT,2026-06-19 00:15:00+00:00,2026-06-19 01:45:00+00:00,0.5,target
NZDUSD,SHORT,2026-06-19 03:00:00+00:00,2026-06-19 03:15:00+00:00,0.5,target
GBPUSD,SHORT,2026-06-19 03:45:00+00:00,2026-06-19 04:00:00+00:00,0.5,target
CADJPY,SHORT,2026-06-19 04:30:00+00:00,2026-06-19 04:45:00+00:00,0.4,target
CADJPY,SHORT,2026-06-19 12:00:00+00:00,2026-06-19 12:45:00+00:00,0.4,target
EURUSD,LONG,2026-06-19 19:00:00+00:00,2026-06-19 19:30:00+00:00,-1.0,stop
XAUUSD,LONG,2026-06-22 04:00:00+00:00,2026-06-22 05:00:00+00:00,0.5,target
GBPCAD,LONG,2026-06-22 11:00:00+00:00,2026-06-22 12:30:00+00:00,0.5,target
NZDUSD,SHORT,2026-06-23 02:45:00+00:00,2026-06-23 03:00:00+00:00,0.5,target
NZDUSD,SHORT,2026-06-23 04:00:00+00:00,2026-06-23 04:45:00+00:00,0.5,target
EURUSD,SHORT,2026-06-23 09:30:00+00:00,2026-06-23 10:45:00+00:00,0.5,target
GBPUSD,SHORT,2026-06-23 10:00:00+00:00,2026-06-23 10:30:00+00:00,0.5,target
NZDUSD,SHORT,2026-06-23 12:15:00+00:00,2026-06-23 15:45:00+00:00,0.5,target
CADJPY,SHORT,2026-06-23 17:15:00+00:00,2026-06-23 17:45:00+00:00,0.4,target
GBPCAD,LONG,2026-06-23 20:45:00+00:00,2026-06-23 21:00:00+00:00,-1.0,stop
XAUUSD,SHORT,2026-06-24 01:30:00+00:00,2026-06-24 01:45:00+00:00,0.5,target
EURUSD,SHORT,2026-06-24 02:15:00+00:00,2026-06-24 02:30:00+00:00,0.5,target
NZDUSD,SHORT,2026-06-24 06:15:00+00:00,2026-06-24 06:45:00+00:00,0.5,target
XAUUSD,SHORT,2026-06-24 12:00:00+00:00,2026-06-24 12:15:00+00:00,0.5,target
XAUUSD,SHORT,2026-06-24 14:00:00+00:00,2026-06-24 14:45:00+00:00,0.5,target
NZDUSD,SHORT,2026-06-24 14:15:00+00:00,2026-06-24 14:30:00+00:00,0.5,target
XAUUSD,SHORT,2026-06-24 18:30:00+00:00,2026-06-24 19:00:00+00:00,0.5,target
GBPCAD,LONG,2026-06-25 02:00:00+00:00,2026-06-25 03:00:00+00:00,0.5,target
GBPUSD,LONG,2026-06-25 02:00:00+00:00,2026-06-25 02:15:00+00:00,0.5,target
CADJPY,LONG,2026-06-25 09:15:00+00:00,2026-06-25 09:30:00+00:00,-1.0,stop
GBPUSD,LONG,2026-06-25 09:15:00+00:00,2026-06-25 09:45:00+00:00,-1.0,stop
XAUUSD,SHORT,2026-06-26 03:15:00+00:00,2026-06-26 04:45:00+00:00,-1.0,stop
GBPCAD,LONG,2026-06-26 08:30:00+00:00,2026-06-26 09:30:00+00:00,0.5,target
XAUUSD,LONG,2026-06-26 10:00:00+00:00,2026-06-26 12:30:00+00:00,-1.0,stop
NZDUSD,LONG,2026-06-26 12:00:00+00:00,2026-06-26 12:45:00+00:00,0.5,target
EURUSD,LONG,2026-06-29 03:00:00+00:00,2026-06-29 03:15:00+00:00,-1.0,stop
GBPUSD,LONG,2026-06-29 03:00:00+00:00,2026-06-29 03:45:00+00:00,-1.0,stop
NZDUSD,LONG,2026-06-29 03:00:00+00:00,2026-06-29 05:30:00+00:00,0.5,target
EURUSD,LONG,2026-06-29 09:00:00+00:00,2026-06-29 09:45:00+00:00,0.5,target
GBPUSD,SHORT,2026-07-01 05:45:00+00:00,2026-07-01 06:15:00+00:00,0.5,target
GBPCAD,LONG,2026-07-01 11:15:00+00:00,2026-07-01 11:30:00+00:00,0.5,target
NZDUSD,LONG,2026-07-02 13:30:00+00:00,2026-07-03 06:00:00+00:00,0.5,target
GBPCAD,LONG,2026-07-03 02:00:00+00:00,2026-07-03 02:30:00+00:00,-1.0,stop
GBPCAD,LONG,2026-07-03 07:30:00+00:00,2026-07-03 07:45:00+00:00,0.5,target
XAUUSD,SHORT,2026-07-06 03:30:00+00:00,2026-07-06 04:30:00+00:00,0.5,target
GBPCAD,LONG,2026-07-06 08:45:00+00:00,2026-07-06 10:15:00+00:00,-1.0,stop
CADJPY,SHORT,2026-07-07 06:30:00+00:00,2026-07-07 07:15:00+00:00,0.4,target
GBPCAD,SHORT,2026-07-07 06:45:00+00:00,2026-07-07 07:00:00+00:00,0.5,target
EURUSD,SHORT,2026-07-07 08:30:00+00:00,2026-07-07 08:45:00+00:00,0.5,target
XAUUSD,LONG,2026-07-07 14:15:00+00:00,2026-07-07 15:45:00+00:00,-1.0,stop
NZDUSD,SHORT,2026-07-07 20:15:00+00:00,2026-07-07 21:30:00+00:00,0.5,target
XAUUSD,SHORT,2026-07-08 03:30:00+00:00,2026-07-08 04:15:00+00:00,0.5,target
NZDUSD,LONG,2026-07-08 09:30:00+00:00,2026-07-08 15:45:00+00:00,-1.0,stop
NZDUSD,LONG,2026-07-09 01:45:00+00:00,2026-07-09 05:00:00+00:00,0.5,target
XAUUSD,LONG,2026-07-09 14:45:00+00:00,2026-07-09 16:30:00+00:00,0.5,target
GBPCAD,LONG,2026-07-10 04:45:00+00:00,2026-07-10 05:15:00+00:00,0.5,target
GBPCAD,SHORT,2026-07-10 14:45:00+00:00,2026-07-10 16:00:00+00:00,0.5,target
NZDUSD,LONG,2026-07-13 02:15:00+00:00,2026-07-13 03:00:00+00:00,-1.0,stop
CADJPY,LONG,2026-07-13 03:15:00+00:00,2026-07-13 03:30:00+00:00,0.4,target
GBPCAD,SHORT,2026-07-13 20:45:00+00:00,2026-07-13 21:00:00+00:00,-1.0,stop(ambiguous)
XAUUSD,LONG,2026-07-14 03:15:00+00:00,2026-07-14 05:30:00+00:00,0.5,target
CADJPY,LONG,2026-07-14 12:00:00+00:00,2026-07-14 12:15:00+00:00,0.4,target
NZDUSD,LONG,2026-07-14 15:00:00+00:00,2026-07-14 15:45:00+00:00,-1.0,stop
CADJPY,LONG,2026-07-14 15:30:00+00:00,2026-07-14 16:30:00+00:00,0.4,target
GBPUSD,LONG,2026-07-15 00:15:00+00:00,2026-07-15 00:45:00+00:00,0.5,target
GBPUSD,LONG,2026-07-15 08:15:00+00:00,2026-07-15 08:45:00+00:00,-1.0,stop
EURUSD,LONG,2026-07-15 13:30:00+00:00,2026-07-15 13:45:00+00:00,0.5,target
GBPUSD,LONG,2026-07-15 13:30:00+00:00,2026-07-15 13:45:00+00:00,0.5,target
NZDUSD,LONG,2026-07-15 19:00:00+00:00,2026-07-16 00:45:00+00:00,-1.0,stop
GBPCAD,SHORT,2026-07-16 08:45:00+00:00,2026-07-16 09:15:00+00:00,0.5,target
EURUSD,SHORT,2026-07-16 13:30:00+00:00,2026-07-16 14:00:00+00:00,0.5,target
GBPUSD,SHORT,2026-07-16 15:15:00+00:00,2026-07-16 16:15:00+00:00,0.5,target
XAUUSD,SHORT,2026-07-16 15:45:00+00:00,2026-07-16 16:00:00+00:00,0.5,target
NZDUSD,SHORT,2026-07-16 19:00:00+00:00,2026-07-16 21:00:00+00:00,0.5,target
EURUSD,SHORT,2026-07-16 20:45:00+00:00,2026-07-16 21:00:00+00:00,0.5,target
GBPCAD,SHORT,2026-07-17 02:15:00+00:00,2026-07-17 02:30:00+00:00,0.5,target
GBPUSD,SHORT,2026-07-17 02:15:00+00:00,2026-07-17 02:30:00+00:00,0.5,target
GBPUSD,LONG,2026-07-17 06:45:00+00:00,2026-07-17 07:00:00+00:00,0.5,target
CADJPY,LONG,2026-07-17 13:45:00+00:00,2026-07-17 14:45:00+00:00,0.4,target
GBPCAD,LONG,2026-07-20 03:00:00+00:00,2026-07-20 03:30:00+00:00,0.5,target
GBPCAD,LONG,2026-07-20 06:15:00+00:00,2026-07-20 07:15:00+00:00,0.5,target
CADJPY,SHORT,2026-07-20 13:30:00+00:00,2026-07-20 14:00:00+00:00,-1.0,stop
GBPCAD,LONG,2026-07-20 17:00:00+00:00,2026-07-20 17:15:00+00:00,0.5,target
GBPUSD,LONG,2026-07-21 05:15:00+00:00,2026-07-21 05:30:00+00:00,0.5,target
GBPCAD,LONG,2026-07-21 18:30:00+00:00,2026-07-21 19:15:00+00:00,0.5,target
GBPUSD,LONG,2026-07-22 04:15:00+00:00,2026-07-22 05:00:00+00:00,0.5,target
NZDUSD,SHORT,2026-07-22 10:45:00+00:00,2026-07-22 11:30:00+00:00,0.5,target
GBPCAD,SHORT,2026-07-22 14:00:00+00:00,2026-07-22 14:15:00+00:00,0.5,target
GBPCAD,SHORT,2026-07-23 07:30:00+00:00,2026-07-23 08:30:00+00:00,0.5,target
GBPUSD,SHORT,2026-07-23 09:45:00+00:00,2026-07-23 10:15:00+00:00,0.5,target
EURUSD,SHORT,2026-07-23 10:00:00+00:00,2026-07-23 10:15:00+00:00,0.5,target
XAUUSD,SHORT,2026-07-23 12:00:00+00:00,2026-07-23 12:15:00+00:00,0.5,target
GBPCAD,SHORT,2026-07-23 12:30:00+00:00,2026-07-23 13:00:00+00:00,0.5,target
NZDUSD,LONG,2026-07-24 09:15:00+00:00,2026-07-24 09:45:00+00:00,0.5,target
CADJPY,SHORT,2026-07-24 13:45:00+00:00,2026-07-24 14:00:00+00:00,-1.0,stop
XAUUSD,LONG,2026-07-24 15:45:00+00:00,2026-07-24 16:15:00+00:00,0.005316056150838284,time_stop
NZDUSD,LONG,2026-07-24 15:45:00+00:00,2026-07-24 16:15:00+00:00,0.0791183950268115,time_stop
