tp_r,tp1_frac,breakeven_after_tp1,sl_atr_buffer,retr_frac,min_score,n,wr,pf,exp
0.6,0.0,False,0.8,0.5,0,186,63.44086021505376,0.9080312095192699,-0.03531135080616835
0.6,0.0,False,0.8,0.5,60,181,63.53591160220995,0.9129105577770389,-0.0333090461643179
0.6,0.0,False,0.8,0.5,65,167,64.07185628742515,0.9374321687201785,-0.02349233535945554
0.6,0.0,False,0.8,0.5,70,134,63.43283582089553,0.9046568658112117,-0.036767339792492956
0.6,0.0,False,0.8,0.5,75,68,55.88235294117647,0.6684324810736582,-0.15264583119281
0.6,0.0,False,0.8,0.62,0,120,62.5,0.8450914809623098,-0.06296475376669688
0.6,0.0,False,0.8,0.62,60,115,62.60869565217392,0.8506070725958688,-0.06047844699184977
0.6,0.0,False,0.8,0.62,65,109,63.30275229357798,0.8757198558207452,-0.04939457196673539
0.6,0.0,False,0.8,0.62,70,89,62.92134831460674,0.8652072796754562,-0.05403737904002368
0.6,0.0,False,0.8,0.62,75,52,61.53846153846154,0.8217276849499049,-0.07379890027963555
0.6,0.0,False,1.1,0.5,0,204,61.274509803921575,0.8406643319755617,-0.06433028475498927
0.6,0.0,False,1.1,0.5,60,198,62.121212121212125,0.8737308197124449,-0.04973748516070269
0.6,0.0,False,1.1,0.5,65,180,62.77777777777778,0.9052771656971355,-0.03640673996875161
0.6,0.0,False,1.1,0.5,70,141,62.4113475177305,0.8887304583094555,-0.04335799832418921
0.6,0.0,False,1.1,0.5,75,71,53.52112676056338,0.6283729647607945,-0.17554129747329283
0.6,0.0,False,1.1,0.62,0,142,63.38028169014085,0.886793026595095,-0.044734349119927894
0.6,0.0,False,1.1,0.62,60,137,63.503649635036496,0.8924734427106521,-0.04231855139275073
0.6,0.0,False,1.1,0.62,65,127,64.56692913385827,0.9386097949461214,-0.023347224569066353
0.6,0.0,False,1.1,0.62,70,102,64.70588235294117,0.950266591286267,-0.018769102920369256
0.6,0.0,False,1.1,0.62,75,57,66.66666666666666,1.0418568119410672,0.014862098286743347
0.6,0.0,False,0.5,0.5,0,162,65.4320987654321,0.9586008886525068,-0.01545839613421219
0.6,0.0,False,0.5,0.5,60,157,65.60509554140127,0.96700384170013,-0.012248082786314325
0.6,0.0,False,0.5,0.5,65,147,65.98639455782312,0.9849109695112723,-0.005532202924805109
0.6,0.0,False,0.5,0.5,70,118,64.40677966101694,0.9232676301617133,-0.029389566315981074
0.6,0.0,False,0.5,0.5,75,62,56.451612903225815,0.6684356698509951,-0.15502199166705102
0.6,0.0,False,0.5,0.62,0,97,62.88659793814433,0.8476988966301984,-0.06153475272291232
0.6,0.0,False,0.5,0.62,60,94,62.76595744680851,0.8449801051065646,-0.06273090326848245
0.6,0.0,False,0.5,0.62,65,89,62.92134831460674,0.8502639485879773,-0.060364543482694655
0.6,0.0,False,0.5,0.62,70,74,60.810810810810814,0.7785634377209112,-0.09427142651094528
0.8,0.0,False,0.5,0.5,0,194,56.18556701030928,0.8822918768324652,-0.05578389734560808
0.8,0.0,False,0.5,0.5,60,190,56.84210526315789,0.9067581385290463,-0.043507332304847206
0.8,0.0,False,0.5,0.5,65,172,56.97674418604651,0.9142231000879404,-0.03980476244910495
0.8,0.0,False,0.5,0.5,70,138,56.52173913043478,0.8902293056413139,-0.05198999678096016
0.8,0.0,False,0.5,0.5,75,70,47.14285714285714,0.6163311216513344,-0.220479157363097
0.8,0.0,False,0.5,0.62,0,123,54.47154471544715,0.806113076212734,-0.09675492187878863
0.8,0.0,False,0.5,0.62,60,118,54.23728813559322,0.7997476756597173,-0.10033758241068294
0.8,0.0,False,0.5,0.62,65,111,54.95495495495496,0.8239494524972604,-0.08670447864840289
0.8,0.0,False,0.5,0.62,70,91,53.84615384615385,0.7929396719717876,-0.10419220371087541
0.8,0.0,False,0.5,0.62,75,54,51.85185185185185,0.7374465495629969,-0.1375367106151154
0.8,0.0,False,0.8,0.5,0,216,51.85185185185185,0.7589757556807973,-0.12213323028692781
0.8,0.0,False,0.8,0.5,60,209,52.15311004784689,0.7703189846366434,-0.11542844052320093
0.8,0.0,False,0.8,0.5,65,188,52.12765957446809,0.772428945151309,-0.11392939397943286
0.8,0.0,False,0.8,0.5,70,147,54.421768707483,0.8526232509408732,-0.07014235532903801
0.8,0.0,False,0.8,0.5,75,74,44.5945945945946,0.5760812561612316,-0.24409357819550706
0.8,0.0,False,0.8,0.62,0,146,55.47945205479452,0.853947783885113,-0.06976702565061178
0.8,0.0,False,0.8,0.62,60,141,55.319148936170215,0.8491559072156051,-0.07223572125566251
0.8,0.0,False,0.8,0.62,65,130,56.15384615384615,0.8796798307926167,-0.05638042994343542
0.8,0.0,False,0.8,0.62,70,104,57.692307692307686,0.9235778477026089,-0.03502626579121956
0.8,0.0,False,0.8,0.62,75,61,60.65573770491803,1.0354619748847187,0.015099194702326948
1.0,0.0,False,0.8,0.5,0,221,48.86877828054298,0.8570333729350614,-0.07593536490702268
1.0,0.0,False,0.8,0.5,60,212,49.056603773584904,0.8663452873049543,-0.07049608127172832
1.0,0.0,False,0.8,0.5,65,187,50.80213903743316,0.9381662305298496,-0.03114758891852105
1.0,0.0,False,0.8,0.5,70,150,53.333333333333336,1.0437326185050408,0.020890292375103727
1.0,0.0,False,0.8,0.5,75,75,40.0,0.6179738915999212,-0.23127520115621483
1.0,0.0,False,0.8,0.62,0,167,44.31137724550898,0.6830497280974248,-0.19035369534250057
1.0,0.0,False,0.8,0.62,60,162,45.06172839506173,0.7053745583420092,-0.17424870383047003
1.0,0.0,False,0.8,0.62,65,147,46.25850340136054,0.7414902913569782,-0.1490326148558542
1.0,0.0,False,0.8,0.62,70,114,49.122807017543856,0.8265749988042418,-0.0951734733720732
1.0,0.0,False,0.8,0.62,75,64,43.75,0.6568493632255878,-0.20663569021787379
1.0,0.0,False,0.5,0.5,0,214,49.532710280373834,0.8507103112754983,-0.08145038028840305
1.0,0.0,False,0.5,0.5,60,207,49.75845410628019,0.859885702886441,-0.07599746910013779
1.0,0.0,False,0.5,0.5,65,186,50.0,0.8713181066269561,-0.06921812292346508
1.0,0.0,False,0.5,0.5,70,149,51.67785234899329,0.9336338956260537,-0.03466372493364643
1.0,0.0,False,0.5,0.5,75,74,40.54054054054054,0.5951319564313244,-0.26261517903767995
1.0,0.0,False,0.5,0.62,0,143,48.95104895104895,0.8223707159219172,-0.09902489779520149
1.0,0.0,False,0.5,0.62,60,138,48.55072463768116,0.8102401993725332,-0.10651840375422751
1.0,0.0,False,0.5,0.62,65,127,48.818897637795274,0.820478906107024,-0.10000294883512947
1.0,0.0,False,0.5,0.62,70,102,49.01960784313725,0.8199215940246227,-0.10114212580549822
1.0,0.0,False,0.5,0.62,75,61,45.90163934426229,0.7233559003632247,-0.16546361746662464
0.8,0.0,False,1.1,0.5,0,219,53.42465753424658,0.8316463660848902,-0.08019148588666071
0.8,0.0,False,1.1,0.5,60,210,53.80952380952381,0.8408719069604285,-0.07551405189463808
0.8,0.0,False,1.1,0.5,65,184,55.434782608695656,0.9091751678085147,-0.041011245404723555
0.8,0.0,False,1.1,0.5,70,149,57.04697986577181,0.9793455835244321,-0.008937323329851036
0.8,0.0,False,1.1,0.5,75,73,45.20547945205479,0.6236527362220855,-0.20413761562725902
0.8,0.0,False,1.1,0.62,0,166,53.6144578313253,0.7957600353384258,-0.10179990723341958
0.8,0.0,False,1.1,0.62,60,159,53.459119496855344,0.7922725983941438,-0.10371812060582597
0.8,0.0,False,1.1,0.62,65,144,54.861111111111114,0.8423862892440133,-0.07585473847694821
0.8,0.0,False,1.1,0.62,70,111,57.65765765765766,0.9343818072794907,-0.029914136748547794
0.8,0.0,False,1.1,0.62,75,63,55.55555555555556,0.8462970967138188,-0.07356110102593653
1.0,0.0,False,1.1,0.5,0,231,46.75324675324675,0.7924703855928122,-0.11171433883779908
1.0,0.0,False,1.1,0.5,60,221,46.60633484162896,0.784039229209412,-0.11695896375650067
1.0,0.0,False,1.1,0.5,65,197,48.73096446700508,0.8636970338703767,-0.06981829364682944
1.0,0.0,False,1.1,0.5,70,151,50.331125827814574,0.9295820982575931,-0.034516044176725304
1.0,0.0,False,1.1,0.5,75,75,40.0,0.638769564497021,-0.20667500534972527
1.0,0.0,False,1.1,0.62,0,175,44.57142857142857,0.7067674380999703,-0.16930917374822713
1.0,0.0,False,1.1,0.62,60,168,45.23809523809524,0.7215684495967639,-0.15980541320635835
1.0,0.0,False,1.1,0.62,65,147,47.61904761904761,0.8018948049279677,-0.10730811857526434
1.0,0.0,False,1.1,0.62,70,116,50.0,0.8856807796136184,-0.05891810432556503
1.0,0.0,False,1.1,0.62,75,64,43.75,0.6881862956548459,-0.18019856220359776
1.25,0.0,False,0.5,0.5,0,221,45.248868778280546,0.8963978873466625,-0.06075981469710949
1.25,0.0,False,0.5,0.5,60,211,45.023696682464454,0.8898642226907831,-0.06470577617261941
1.25,0.0,False,0.5,0.5,65,190,46.31578947368421,0.9421121632530012,-0.03298673892030011
1.25,0.0,False,0.5,0.5,70,151,48.34437086092716,1.0220733879027482,0.01215678657479467
1.25,0.0,False,0.5,0.5,75,77,36.36363636363637,0.6257970427719582,-0.2541082253255706
1.25,0.0,False,0.5,0.62,0,162,39.50617283950617,0.7025088768140019,-0.1967687148907079
1.25,0.0,False,0.5,0.62,60,157,40.12738853503185,0.7224582969045596,-0.1813410381438127
1.25,0.0,False,0.5,0.62,65,143,40.55944055944056,0.7373667157171464,-0.1697661812619409
1.25,0.0,False,0.5,0.62,70,112,41.964285714285715,0.7856748165685445,-0.13595831427358349
1.25,0.0,False,0.5,0.62,75,65,38.46153846153847,0.6726045299608553,-0.2231823399797923
1.25,0.0,False,0.8,0.5,0,231,43.290043290043286,0.8276981242276649,-0.10154566966397147
1.25,0.0,False,0.8,0.5,60,221,42.98642533936652,0.8176476392986661,-0.10774174217460376
1.25,0.0,False,0.8,0.5,65,200,44.0,0.8646393528282438,-0.0778870096205992
1.25,0.0,False,0.8,0.5,70,155,47.096774193548384,0.9986007448416714,-0.0007455068035680011
1.25,0.0,False,0.8,0.5,75,78,38.46153846153847,0.7187103458463869,-0.17188675393598993
1.25,0.0,False,0.8,0.62,0,175,41.714285714285715,0.7780323496266889,-0.13794838089299039
1.25,0.0,False,0.8,0.62,60,168,42.26190476190476,0.7982211000252033,-0.12383845835150294
1.25,0.0,False,0.8,0.62,65,147,44.21768707482993,0.8700540250813388,-0.07632055473726197
1.25,0.0,False,0.8,0.62,70,117,47.008547008547005,0.9787322251379442,-0.011863296738358835
1.25,0.0,False,0.8,0.62,75,66,39.39393939393939,0.6970083534673901,-0.19380282065576096
1.25,0.0,False,1.1,0.5,0,231,43.722943722943725,0.8410250626387481,-0.09021584949165674
1.25,0.0,False,1.1,0.5,60,222,43.69369369369369,0.8338670721392542,-0.094670659594116
1.25,0.0,False,1.1,0.5,65,199,45.22613065326633,0.9136931940893004,-0.04715935165008293
1.25,0.0,False,1.1,0.5,70,153,47.05882352941176,0.9999249822867281,-3.855903116854026e-05
1.25,0.0,False,1.1,0.5,75,80,40.0,0.810039730957393,-0.10738734294452454
1.25,0.0,False,1.1,0.62,0,184,41.84782608695652,0.7700000852379146,-0.13844146739227023
1.25,0.0,False,1.1,0.62,60,177,41.80790960451977,0.7616014453752795,-0.14453547416840085
1.25,0.0,False,1.1,0.62,65,155,44.516129032258064,0.8584555216743277,-0.08054532950491698
1.25,0.0,False,1.1,0.62,70,119,47.05882352941176,0.96679028672374,-0.01781306338780103
1.25,0.0,False,1.1,0.62,75,65,41.53846153846154,0.7858950733177975,-0.12386186590708927
1.5,0.0,False,0.8,0.5,0,231,41.125541125541126,0.875098348131955,-0.07610551831657728
1.5,0.0,False,0.8,0.5,60,223,41.25560538116592,0.8786126754834067,-0.07364068061428176
1.5,0.0,False,0.8,0.5,65,200,42.0,0.9288065160813984,-0.04222241843867916
1.5,0.0,False,0.8,0.5,70,153,44.44444444444444,1.0376204597177434,0.02089523632390326
1.5,0.0,False,0.8,0.5,75,84,38.095238095238095,0.8252096375194061,-0.10651093123604276
1.5,0.0,False,0.8,0.62,0,182,37.91208791208791,0.7593751253543437,-0.15868700227353003
1.5,0.0,False,0.8,0.62,60,174,37.93103448275862,0.7595268777880627,-0.15806742948790498
1.5,0.0,False,0.8,0.62,65,155,39.35483870967742,0.8073439016904306,-0.12261528183626913
1.5,0.0,False,0.8,0.62,70,119,42.016806722689076,0.9280954181360681,-0.04280213439087303
1.5,0.0,False,0.8,0.62,75,67,35.82089552238806,0.6802232086710238,-0.21140565258121738
1.5,0.0,False,0.5,0.5,0,227,41.85022026431718,0.9161729696668425,-0.05199721982023871
1.5,0.0,False,0.5,0.5,60,217,41.935483870967744,0.9198333167486474,-0.04952514401543243
1.5,0.0,False,0.5,0.5,65,195,43.07692307692308,0.9884377784263625,-0.006950152170597626
1.5,0.0,False,0.5,0.5,70,151,45.6953642384106,1.1166326144717664,0.06599600807024014
1.5,0.0,False,0.5,0.5,75,81,35.80246913580247,0.746715366032873,-0.170957837281248
1.5,0.0,False,0.5,0.62,0,169,38.46153846153847,0.8139058516360322,-0.12480787563775883
1.5,0.0,False,0.5,0.62,60,163,38.65030674846626,0.8224862647685892,-0.11845857988130565
1.5,0.0,False,0.5,0.62,65,148,39.189189189189186,0.8442671231712233,-0.10252765153165361
1.5,0.0,False,0.5,0.62,70,118,41.52542372881356,0.9366197607492504,-0.0402689979435211
1.5,0.0,False,0.5,0.62,75,71,36.61971830985916,0.7622293250041836,-0.16470554835779888
1.5,0.0,False,1.1,0.5,0,230,40.43478260869565,0.8270480016273174,-0.10334974836651471
1.5,0.0,False,1.1,0.5,60,222,40.99099099099099,0.8407817703991612,-0.09447535344685844
1.5,0.0,False,1.1,0.5,65,198,42.42424242424242,0.9287388719441554,-0.04063881439350108
1.5,0.0,False,1.1,0.5,70,150,44.666666666666664,1.0215634199974193,0.011512086641352207
1.5,0.0,False,1.1,0.5,75,83,38.55421686746988,0.8621526084153158,-0.0792199185991786
1.5,0.0,False,1.1,0.62,0,185,38.37837837837838,0.7636391111284161,-0.15084215268790882
1.5,0.0,False,1.1,0.62,60,178,38.764044943820224,0.7688992421090705,-0.14739365071085556
1.5,0.0,False,1.1,0.62,65,157,40.12738853503185,0.8195059332870641,-0.11110422578226736
1.5,0.0,False,1.1,0.62,70,121,42.97520661157025,0.947082282955252,-0.03015132407563102
1.5,0.0,False,1.1,0.62,75,67,40.298507462686565,0.8098615879641377,-0.11172532171279892
2.0,0.0,False,0.5,0.5,0,233,36.05150214592275,0.8855458683212251,-0.07773391869387086
2.0,0.0,False,0.5,0.5,60,225,36.44444444444444,0.8989706854684363,-0.06805002492347108
2.0,0.0,False,0.5,0.5,65,207,37.68115942028986,0.9773140264653674,-0.014877300219623944
2.0,0.0,False,0.5,0.5,70,165,40.60606060606061,1.1197333907029123,0.07332242004388449
2.0,0.0,False,0.5,0.5,75,91,36.26373626373626,0.9932001796135097,-0.004439185306302106
2.0,0.0,False,0.5,0.62,0,178,33.70786516853933,0.8236966354881077,-0.12745860226550557
2.0,0.0,False,0.5,0.62,60,170,34.11764705882353,0.8388851820589857,-0.11543083743041173
2.0,0.0,False,0.5,0.62,65,153,35.294117647058826,0.8905516247729242,-0.07649863862789298
2.0,0.0,False,0.5,0.62,70,117,37.60683760683761,1.0138744917261568,0.009188035551501227
2.0,0.0,False,0.5,0.62,75,73,32.87671232876712,0.788850110528749,-0.1528153897992019
2.0,0.0,False,0.8,0.5,0,232,36.206896551724135,0.8389321177808375,-0.10551025258508252
2.0,0.0,False,0.8,0.5,60,224,37.05357142857143,0.8701189918732828,-0.08366792899966533
2.0,0.0,False,0.8,0.5,65,204,38.23529411764706,0.9426364317260995,-0.03587257121323553
2.0,0.0,False,0.8,0.5,70,163,41.717791411042946,1.1082673510517294,0.06200472164662205
2.0,0.0,False,0.8,0.5,75,92,35.869565217391305,0.8911743408540749,-0.06724352181558797
2.0,0.0,False,0.8,0.62,0,186,33.33333333333333,0.7581082651917516,-0.1710308216233826
2.0,0.0,False,0.8,0.62,60,179,34.07821229050279,0.7832255834260151,-0.15112913511648307
2.0,0.0,False,0.8,0.62,65,163,34.96932515337423,0.8180673870598878,-0.12409202647352335
2.0,0.0,False,0.8,0.62,70,124,37.903225806451616,0.9454461613608309,-0.03463569445204926
2.0,0.0,False,0.8,0.62,75,77,36.36363636363637,0.9099110288986347,-0.05716787254808354
2.5,0.0,False,0.5,0.5,0,234,33.76068376068376,0.8711487512436356,-0.0904514396289753
2.5,0.0,False,0.5,0.5,60,227,34.36123348017621,0.8927170427686613,-0.07446915372525839
2.5,0.0,False,0.5,0.5,65,208,35.57692307692308,0.971655632228434,-0.019156641773996896
2.5,0.0,False,0.5,0.5,70,168,38.095238095238095,1.0892362188010083,0.05677277408456368
2.5,0.0,False,0.5,0.5,75,98,34.69387755102041,1.0023906995023246,0.001592064562447562
2.5,0.0,False,0.5,0.62,0,186,29.56989247311828,0.7648139046817464,-0.1792518815580936
2.5,0.0,False,0.5,0.62,60,179,30.16759776536313,0.7853605715787573,-0.1617982989982249
2.5,0.0,False,0.5,0.62,65,165,30.909090909090907,0.8184009259134889,-0.1344688892288332
2.5,0.0,False,0.5,0.62,70,127,33.85826771653544,0.9805431482777344,-0.013499337612254605
2.5,0.0,False,0.5,0.62,75,82,31.70731707317073,0.9276414822866139,-0.051774219470514214
2.0,0.0,False,1.1,0.5,0,229,37.117903930131,0.8105229459797147,-0.11819560664137056
2.0,0.0,False,1.1,0.5,60,221,38.009049773755656,0.8304831905626697,-0.10514150314844585
2.0,0.0,False,1.1,0.5,65,203,39.40886699507389,0.9098070510996683,-0.054012327979916404
2.0,0.0,False,1.1,0.5,70,159,42.138364779874216,1.0327596198928064,0.018036788103849403
2.0,0.0,False,1.1,0.5,75,91,36.26373626373626,0.883117963428819,-0.06890235916657424
2.0,0.0,False,1.1,0.62,0,185,34.054054054054056,0.7472984030136081,-0.17062140981286927
2.0,0.0,False,1.1,0.62,60,179,34.63687150837989,0.7653273034238119,-0.15653763667907206
2.0,0.0,False,1.1,0.62,65,162,36.41975308641975,0.8288049970144251,-0.11050364379372057
2.0,0.0,False,1.1,0.62,70,125,39.2,0.9643193872187421,-0.0212947665334914
2.0,0.0,False,1.1,0.62,75,75,36.0,0.8420658439872929,-0.09708029471318223
2.5,0.0,False,0.8,0.5,0,231,33.33333333333333,0.7593910257530848,-0.1650533760714935
2.5,0.0,False,0.8,0.5,60,225,34.22222222222222,0.7924532941256242,-0.1400714686724641
2.5,0.0,False,0.8,0.5,65,208,35.09615384615385,0.8501831398739322,-0.09895701365414902
2.5,0.0,False,0.8,0.5,70,164,38.41463414634146,1.0007358759182676,0.0004478173803618065
2.5,0.0,False,0.8,0.5,75,97,32.98969072164948,0.8716552835377365,-0.0837003611271103
2.5,0.0,False,0.8,0.62,0,187,29.946524064171122,0.6877250871717179,-0.2310541747959484
2.5,0.0,False,0.8,0.62,60,182,30.76923076923077,0.7169405417268668,-0.20642217096177387
2.5,0.0,False,0.8,0.62,65,166,31.92771084337349,0.7564359975767578,-0.1732702999254882
2.5,0.0,False,0.8,0.62,70,128,35.15625,0.9215637972321755,-0.051742337104905195
2.5,0.0,False,0.8,0.62,75,85,35.294117647058826,0.9910200898631073,-0.005861685890818305
2.5,0.0,False,1.1,0.5,0,229,34.06113537117904,0.7368717262187015,-0.17012787966239465
2.5,0.0,False,1.1,0.5,60,224,34.82142857142857,0.76076632146049,-0.15316458883812833
2.5,0.0,False,1.1,0.5,65,206,35.92233009708738,0.8223400438264292,-0.11116287461209913
2.5,0.0,False,1.1,0.5,70,162,38.88888888888889,0.9624379223630392,-0.021544022219678962
2.5,0.0,False,1.1,0.5,75,95,33.68421052631579,0.8692636541193933,-0.07826028590951203
2.5,0.0,False,1.1,0.62,0,185,32.432432432432435,0.6938033036463169,-0.21038711000858357
2.5,0.0,False,1.1,0.62,60,180,33.33333333333333,0.7199202988010404,-0.19061252282650873
2.5,0.0,False,1.1,0.62,65,165,33.939393939393945,0.7512913683720575,-0.16593651165630488
2.5,0.0,False,1.1,0.62,70,127,37.00787401574803,0.8922667193480902,-0.06608791018859572
2.5,0.0,False,1.1,0.62,75,82,37.80487804878049,1.0411346375699435,0.024235834752454104
