run,engine,time_server,side,entry,sl_pips,lots,risk_usd,r_mult,pnl_usd,exit_server
$500 mode: min lot 0.01 allowed if risk <= 5%,SCALP,2026-07-03 09:59:00,BUY,4174.19,39.2,0.01,3.92,0.91,3.59,2026-07-03 10:11:00
$500 mode: min lot 0.01 allowed if risk <= 5%,SCALP,2026-07-03 10:40:00,BUY,4179.28,37.3,0.01,3.73,-1.0,-3.73,2026-07-03 10:58:00
$500 mode: min lot 0.01 allowed if risk <= 5%,SCALP,2026-07-03 11:06:00,BUY,4185.57,57.9,0.01,5.79,-1.0,-5.79,2026-07-03 11:47:00
$500 mode: min lot 0.01 allowed if risk <= 5%,SCALP,2026-07-03 13:20:00,BUY,4180.49,30.0,0.01,3.0,-1.0,-3.0,2026-07-03 13:32:00
$500 mode: min lot 0.01 allowed if risk <= 5%,SCALP,2026-07-07 15:29:00,BUY,4168.56,64.5,0.01,6.45,-1.0,-6.45,2026-07-07 15:37:00
$500 mode: min lot 0.01 allowed if risk <= 5%,SCALP,2026-07-07 15:44:00,BUY,4165.52,50.1,0.01,5.01,1.83,9.2,2026-07-07 16:00:00
$500 mode: min lot 0.01 allowed if risk <= 5%,SCALP,2026-07-07 16:21:00,BUY,4172.19,52.4,0.01,5.24,-1.0,-5.24,2026-07-07 16:24:00
$500 mode: min lot 0.01 allowed if risk <= 5%,SCALP,2026-07-07 16:41:00,BUY,4175.23,86.8,0.01,8.68,-1.0,-8.68,2026-07-07 16:53:00
$500 mode: min lot 0.01 allowed if risk <= 5%,SCALP,2026-07-13 09:02:00,SELL,4052.38,54.5,0.01,5.45,0.86,4.69,2026-07-13 09:07:00
$500 mode: min lot 0.01 allowed if risk <= 5%,SCALP,2026-07-13 09:13:00,SELL,4049.48,50.4,0.01,5.04,-1.0,-5.04,2026-07-13 09:20:00
$500 mode: min lot 0.01 allowed if risk <= 5%,SCALP,2026-07-13 10:02:00,SELL,4049.9,72.0,0.01,7.2,-1.0,-7.2,2026-07-13 10:08:00
$500 mode: min lot 0.01 allowed if risk <= 5%,SCALP,2026-07-13 13:27:00,SELL,4064.72,42.1,0.01,4.21,2.0,8.42,2026-07-13 13:41:00
$500 mode: min lot 0.01 allowed if risk <= 5%,SCALP,2026-07-13 14:54:00,SELL,4055.54,83.3,0.01,8.33,-1.0,-8.33,2026-07-13 15:43:00
$500 mode: min lot 0.01 allowed if risk <= 5%,SCALP,2026-07-13 16:58:00,SELL,4050.42,37.9,0.01,3.79,2.07,7.84,2026-07-13 16:59:00
$500 mode: min lot 0.01 allowed if risk <= 5%,SCALP,2026-07-15 09:31:00,SELL,4024.08,50.5,0.01,5.05,-1.0,-5.05,2026-07-15 09:36:00
$500 mode: min lot 0.01 allowed if risk <= 5%,SCALP,2026-07-15 10:36:00,SELL,4022.12,53.1,0.01,5.31,-1.0,-5.31,2026-07-15 11:30:00
$500 mode: min lot 0.01 allowed if risk <= 5%,SCALP,2026-07-15 12:35:00,SELL,4026.62,31.3,0.01,3.13,-1.0,-3.13,2026-07-15 12:59:00
$500 mode: min lot 0.01 allowed if risk <= 5%,SCALP,2026-07-16 14:05:00,SELL,4028.34,30.0,0.01,3.0,0.21,0.62,2026-07-16 14:20:00
$500 mode: min lot 0.01 allowed if risk <= 5%,SCALP,2026-07-16 15:22:00,SELL,4023.96,66.7,0.01,6.67,0.46,3.04,2026-07-16 15:26:00
$500 mode: min lot 0.01 allowed if risk <= 5%,SCALP,2026-07-16 15:33:00,SELL,4023.12,75.9,0.01,7.59,0.54,4.09,2026-07-16 15:38:00
$500 mode: min lot 0.01 allowed if risk <= 5%,SCALP,2026-07-16 15:40:00,SELL,4014.86,90.3,0.01,9.03,1.13,10.22,2026-07-16 15:45:00
$500 mode: min lot 0.01 allowed if risk <= 5%,SCALP,2026-07-16 16:22:00,SELL,3991.86,46.4,0.01,4.64,-1.0,-4.64,2026-07-16 16:24:00
$500 mode: min lot 0.01 allowed if risk <= 5%,SCALP,2026-07-16 19:08:00,SELL,3997.42,58.8,0.01,5.88,2.0,11.76,2026-07-16 19:19:00
$500 mode: min lot 0.01 allowed if risk <= 5%,SCALP,2026-07-17 11:38:00,SELL,3989.72,30.0,0.01,3.0,-1.0,-3.0,2026-07-17 11:44:00
$500 mode: min lot 0.01 allowed if risk <= 5%,INTRADAY,2026-07-17 14:00:00,SELL,3990.64,204.0,0.01,20.4,0.94,19.08,2026-07-17 15:44:00
$500 mode: min lot 0.01 allowed if risk <= 5%,SCALP,2026-07-17 15:38:00,SELL,3980.1,34.9,0.01,3.49,2.0,6.98,2026-07-17 15:42:00
$500 mode: min lot 0.01 allowed if risk <= 5%,SCALP,2026-07-17 15:59:00,SELL,3966.64,70.4,0.01,7.04,-1.0,-7.04,2026-07-17 16:04:00
$500 mode: min lot 0.01 allowed if risk <= 5%,SCALP,2026-07-17 16:10:00,SELL,3969.14,67.4,0.01,6.74,-1.0,-6.74,2026-07-17 16:36:00
$500 mode: min lot 0.01 allowed if risk <= 5%,SCALP,2026-07-22 12:11:00,BUY,4120.73,32.4,0.01,3.24,-1.0,-3.24,2026-07-22 12:30:00
$500 mode: min lot 0.01 allowed if risk <= 5%,SCALP,2026-07-22 13:25:00,BUY,4121.58,45.4,0.01,4.54,-1.0,-4.54,2026-07-22 13:36:00
$500 mode: min lot 0.01 allowed if risk <= 5%,SCALP,2026-07-22 15:13:00,BUY,4125.76,30.0,0.01,3.0,0.47,1.42,2026-07-22 15:21:00
$500 mode: min lot 0.01 allowed if risk <= 5%,SCALP,2026-07-22 15:28:00,BUY,4131.04,45.5,0.01,4.55,-1.0,-4.55,2026-07-22 15:36:00
$500 mode: min lot 0.01 allowed if risk <= 5%,SCALP,2026-07-22 16:20:00,BUY,4130.74,64.7,0.01,6.47,2.0,12.93,2026-07-22 16:31:00
$500 mode: min lot 0.01 allowed if risk <= 5%,SCALP,2026-07-22 16:44:00,BUY,4146.02,71.2,0.01,7.12,2.0,14.23,2026-07-22 17:01:00
$500 mode: min lot 0.01 allowed if risk <= 5%,SCALP,2026-07-24 17:10:00,BUY,4062.38,63.7,0.01,6.37,-1.0,-6.37,2026-07-24 17:17:00
$500 mode: min lot 0.01 allowed if risk <= 5%,SCALP,2026-07-24 17:36:00,BUY,4066.36,30.0,0.01,3.0,-1.0,-3.0,2026-07-24 17:37:00
$500 mode: min lot 0.01 allowed if risk <= 5%,SCALP,2026-07-24 17:57:00,BUY,4064.32,40.7,0.01,4.07,1.25,5.11,2026-07-24 18:11:00
$500 mode: min lot 0.01 allowed if risk <= 5%,SCALP,2026-07-27 09:35:00,BUY,4096.1,30.0,0.01,3.0,0.65,1.95,2026-07-27 10:04:00
$500 mode: min lot 0.01 allowed if risk <= 5%,SCALP,2026-07-27 10:06:00,BUY,4099.92,30.0,0.01,3.0,-1.0,-3.0,2026-07-27 10:07:00
$500 mode: min lot 0.01 allowed if risk <= 5%,SCALP,2026-07-27 10:13:00,BUY,4100.27,46.0,0.01,4.6,0.66,3.03,2026-07-27 10:27:00
$500 mode: min lot 0.01 allowed if risk <= 5%,SCALP,2026-07-27 10:35:00,BUY,4102.88,30.0,0.01,3.0,-1.0,-3.0,2026-07-27 10:38:00
$500 mode: min lot 0.01 allowed if risk <= 5%,SCALP,2026-07-27 12:05:00,BUY,4096.12,30.0,0.01,3.0,-1.0,-3.0,2026-07-27 12:14:00
$500 mode: min lot 0.01 allowed if risk <= 5%,SCALP,2026-07-27 14:18:00,BUY,4103.3,30.0,0.01,3.0,-1.0,-3.0,2026-07-27 14:20:00
$500 mode: min lot 0.01 allowed if risk <= 5%,INTRADAY,2026-07-29 13:00:00,SELL,4032.5,184.4,0.01,18.44,0.93,17.23,2026-07-29 15:31:00
$500 mode: min lot 0.01 allowed if risk <= 5%,SCALP,2026-07-29 15:41:00,SELL,4018.48,47.9,0.01,4.79,-1.0,-4.79,2026-07-29 15:47:00
$500 mode: min lot 0.01 allowed if risk <= 5%,SCALP,2026-07-29 16:13:00,SELL,4015.26,41.3,0.01,4.13,-1.0,-4.13,2026-07-29 16:21:00
$500 mode: min lot 0.01 allowed if risk <= 5%,SCALP,2026-07-29 16:41:00,SELL,4013.74,49.6,0.01,4.96,2.0,9.92,2026-07-29 16:58:00
$500 mode: min lot 0.01 allowed if risk <= 5%,SCALP,2026-07-29 17:01:00,SELL,4002.98,65.8,0.01,6.58,0.46,3.02,2026-07-29 17:15:00
$500 mode: min lot 0.01 allowed if risk <= 5%,SCALP,2026-07-29 17:43:00,SELL,4003.14,43.3,0.01,4.33,0.33,1.42,2026-07-29 17:47:00
$500 mode: min lot 0.01 allowed if risk <= 5%,SCALP,2026-07-30 09:12:00,SELL,4034.54,48.1,0.01,4.81,-1.0,-4.81,2026-07-30 09:22:00
$500 mode: min lot 0.01 allowed if risk <= 5%,SCALP,2026-08-03 09:20:00,BUY,4069.72,49.2,0.01,4.92,-1.0,-4.92,2026-08-03 09:33:00
$500 mode: min lot 0.01 allowed if risk <= 5%,SCALP,2026-08-03 16:33:00,SELL,4030.02,60.9,0.01,6.09,1.13,6.86,2026-08-03 16:38:00
$500 mode: min lot 0.01 allowed if risk <= 5%,SCALP,2026-08-03 16:47:00,SELL,4029.6,67.9,0.01,6.79,-1.0,-6.79,2026-08-03 17:35:00
$500 mode: min lot 0.01 allowed if risk <= 5%,SCALP,2026-08-05 09:07:00,BUY,4163.92,48.6,0.01,4.86,1.75,8.53,2026-08-05 09:12:00
$500 mode: min lot 0.01 allowed if risk <= 5%,SCALP,2026-08-05 09:30:00,BUY,4168.78,61.8,0.01,6.18,0.85,5.24,2026-08-05 09:39:00
$500 mode: min lot 0.01 allowed if risk <= 5%,SCALP,2026-08-05 09:45:00,BUY,4175.77,40.4,0.01,4.04,-1.0,-4.04,2026-08-05 10:04:00
$500 mode: min lot 0.01 allowed if risk <= 5%,SCALP,2026-08-05 11:09:00,BUY,4169.36,30.0,0.01,3.0,-1.0,-3.0,2026-08-05 11:14:00
$500 mode: min lot 0.01 allowed if risk <= 5%,SCALP,2026-08-05 14:03:00,BUY,4162.94,32.2,0.01,3.22,2.0,6.44,2026-08-05 14:12:00
$500 mode: min lot 0.01 allowed if risk <= 5%,SCALP,2026-08-05 14:28:00,BUY,4176.7,82.0,0.01,8.2,0.82,6.72,2026-08-05 14:40:00
$500 mode: min lot 0.01 allowed if risk <= 5%,SCALP,2026-08-06 10:24:00,BUY,4261.22,36.4,0.01,3.64,-1.0,-3.64,2026-08-06 10:36:00
$500 mode: min lot 0.01 allowed if risk <= 5%,SCALP,2026-08-06 11:11:00,BUY,4265.96,53.0,0.01,5.3,0.94,5.0,2026-08-06 11:38:00
$500 mode: min lot 0.01 allowed if risk <= 5%,SCALP,2026-08-06 11:41:00,BUY,4273.06,30.0,0.01,3.0,0.35,1.04,2026-08-06 11:50:00
$500 mode: min lot 0.01 allowed if risk <= 5%,SCALP,2026-08-06 11:53:00,BUY,4275.02,54.7,0.01,5.47,1.0,5.45,2026-08-06 12:03:00
$500 mode: min lot 0.01 allowed if risk <= 5%,SCALP,2026-08-06 12:15:00,BUY,4280.18,45.5,0.01,4.55,-1.0,-4.55,2026-08-06 12:41:00
$500 mode: min lot 0.01 allowed if risk <= 5%,SCALP,2026-08-06 16:56:00,BUY,4268.62,78.1,0.01,7.81,-1.0,-7.81,2026-08-06 17:17:00
$500 mode: min lot 0.01 allowed if risk <= 5%,SCALP,2026-08-07 09:19:00,BUY,4289.36,64.7,0.01,6.47,-1.0,-6.47,2026-08-07 09:30:00
$500 mode: min lot 0.01 allowed if risk <= 5%,SCALP,2026-08-07 09:38:00,BUY,4292.54,88.3,0.01,8.83,-1.0,-8.83,2026-08-07 10:31:00
$500 mode: min lot 0.01 allowed if risk <= 5%,SCALP,2026-08-07 11:13:00,BUY,4297.62,45.7,0.01,4.57,-0.51,-2.34,2026-08-07 11:20:00
$500 mode: min lot 0.01 allowed if risk <= 5%,SCALP,2026-08-10 09:04:00,BUY,4346.42,31.0,0.01,3.1,-1.0,-3.1,2026-08-10 09:04:00
$500 mode: min lot 0.01 allowed if risk <= 5%,SCALP,2026-08-10 09:07:00,BUY,4345.62,45.8,0.01,4.58,2.0,9.15,2026-08-10 09:43:00
$500 mode: min lot 0.01 allowed if risk <= 5%,SCALP,2026-08-10 09:44:00,BUY,4354.38,93.8,0.01,9.38,-1.0,-9.38,2026-08-10 11:50:00
$500 mode: min lot 0.01 allowed if risk <= 5%,SCALP,2026-08-10 17:46:00,BUY,4350.66,50.8,0.01,5.08,-1.0,-5.08,2026-08-10 17:50:00
$500 mode: min lot 0.01 allowed if risk <= 5%,SCALP,2026-08-10 17:59:00,BUY,4345.1,32.8,0.01,3.28,0.37,1.22,2026-08-10 18:05:00
$500 mode: min lot 0.01 allowed if risk <= 5%,SCALP,2026-08-10 18:07:00,BUY,4349.9,72.0,0.01,7.2,1.46,10.5,2026-08-10 19:03:00
$500 mode: min lot 0.01 allowed if risk <= 5%,SCALP,2026-08-11 15:21:00,BUY,4398.18,62.9,0.01,6.29,-1.0,-6.29,2026-08-11 15:23:00
$500 mode: min lot 0.01 allowed if risk <= 5%,SCALP,2026-08-11 15:33:00,BUY,4394.74,64.6,0.01,6.46,0.81,5.21,2026-08-11 16:47:00
$500 mode: min lot 0.01 allowed if risk <= 5%,SCALP,2026-08-11 17:55:00,BUY,4395.4,43.7,0.01,4.37,-1.0,-4.37,2026-08-11 18:08:00
$500 mode: min lot 0.01 allowed if risk <= 5%,INTRADAY,2026-08-12 04:00:00,BUY,4380.86,240.5,0.01,24.05,1.19,28.59,2026-08-12 06:15:00
$500 mode: min lot 0.01 allowed if risk <= 5%,SCALP,2026-08-12 09:50:00,BUY,4400.19,66.1,0.01,6.61,1.01,6.65,2026-08-12 10:55:00
$500 mode: min lot 0.01 allowed if risk <= 5%,SCALP,2026-08-12 11:02:00,BUY,4408.28,43.2,0.01,4.32,-1.0,-4.32,2026-08-12 11:47:00
$500 mode: min lot 0.01 allowed if risk <= 5%,SCALP,2026-08-12 12:33:00,BUY,4415.36,45.2,0.01,4.52,-1.0,-4.52,2026-08-12 12:54:00
$500 mode: min lot 0.01 allowed if risk <= 5%,SCALP,2026-08-12 13:06:00,BUY,4416.64,30.0,0.01,3.0,0.56,1.69,2026-08-12 13:30:00
$500 mode: min lot 0.01 allowed if risk <= 5%,SCALP,2026-08-12 16:54:00,BUY,4433.27,88.6,0.01,8.86,-1.0,-8.86,2026-08-12 17:00:00
$500 mode: min lot 0.01 allowed if risk <= 5%,SCALP,2026-08-12 17:11:00,BUY,4431.07,60.1,0.01,6.01,0.75,4.51,2026-08-12 17:22:00
$500 mode: min lot 0.01 allowed if risk <= 5%,INTRADAY,2026-08-13 03:00:00,BUY,4414.3,244.6,0.01,24.46,1.19,29.16,2026-08-13 03:35:00
$500 mode: min lot 0.01 allowed if risk <= 5%,SCALP,2026-08-14 14:27:00,BUY,4355.8,32.4,0.01,3.24,0.58,1.89,2026-08-14 14:31:00
$500 mode: min lot 0.01 allowed if risk <= 5%,SCALP,2026-08-14 14:51:00,BUY,4365.32,49.6,0.01,4.96,2.0,9.91,2026-08-14 15:08:00
$500 mode: min lot 0.01 allowed if risk <= 5%,SCALP,2026-08-14 15:15:00,BUY,4371.82,68.4,0.01,6.84,1.28,8.75,2026-08-14 15:31:00
$500 mode: min lot 0.01 allowed if risk <= 5%,SCALP,2026-08-14 15:54:00,BUY,4375.99,39.7,0.01,3.97,-1.0,-3.97,2026-08-14 16:00:00
$500 mode: min lot 0.01 allowed if risk <= 5%,SCALP,2026-08-14 16:10:00,BUY,4379.78,45.1,0.01,4.51,-1.0,-4.51,2026-08-14 16:14:00
$500 mode: min lot 0.01 allowed if risk <= 5%,SCALP,2026-08-14 16:17:00,BUY,4379.23,53.5,0.01,5.35,2.0,10.7,2026-08-14 16:32:00
$500 mode: min lot 0.01 allowed if risk <= 5%,SCALP,2026-08-17 13:42:00,BUY,4398.48,42.7,0.01,4.27,0.65,2.78,2026-08-17 14:13:00
$500 mode: min lot 0.01 allowed if risk <= 5%,SCALP,2026-08-17 14:27:00,BUY,4404.56,30.4,0.01,3.04,-1.0,-3.04,2026-08-17 14:40:00
$500 mode: min lot 0.01 allowed if risk <= 5%,SCALP,2026-08-17 16:56:00,BUY,4405.76,103.8,0.01,10.38,2.0,20.75,2026-08-17 17:24:00
$500 mode: min lot 0.01 allowed if risk <= 5%,SCALP,2026-08-17 17:31:00,BUY,4420.06,56.7,0.01,5.67,-1.0,-5.67,2026-08-17 17:46:00
$500 mode: min lot 0.01 allowed if risk <= 5%,SCALP,2026-08-17 17:49:00,BUY,4418.92,60.0,0.01,6.0,0.68,4.05,2026-08-17 18:31:00
$500 mode: min lot 0.01 allowed if risk <= 5%,SCALP,2026-08-17 18:38:00,BUY,4423.72,42.8,0.01,4.28,-1.0,-4.28,2026-08-17 18:44:00
$500 mode: min lot 0.01 allowed if risk <= 5%,SCALP,2026-08-19 13:42:00,BUY,4368.38,30.0,0.01,3.0,0.84,2.52,2026-08-19 14:09:00
$500 mode: min lot 0.01 allowed if risk <= 5%,SCALP,2026-08-19 14:23:00,BUY,4371.2,31.3,0.01,3.13,-1.0,-3.13,2026-08-19 14:36:00
$500 mode: min lot 0.01 allowed if risk <= 5%,SCALP,2026-08-19 15:33:00,BUY,4373.78,66.0,0.01,6.6,2.0,13.2,2026-08-19 15:35:00
$500 mode: min lot 0.01 allowed if risk <= 5%,SCALP,2026-08-19 16:08:00,BUY,4432.58,106.1,0.01,10.61,0.82,8.68,2026-08-19 16:11:00
$500 mode: min lot 0.01 allowed if risk <= 5%,SCALP,2026-08-19 16:32:00,BUY,4461.84,85.7,0.01,8.57,-1.0,-8.57,2026-08-19 16:35:00
$500 mode: min lot 0.01 allowed if risk <= 5%,SCALP,2026-08-19 16:59:00,BUY,4461.58,117.8,0.01,11.78,0.68,8.05,2026-08-19 17:11:00
$500 mode: min lot 0.01 allowed if risk <= 5%,SCALP,2026-08-20 09:29:00,BUY,4494.98,33.1,0.01,3.31,-1.0,-3.31,2026-08-20 09:44:00
$500 mode: min lot 0.01 allowed if risk <= 5%,SCALP,2026-08-20 09:46:00,BUY,4494.84,37.0,0.01,3.7,-1.0,-3.7,2026-08-20 09:55:00
$500 mode: min lot 0.01 allowed if risk <= 5%,SCALP,2026-08-20 09:58:00,BUY,4493.3,30.0,0.01,3.0,-1.0,-3.0,2026-08-20 10:02:00
$500 mode: min lot 0.01 allowed if risk <= 5%,SCALP,2026-08-21 09:16:00,BUY,4551.62,70.3,0.01,7.03,1.5,10.52,2026-08-21 09:40:00
$500 mode: min lot 0.01 allowed if risk <= 5%,SCALP,2026-08-21 09:50:00,BUY,4567.42,54.2,0.01,5.42,-1.0,-5.42,2026-08-21 09:58:00
$500 mode: min lot 0.01 allowed if risk <= 5%,SCALP,2026-08-21 10:04:00,BUY,4563.8,50.8,0.01,5.08,-1.0,-5.08,2026-08-21 10:09:00
$500 mode: min lot 0.01 allowed if risk <= 5%,SCALP,2026-08-21 10:48:00,BUY,4567.38,54.7,0.01,5.47,-1.0,-5.47,2026-08-21 10:54:00
$500 mode: min lot 0.01 allowed if risk <= 5%,SCALP,2026-08-24 09:03:00,BUY,4645.14,71.6,0.01,7.16,2.0,14.31,2026-08-24 09:19:00
$500 mode: min lot 0.01 allowed if risk <= 5%,SCALP,2026-08-24 13:08:00,BUY,4649.5,43.9,0.01,4.39,-1.0,-4.39,2026-08-24 13:20:00
$500 mode: min lot 0.01 allowed if risk <= 5%,SCALP,2026-08-24 14:53:00,BUY,4654.96,83.9,0.01,8.39,-1.0,-8.39,2026-08-24 15:32:00
$500 mode: min lot 0.01 allowed if risk <= 5%,SCALP,2026-08-24 16:02:00,BUY,4665.74,51.8,0.01,5.18,0.29,1.49,2026-08-24 16:04:00
$500 mode: min lot 0.01 allowed if risk <= 5%,SCALP,2026-08-24 16:06:00,BUY,4671.73,111.5,0.01,11.15,-1.0,-11.15,2026-08-24 16:44:00
$500 mode: min lot 0.01 allowed if risk <= 5%,SCALP,2026-08-24 17:29:00,BUY,4673.98,104.5,0.01,10.45,-1.0,-10.45,2026-08-24 17:50:00
$500 mode: min lot 0.01 allowed if risk <= 5%,SCALP,2026-08-28 11:11:00,BUY,4612.82,35.2,0.01,3.52,-1.0,-3.52,2026-08-28 11:18:00
$500 mode: min lot 0.01 allowed if risk <= 5%,SCALP,2026-08-28 13:10:00,BUY,4607.6,30.0,0.01,3.0,-1.0,-3.0,2026-08-28 13:18:00
$500 mode: min lot 0.01 allowed if risk <= 5%,SCALP,2026-08-28 16:08:00,BUY,4603.82,70.9,0.01,7.09,-1.0,-7.09,2026-08-28 16:15:00
$500 mode: min lot 0.01 allowed if risk <= 5%,SCALP,2026-08-31 11:40:00,SELL,4436.46,30.0,0.01,3.0,-1.0,-3.0,2026-08-31 12:05:00
$500 mode: min lot 0.01 allowed if risk <= 5%,SCALP,2026-08-31 15:53:00,SELL,4438.56,37.6,0.01,3.76,0.29,1.1,2026-08-31 16:02:00
$500 mode: min lot 0.01 allowed if risk <= 5%,SCALP,2026-08-31 16:40:00,SELL,4436.46,75.2,0.01,7.52,0.93,6.99,2026-08-31 16:47:00
$500 mode: min lot 0.01 allowed if risk <= 5%,SCALP,2026-08-31 16:50:00,SELL,4425.24,94.2,0.01,9.42,-1.0,-9.42,2026-08-31 17:38:00
$500 mode: min lot 0.01 allowed if risk <= 5%,SCALP,2026-09-01 09:23:00,SELL,4430.98,43.2,0.01,4.32,-1.0,-4.32,2026-09-01 09:44:00
$500 mode: min lot 0.01 allowed if risk <= 5%,SCALP,2026-09-01 09:59:00,SELL,4429.68,30.0,0.01,3.0,-1.0,-3.0,2026-09-01 10:02:00
$500 mode: min lot 0.01 allowed if risk <= 5%,SCALP,2026-09-01 10:46:00,SELL,4416.94,56.4,0.01,5.64,-1.0,-5.64,2026-09-01 10:48:00
$500 mode: min lot 0.01 allowed if risk <= 5%,SCALP,2026-09-02 12:14:00,SELL,4314.6,60.6,0.01,6.06,1.13,6.87,2026-09-02 12:28:00
$500 mode: min lot 0.01 allowed if risk <= 5%,SCALP,2026-09-02 12:34:00,SELL,4308.53,30.0,0.01,3.0,-1.0,-3.0,2026-09-02 12:41:00
$500 mode: min lot 0.01 allowed if risk <= 5%,SCALP,2026-09-02 12:44:00,SELL,4309.52,30.0,0.01,3.0,1.59,4.76,2026-09-02 13:04:00
$500 mode: min lot 0.01 allowed if risk <= 5%,SCALP,2026-09-02 13:05:00,SELL,4304.0,59.4,0.01,5.94,-1.0,-5.94,2026-09-02 13:20:00
$500 mode: min lot 0.01 allowed if risk <= 5%,SCALP,2026-09-02 13:42:00,SELL,4307.58,30.0,0.01,3.0,-1.0,-3.0,2026-09-02 13:49:00
$500 mode: min lot 0.01 allowed if risk <= 5%,SCALP,2026-09-02 13:59:00,SELL,4306.34,31.6,0.01,3.16,-1.0,-3.16,2026-09-02 13:59:00
$500 mode: min lot 0.01 allowed if risk <= 5%,INTRADAY,2026-09-04 11:00:00,BUY,4483.42,273.5,0.01,27.35,-0.62,-16.86,2026-09-04 12:20:00
$500 mode: min lot 0.01 allowed if risk <= 5%,SCALP,2026-09-07 09:02:00,SELL,4390.16,82.9,0.01,8.29,-1.0,-8.29,2026-09-07 09:35:00
$500 mode: min lot 0.01 allowed if risk <= 5%,SCALP,2026-09-07 13:07:00,SELL,4403.62,30.0,0.01,3.0,2.0,6.0,2026-09-07 13:26:00
$500 mode: min lot 0.01 allowed if risk <= 5%,SCALP,2026-09-07 13:47:00,SELL,4396.65,30.0,0.01,3.0,0.29,0.86,2026-09-07 13:53:00
$500 mode: min lot 0.01 allowed if risk <= 5%,SCALP,2026-09-07 13:55:00,SELL,4391.76,49.9,0.01,4.99,2.0,9.98,2026-09-07 14:32:00
$500 mode: min lot 0.01 allowed if risk <= 5%,SCALP,2026-09-07 14:35:00,SELL,4382.28,81.5,0.01,8.15,-1.0,-8.15,2026-09-07 14:46:00
$500 mode: min lot 0.01 allowed if risk <= 5%,SCALP,2026-09-07 15:00:00,SELL,4385.08,32.7,0.01,3.27,-1.0,-3.27,2026-09-07 15:00:00
$500 mode: min lot 0.01 allowed if risk <= 5%,SCALP,2026-09-08 10:22:00,SELL,4402.16,30.0,0.01,3.0,-1.0,-3.0,2026-09-08 10:32:00
$500 mode: min lot 0.01 allowed if risk <= 5%,SCALP,2026-09-08 10:43:00,SELL,4392.0,61.9,0.01,6.19,-1.0,-6.19,2026-09-08 11:34:00
$500 mode: min lot 0.01 allowed if risk <= 5%,SCALP,2026-09-08 19:09:00,SELL,4389.69,56.4,0.01,5.64,1.15,6.48,2026-09-08 19:10:00
$500 mode: min lot 0.01 allowed if risk <= 5%,SCALP,2026-09-10 12:25:00,SELL,4392.55,39.0,0.01,3.9,0.4,1.55,2026-09-10 12:43:00
$500 mode: min lot 0.01 allowed if risk <= 5%,SCALP,2026-09-10 13:48:00,SELL,4382.71,43.0,0.01,4.3,0.84,3.6,2026-09-10 13:55:00
$500 mode: min lot 0.01 allowed if risk <= 5%,SCALP,2026-09-10 13:59:00,SELL,4379.54,95.5,0.01,9.55,-1.0,-9.55,2026-09-10 14:39:00
$500 mode: min lot 0.01 allowed if risk <= 5%,SCALP,2026-09-10 14:51:00,SELL,4379.6,61.0,0.01,6.1,0.61,3.7,2026-09-10 15:01:00
$500 mode: min lot 0.01 allowed if risk <= 5%,SCALP,2026-09-10 15:04:00,SELL,4371.27,65.8,0.01,6.58,-1.0,-6.58,2026-09-10 15:12:00
$500 mode: min lot 0.01 allowed if risk <= 5%,SCALP,2026-09-10 15:17:00,SELL,4368.23,104.3,0.01,10.43,2.0,20.86,2026-09-10 15:34:00
$500 mode: min lot 0.01 allowed if risk <= 5%,SCALP,2026-09-11 14:35:00,SELL,4331.62,61.1,0.01,6.11,0.58,3.52,2026-09-11 15:15:00
$500 mode: min lot 0.01 allowed if risk <= 5%,SCALP,2026-09-14 09:50:00,SELL,4323.66,64.1,0.01,6.41,0.64,4.1,2026-09-14 10:31:00
$500 mode: min lot 0.01 allowed if risk <= 5%,SCALP,2026-09-14 10:34:00,SELL,4316.92,30.5,0.01,3.05,-1.0,-3.05,2026-09-14 10:45:00
$500 mode: min lot 0.01 allowed if risk <= 5%,SCALP,2026-09-14 11:16:00,SELL,4310.73,56.0,0.01,5.6,-1.0,-5.6,2026-09-14 11:37:00
$500 mode: min lot 0.01 allowed if risk <= 5%,SCALP,2026-09-14 11:47:00,SELL,4310.23,35.3,0.01,3.53,1.08,3.8,2026-09-14 11:59:00
$500 mode: min lot 0.01 allowed if risk <= 5%,SCALP,2026-09-14 12:17:00,SELL,4302.24,49.4,0.01,4.94,2.0,9.88,2026-09-14 12:19:00
$500 mode: min lot 0.01 allowed if risk <= 5%,SCALP,2026-09-14 12:39:00,SELL,4284.08,54.0,0.01,5.4,0.37,2.01,2026-09-14 13:04:00
$500 mode: min lot 0.01 allowed if risk <= 5%,SCALP,2026-09-15 09:06:00,SELL,4288.12,61.1,0.01,6.11,-1.0,-6.11,2026-09-15 09:45:00
$500 mode: min lot 0.01 allowed if risk <= 5%,SCALP,2026-09-15 10:12:00,SELL,4287.82,44.2,0.01,4.42,-1.0,-4.42,2026-09-15 10:29:00
$500 mode: min lot 0.01 allowed if risk <= 5%,SCALP,2026-09-15 11:01:00,SELL,4275.02,65.5,0.01,6.55,1.14,7.48,2026-09-15 11:13:00
$500 mode: min lot 0.01 allowed if risk <= 5%,SCALP,2026-09-15 11:25:00,SELL,4271.48,38.9,0.01,3.89,0.77,3.01,2026-09-15 11:55:00
$500 mode: min lot 0.01 allowed if risk <= 5%,SCALP,2026-09-15 12:03:00,SELL,4262.05,55.8,0.01,5.58,-1.0,-5.58,2026-09-15 12:16:00
$500 mode: min lot 0.01 allowed if risk <= 5%,SCALP,2026-09-15 12:18:00,SELL,4263.77,50.0,0.01,5.0,-1.0,-5.0,2026-09-15 12:28:00
$500 mode: min lot 0.01 allowed if risk <= 5%,SCALP,2026-09-18 17:30:00,SELL,4342.73,119.5,0.01,11.95,-1.0,-11.95,2026-09-18 17:42:00
$500 mode: min lot 0.01 allowed if risk <= 5%,SCALP,2026-09-21 14:07:00,SELL,4344.02,30.0,0.01,3.0,-1.0,-3.0,2026-09-21 14:11:00
$500 mode: min lot 0.01 allowed if risk <= 5%,SCALP,2026-09-21 19:45:00,SELL,4343.6,66.4,0.01,6.64,-1.0,-6.64,2026-09-21 21:08:00
$500 mode: min lot 0.01 allowed if risk <= 5%,SCALP,2026-09-22 09:00:00,SELL,4323.44,60.7,0.01,6.07,0.71,4.3,2026-09-22 09:09:00
$500 mode: min lot 0.01 allowed if risk <= 5%,SCALP,2026-09-22 09:20:00,SELL,4317.2,42.7,0.01,4.27,-1.0,-4.27,2026-09-22 09:46:00
$500 mode: min lot 0.01 allowed if risk <= 5%,SCALP,2026-09-22 10:43:00,SELL,4310.44,39.2,0.01,3.92,-1.0,-3.92,2026-09-22 10:46:00
$500 mode: min lot 0.01 allowed if risk <= 5%,SCALP,2026-09-22 10:49:00,SELL,4312.46,39.1,0.01,3.91,2.0,7.82,2026-09-22 10:51:00
$500 mode: min lot 0.01 allowed if risk <= 5%,SCALP,2026-09-22 11:23:00,SELL,4302.48,31.3,0.01,3.13,-1.0,-3.13,2026-09-22 11:24:00
$500 mode: min lot 0.01 allowed if risk <= 5%,SCALP,2026-09-22 11:29:00,SELL,4299.64,84.4,0.01,8.44,-1.0,-8.44,2026-09-22 11:38:00
$500 mode: min lot 0.01 allowed if risk <= 5%,SCALP,2026-09-23 09:09:00,SELL,4332.6,36.5,0.01,3.65,0.75,2.75,2026-09-23 09:18:00
$500 mode: min lot 0.01 allowed if risk <= 5%,SCALP,2026-09-23 10:06:00,SELL,4329.44,36.6,0.01,3.66,0.55,2.0,2026-09-23 10:15:00
$500 mode: min lot 0.01 allowed if risk <= 5%,SCALP,2026-09-23 10:20:00,SELL,4325.86,31.4,0.01,3.14,0.33,1.04,2026-09-23 10:28:00
$500 mode: min lot 0.01 allowed if risk <= 5%,SCALP,2026-09-23 10:34:00,SELL,4320.02,52.7,0.01,5.27,-1.0,-5.27,2026-09-23 10:56:00
$500 mode: min lot 0.01 allowed if risk <= 5%,SCALP,2026-09-23 11:06:00,SELL,4318.72,30.0,0.01,3.0,-1.0,-3.0,2026-09-23 11:24:00
$500 mode: min lot 0.01 allowed if risk <= 5%,SCALP,2026-09-23 11:32:00,SELL,4317.38,32.8,0.01,3.28,0.45,1.46,2026-09-23 12:35:00
$500 mode: min lot 0.01 allowed if risk <= 5%,SCALP,2026-09-24 09:05:00,SELL,4279.4,43.5,0.01,4.35,-1.0,-4.35,2026-09-24 09:07:00
$500 mode: min lot 0.01 allowed if risk <= 5%,SCALP,2026-09-24 09:34:00,SELL,4280.62,31.8,0.01,3.18,0.8,2.54,2026-09-24 09:37:00
$500 mode: min lot 0.01 allowed if risk <= 5%,SCALP,2026-09-24 09:42:00,SELL,4276.68,40.8,0.01,4.08,-1.0,-4.08,2026-09-24 10:05:00
$500 mode: min lot 0.01 allowed if risk <= 5%,SCALP,2026-09-24 11:25:00,SELL,4265.62,89.8,0.01,8.98,0.84,7.51,2026-09-24 12:31:00
$500 mode: min lot 0.01 allowed if risk <= 5%,SCALP,2026-09-24 12:38:00,SELL,4256.38,42.2,0.01,4.22,0.55,2.32,2026-09-24 12:47:00
$500 mode: min lot 0.01 allowed if risk <= 5%,SCALP,2026-09-24 12:58:00,SELL,4254.15,30.0,0.01,3.0,-1.0,-3.0,2026-09-24 13:00:00
$500 mode: min lot 0.01 allowed if risk <= 5%,INTRADAY,2026-09-25 03:00:00,SELL,4264.69,221.1,0.01,22.11,-0.8,-17.66,2026-09-25 04:00:00
$500 mode: min lot 0.01 allowed if risk <= 5%,SCALP,2026-09-28 09:00:00,SELL,4179.06,60.0,0.01,6.0,1.19,7.12,2026-09-28 09:31:00
$500 mode: min lot 0.01 allowed if risk <= 5%,SCALP,2026-09-28 09:44:00,SELL,4174.04,40.2,0.01,4.02,2.0,8.05,2026-09-28 09:55:00
$500 mode: min lot 0.01 allowed if risk <= 5%,SCALP,2026-09-28 09:56:00,SELL,4163.7,104.8,0.01,10.48,0.8,8.36,2026-09-28 10:39:00
$500 mode: min lot 0.01 allowed if risk <= 5%,SCALP,2026-09-28 10:43:00,SELL,4154.42,43.6,0.01,4.36,-1.0,-4.36,2026-09-28 10:55:00
$500 mode: min lot 0.01 allowed if risk <= 5%,SCALP,2026-09-28 11:04:00,SELL,4154.48,49.1,0.01,4.91,0.86,4.2,2026-09-28 11:25:00
$500 mode: min lot 0.01 allowed if risk <= 5%,SCALP,2026-09-28 11:28:00,SELL,4147.26,70.5,0.01,7.05,-1.0,-7.05,2026-09-28 12:49:00
$500 mode: min lot 0.01 allowed if risk <= 5%,SCALP,2026-09-30 18:28:00,SELL,4151.42,77.9,0.01,7.79,-1.0,-7.79,2026-09-30 18:30:00
$500 mode: min lot 0.01 allowed if risk <= 5%,SCALP,2026-09-30 18:35:00,SELL,4159.12,53.7,0.01,5.37,1.47,7.89,2026-09-30 20:11:00
