entry_t,exit_t,side,entry,exit,pnl,ret,why
2019-01-22 05:00:00+00:00,2019-01-28 05:00:00+00:00,1,1282.75,1302.502005123268,620.9975252187031,0.0061718828317275775,TP
2019-02-28 05:00:00+00:00,2019-03-04 05:00:00+00:00,1,1321.3499755859375,1283.5442073297877,-1019.1210943818694,-0.010066567670322938,SL
2019-03-06 05:00:00+00:00,2019-03-25 04:00:00+00:00,1,1287.3499755859375,1313.2722947224468,620.3860566135131,0.006190299520579379,TP
2019-03-29 04:00:00+00:00,2019-04-26 04:00:00+00:00,1,1289.8499755859375,1284.6500244140625,-137.48135123294887,-0.001363368641299591,time
2019-07-02 04:00:00+00:00,2019-07-03 13:30:00+00:00,1,1391.3499755859375,1427.4881990157394,625.0632232860895,0.006207060283445427,TP
2019-07-26 04:00:00+00:00,2019-08-05 04:00:00+00:00,1,1423.050048828125,1454.9203239111318,628.3648998448675,0.006201354712997888,TP
2019-08-23 04:00:00+00:00,2019-08-26 04:00:00+00:00,1,1493.75,1537.9763976775728,633.6394687928898,0.006214869007347976,TP
2019-09-09 04:00:00+00:00,2019-10-04 04:00:00+00:00,1,1509.25,1505.949951171875,-41.439187906247504,-0.00040393386333292797,time
2019-10-14 04:00:00+00:00,2019-11-08 05:00:00+00:00,1,1484.6500244140625,1461.050048828125,-329.1153364838592,-0.0032093908464484273,time
2019-11-22 05:00:00+00:00,2019-12-20 05:00:00+00:00,1,1468.8499755859375,1474.449951171875,128.05292142223232,0.001252737397065875,time
2020-01-15 05:00:00+00:00,2020-01-30 05:00:00+00:00,1,1548.25,1584.5201257368449,635.2870162802435,0.006207215371840226,TP
2020-02-05 05:00:00+00:00,2020-02-18 05:00:00+00:00,1,1553.449951171875,1590.1664288117436,639.2835803533671,0.0062077319750282346,TP
2020-03-02 05:00:00+00:00,2020-03-03 05:00:00+00:00,1,1584.1500244140625,1639.4554743125702,644.7175918882776,0.0062218749465110185,TP
2020-03-13 04:00:00+00:00,2020-03-24 04:00:00+00:00,1,1575.1500244140625,1655.5084114684491,649.640354084548,0.006230616160959206,TP
2020-04-02 04:00:00+00:00,2020-04-07 04:00:00+00:00,1,1591.1500244140625,1702.0401655960775,654.246689923366,0.006235941173158662,TP
2020-04-20 04:00:00+00:00,2020-05-15 04:00:00+00:00,1,1686.25,1753.1500244140625,403.32678971494613,0.0038204781443711214,time
2020-05-27 04:00:00+00:00,2020-05-29 04:00:00+00:00,1,1685.8499755859375,1750.5055733414279,659.7803785620134,0.006225926575610846,TP
2020-06-04 04:00:00+00:00,2020-06-22 04:00:00+00:00,1,1703.050048828125,1773.460484193033,664.0971897806212,0.006227887201063353,TP
2020-07-17 04:00:00+00:00,2020-07-22 04:00:00+00:00,1,1797.1500244140625,1859.5521224863678,667.929836403226,0.00622506069153188,TP
2020-08-12 04:00:00+00:00,2020-09-09 04:00:00+00:00,1,1921.8499755859373,1954.6500244140625,203.22437120929283,0.0018823197763606163,time
2020-09-22 04:00:00+00:00,2020-10-19 04:00:00+00:00,1,1918.3499755859373,1911.449951171875,-48.19053805910145,-0.0004455153574564561,time
2020-10-29 04:00:00+00:00,2020-11-05 05:00:00+00:00,1,1877.75,1950.163871489281,673.4243554121916,0.006228496879288488,TP
2021-06-04 04:00:00+00:00,2021-06-17 04:00:00+00:00,1,1872.949951171875,1774.4332487111728,-1090.7008830761015,-0.010025440967666537,SL
2021-11-23 05:00:00+00:00,2021-12-21 05:00:00+00:00,1,1807.3499755859373,1788.449951171875,-202.06872785763858,-0.0018761730473100264,time
2022-03-16 04:00:00+00:00,2022-04-12 04:00:00+00:00,1,1920.3499755859373,1975.8499755859373,351.10809395993664,0.0032661054587251664,time
2022-04-22 04:00:00+00:00,2022-05-11 04:00:00+00:00,1,1953.3499755859373,1833.8411615092293,-1080.777334576701,-0.010020962811171272,SL
2022-11-22 05:00:00+00:00,2022-12-01 05:00:00+00:00,1,1739.949951171875,1807.3732706917829,664.8527117560868,0.006226911137046542,TP
2023-02-06 05:00:00+00:00,2023-03-06 05:00:00+00:00,1,1878.25,1854.3499755859373,-211.17137590250292,-0.001965560178882549,time
2023-04-24 04:00:00+00:00,2023-05-04 04:00:00+00:00,1,1992.25,2073.563068217756,668.0993422164521,0.006230843045337278,TP
2023-05-17 04:00:00+00:00,2023-06-14 04:00:00+00:00,1,1993.25,1968.6500244140625,-221.75980027076267,-0.0020553744989874707,time
2023-06-21 04:00:00+00:00,2023-07-19 04:00:00+00:00,1,1948.25,1980.550048828125,325.71637278951107,0.00302511081596446,time
2023-08-09 04:00:00+00:00,2023-09-06 04:00:00+00:00,1,1959.550048828125,1943.949951171875,-199.48829764276658,-0.0018471719160728843,time
2023-11-08 05:00:00+00:00,2023-11-28 05:00:00+00:00,1,1975.550048828125,2035.091235181594,670.9149651891559,0.006223867385892592,TP
2023-12-11 05:00:00+00:00,2023-12-27 05:00:00+00:00,1,2020.25,2094.9816323267883,675.6648999661181,0.0062291615632853944,TP
2024-01-04 05:00:00+00:00,2024-02-01 05:00:00+00:00,1,2049.550048828125,2070.85009765625,209.05034094976733,0.0019153679561915934,time
2024-02-12 05:00:00+00:00,2024-03-04 05:00:00+00:00,1,2038.449951171875,2097.949833550172,680.5950258374781,0.0062238493209056415,TP
2024-04-23 04:00:00+00:00,2024-05-20 04:00:00+00:00,1,2342.550048828125,2453.8306163518437,686.1668689035412,0.006235990387795114,TP
2024-05-24 04:00:00+00:00,2024-06-24 04:00:00+00:00,1,2330.64990234375,2344.14990234375,90.53400197972407,0.0008176878865968028,time
2024-06-27 04:00:00+00:00,2024-07-05 04:00:00+00:00,1,2309.64990234375,2399.143050098543,690.633482296189,0.006232589199965791,TP
2024-07-22 04:00:00+00:00,2024-08-01 04:00:00+00:00,1,2403.949951171875,2496.67285198242,695.0053557759023,0.006233194027653453,TP
2024-10-09 04:00:00+00:00,2024-10-18 04:00:00+00:00,1,2640.949951171875,2726.752565653461,699.1858238940206,0.006231842504037635,TP
2024-11-07 05:00:00+00:00,2024-12-05 05:00:00+00:00,1,2667.949951171875,2648.14990234375,-154.66250989521217,-0.001369969352805465,time
2024-12-18 05:00:00+00:00,2025-01-16 05:00:00+00:00,1,2663.550048828125,2750.64990234375,608.6498167455911,0.005398693496727132,time
2025-02-26 05:00:00+00:00,2025-03-18 04:00:00+00:00,1,2929.25,3041.3608167933085,706.8541088535461,0.0062360939067141645,TP
2025-04-07 04:00:00+00:00,2025-04-10 04:00:00+00:00,1,3055.35009765625,3189.3873909230606,711.5210914146011,0.006238364498516655,TP
2025-05-02 04:00:00+00:00,2025-05-30 04:00:00+00:00,1,3247.85009765625,3288.64990234375,142.5263366773315,0.001241873097937294,time
2025-06-25 04:00:00+00:00,2025-07-22 04:00:00+00:00,1,3338.35009765625,3443.449951171875,455.1348212416123,0.003960802214489547,time
2025-07-28 04:00:00+00:00,2025-08-07 04:00:00+00:00,1,3321.35009765625,3451.427736524961,719.6474644475376,0.006238010985132829,TP
2025-08-15 04:00:00+00:00,2025-08-29 04:00:00+00:00,1,3383.449951171875,3517.2537338081042,724.1753178634219,0.00623834423043294,TP
2025-09-19 04:00:00+00:00,2025-09-23 04:00:00+00:00,1,3677.949951171875,3801.328788431506,728.5781652946883,0.006237361362974562,TP
2025-10-28 04:00:00+00:00,2025-11-24 05:00:00+00:00,1,4000.14990234375,4093.949951171875,244.17984666980243,0.0020774669916433577,time
2025-12-30 05:00:00+00:00,2026-01-12 05:00:00+00:00,1,4350.5498046875,4577.8385101700105,735.3254047355784,0.0062431330364357785,TP
2026-02-02 05:00:00+00:00,2026-03-02 05:00:00+00:00,1,4816.25,5303.7694965319215,740.3503379417284,0.006246796642653732,TP
2026-03-06 05:00:00+00:00,2026-03-23 04:00:00+00:00,1,5099.9501953125,4376.700669702738,-1192.9838561244521,-0.010003457816929951,SL
2026-04-22 04:00:00+00:00,2026-05-19 04:00:00+00:00,1,4738.9501953125,4510.9501953125,-441.94927894074317,-0.003743297380908979,time
2026-08-31 04:00:00+00:00,2026-09-28 04:00:00+00:00,1,4483.4501953125,4168.14990234375,-862.1565066866142,-0.007329878141970627,time
