engine,time,side,entry,sl_pips,lots,R,pnl,exit
SCALP,2026-07-06 09:30:00,SELL,4143.12,52.8,0.01,0.057,0.3,2026-07-06 09:37:00
SCALP,2026-07-08 08:20:00,SELL,4088.6,107.4,0.01,2.0,21.47,2026-07-08 08:39:00
SCALP,2026-07-10 07:45:00,SELL,4106.68,51.9,0.02,1.5,15.56,2026-07-10 08:49:00
SCALP,2026-07-15 07:40:00,SELL,4020.3,60.4,0.01,-1.0,-6.04,2026-07-15 07:49:00
SCALP,2026-07-23 07:10:00,SELL,4110.38,59.4,0.01,0.05,0.3,2026-07-23 07:16:00
INTRADAY,2026-07-24 07:00:00,SELL,4035.58,143.7,0.01,-1.0,-14.37,2026-07-24 07:26:00
SCALP,2026-07-28 09:40:00,SELL,4032.18,55.2,0.01,2.0,11.03,2026-07-28 09:57:00
SCALP,2026-07-31 07:35:00,SELL,4069.62,51.4,0.02,1.5,15.43,2026-07-31 08:26:00
SCALP,2026-08-03 09:35:00,SELL,4046.86,56.0,0.01,-1.0,-5.6,2026-08-03 09:38:00
SCALP,2026-08-12 09:25:00,BUY,4423.61,55.6,0.01,-1.0,-5.56,2026-08-12 09:26:00
SCALP,2026-08-19 08:45:00,BUY,4362.46,60.1,0.01,-1.0,-6.01,2026-08-19 08:56:00
SCALP,2026-08-21 06:35:00,BUY,4561.56,106.2,0.01,2.0,21.24,2026-08-21 08:42:00
SCALP,2026-08-28 06:55:00,BUY,4604.11,79.0,0.01,0.038,0.3,2026-08-28 07:06:00
SCALP,2026-09-28 06:05:00,SELL,4175.66,71.4,0.01,2.0,14.28,2026-09-28 07:04:00
