trades,wr,gp,gl,net,pf,ret,cagr,avg_win,avg_loss,exp,best,worst,max_w,max_l,lots,mtm_dd,mtm_dd_pct,real_dd,dd_days,sharpe,final,first,last,version,risk,breaker,breached,breach_at,skipped,years
183,60.10928961748634,3062.9713134765625,-4177.904392234535,-1114.9330787579725,0.7331358082702186,-4.459732315031889,-1.999565161431982,27.84519375887784,-57.23156701691144,-6.092530485016243,207.660400390625,-62.28189404680098,12,3,0.34316939890710385,1250.0,5.0,1116.194309226721,822,-0.8830224508396742,23885.06692124203,2019-01-07 20:45:00+00:00,2021-04-12 08:30:00+00:00,E1 (as written),0.25,True,True,2021-04-12 07:30:00+00:00,0,2.2587268993839835
649,58.85978428351309,9417.261108398438,-14120.654924784423,-4703.393816385986,0.666913904387633,-18.813575265543943,-2.6671313382867434,24.652515990571825,-52.886348032900464,-7.247139932798129,248.649169921875,-62.28189404680098,12,7,0.24285053929121728,4950.948467518698,19.80379387007479,4796.942581432919,2813,-1.1741683658174353,20296.606183614014,2019-01-07 20:45:00+00:00,2026-09-24 01:46:00+00:00,E1 (as written),0.25,False,False,,1,7.709787816563997
32,53.125,723.1749267578125,-1699.6304352490145,-976.455508491202,0.42548951334344604,-3.9058220339648075,-9.805913602414007,42.53970157398897,-113.30869568326763,-30.51423464035006,124.4302978515625,-124.47259613618873,6,2,1.198125,1250.0,5.0,978.9779694287026,137,-2.210132942533377,24023.544491508797,2019-01-07 20:45:00+00:00,2019-05-28 20:58:00+00:00,E1 (as written),0.5,True,True,2019-05-28 16:00:00+00:00,0,0.3860369609856263
650,58.92307692307692,17145.094360351562,-25857.797706213467,-8712.703345861904,0.6630531553826683,-34.850813383447615,-5.406124462525264,44.76525942650539,-96.84568429293434,-13.404158993633699,431.29467773437506,-124.47259613618873,12,7,0.45106153846153857,9153.057674680136,36.612230698720545,8849.715331608839,2813,-1.184688668542578,16287.2966541381,2019-01-07 20:45:00+00:00,2026-09-24 01:46:00+00:00,E1 (as written),0.5,False,False,,0,7.709787816563997
17,58.82352941176471,997.8271484375,-1707.666250160179,-709.8391017226791,0.5843221111525181,-2.8393564068907162,-10.882800238141765,99.78271484375,-243.95232145145414,-41.75524127780465,246.628662109375,-249.8810764538525,6,2,2.3529411764705883,1250.0,5.0,928.5076260886381,63,-1.4681648008875157,24290.16089827732,2019-01-07 20:45:00+00:00,2019-03-15 18:14:00+00:00,E1 (as written),1.0,True,True,2019-03-15 17:00:00+00:00,0,0.25
650,58.92307692307692,28197.619018554688,-42741.77053712822,-14544.151518573537,0.6597204248724428,-58.17660607429415,-10.690822453975334,73.62302615810623,-160.08153759224052,-22.375617720882364,830.6416015625,-249.8810764538525,12,7,0.7760153846153848,15285.615985347984,61.14246394139194,14708.079598789413,2813,-1.1785304804817818,10455.84848142643,2019-01-07 20:45:00+00:00,2026-09-24 01:46:00+00:00,E1 (as written),1.0,False,False,,0,7.709787816563997
74,70.27027027027027,984.586181640625,-1113.1423694205102,-128.55618777988525,0.8845105609924719,-0.514224751119541,-0.06857580654294759,18.934349646935097,-50.597380428205014,-1.73724578080926,64.001953125,-61.985604021473584,8,3,0.1533783783783784,480.7248445725272,1.922899378290109,416.0151512507,2186,-0.10515468085249795,24871.443812220117,2019-02-20 09:30:00+00:00,2026-08-28 05:40:00+00:00,E2 (as written),0.25,True,False,,0,7.515400410677618
74,70.27027027027027,984.586181640625,-1113.1423694205102,-128.55618777988525,0.8845105609924719,-0.514224751119541,-0.06857580654294759,18.934349646935097,-50.597380428205014,-1.73724578080926,64.001953125,-61.985604021473584,8,3,0.1533783783783784,480.7248445725272,1.922899378290109,416.0151512507,2186,-0.10515468085249795,24871.443812220117,2019-02-20 09:30:00+00:00,2026-08-28 05:40:00+00:00,E2 (as written),0.25,False,False,,0,7.515400410677618
74,70.27027027027027,2015.0701904296875,-2275.2734690289753,-260.20327859928807,0.8856386794197818,-1.0408131143971522,-0.1391196005361861,38.75134981595553,-103.42152131949888,-3.516260521612001,133.33740234375,-123.94023852917348,8,3,0.31121621621621626,989.2967895574366,3.9571871582297464,859.8307610993761,2186,-0.1021167644580954,24739.796721400715,2019-02-20 09:30:00+00:00,2026-08-28 05:40:00+00:00,E2 (as written),0.5,True,False,,0,7.515400410677618
74,70.27027027027027,2015.0701904296875,-2275.2734690289753,-260.20327859928807,0.8856386794197818,-1.0408131143971522,-0.1391196005361861,38.75134981595553,-103.42152131949888,-3.516260521612001,133.33740234375,-123.94023852917348,8,3,0.31121621621621626,989.2967895574366,3.9571871582297464,859.8307610993761,2186,-0.1021167644580954,24739.796721400715,2019-02-20 09:30:00+00:00,2026-08-28 05:40:00+00:00,E2 (as written),0.5,False,False,,0,7.515400410677618
31,64.51612903225806,1630.8963623046875,-2451.7520540427313,-820.8556917380438,0.665196286718911,-3.2834227669521754,-1.3012348452682398,81.54481811523438,-222.88655036752104,-26.479215862517542,266.6748046875,-263.33116691411124,7,2,0.6854838709677422,1250.0,5.0,1178.4417114257267,371,-0.4164734815065795,24179.14430826195,2019-02-20 09:30:00+00:00,2021-09-08 13:00:00+00:00,E2 (as written),1.0,True,True,2021-09-08 12:15:00+00:00,0,2.5489390828199863
74,70.27027027027027,4030.5443115234375,-4549.602912086559,-519.058600563121,0.8859112299264227,-2.076234402252484,-0.2787829224216831,77.51046752929688,-206.80013236757085,-7.0143054130151485,266.6748046875,-252.3903198241644,8,3,0.6193243243243243,1992.0466588250783,7.968186635300313,1743.312589000805,2186,-0.09730011132528381,24480.941399436873,2019-02-20 09:30:00+00:00,2026-08-28 05:40:00+00:00,E2 (as written),1.0,False,False,,0,7.515400410677618
188,47.340425531914896,5477.673095703125,-5418.504542084774,59.16855361835087,1.010919720221474,0.23667421447340348,0.03066632087844745,61.54688871576545,-54.73236911196741,0.3147263490337812,249.7802734375,-62.85006118131014,9,9,0.14558510638297872,1165.907030707498,4.6636281228299925,1095.882372504373,1770,0.02042289311116961,25059.16855361836,2019-01-07 20:45:00+00:00,2026-09-24 02:00:00+00:00,Best improved,0.25,True,False,,0,7.709787816563997
188,47.340425531914896,5477.673095703125,-5418.504542084774,59.16855361835087,1.010919720221474,0.23667421447340348,0.03066632087844745,61.54688871576545,-54.73236911196741,0.3147263490337812,249.7802734375,-62.85006118131014,9,9,0.14558510638297872,1165.907030707498,4.6636281228299925,1095.882372504373,1770,0.02042289311116961,25059.16855361836,2019-01-07 20:45:00+00:00,2026-09-24 02:00:00+00:00,Best improved,0.25,False,False,,0,7.709787816563997
30,30.0,1179.056396484375,-2302.0251464843814,-1122.9687500000064,0.5121822401831763,-4.491875000000026,-4.989072739743261,131.00626627604166,-109.62024507068483,-37.43229166666688,287.99560546875,-145.8154940594468,2,7,0.5133333333333334,1250.0,5.0,1174.27490234375,291,-1.3836184904447828,23877.03125,2019-01-07 20:45:00+00:00,2019-12-02 08:00:00+00:00,Best improved,0.5,True,True,2019-12-02 07:30:00+00:00,0,0.8980150581793293
188,47.340425531914896,11018.8193359375,-11035.65362393925,-16.834288001749883,0.9984745545143577,-0.06733715200699954,-0.008736542788112533,123.80695883075843,-111.47124872665908,-0.08954408511569087,499.560546875,-125.70012236262028,9,9,0.2918617021276596,2353.067204361738,9.412268817446952,2215.698063736738,1819,0.0035722626771126716,24983.165711998234,2019-01-07 20:45:00+00:00,2026-09-24 02:00:00+00:00,Best improved,0.5,False,False,,0,7.709787816563997
19,36.84210526315789,1545.3280029296875,-2541.26550292969,-995.937500000002,0.6080938812367936,-3.983750000000008,-5.721995333847641,220.76114327566964,-211.77212524414082,-52.417763157894846,481.3359375,-250.46678127834713,2,5,1.016842105263158,1250.0,5.0,1098.5498046875,214,-0.976695351057991,24004.0625,2019-01-07 20:45:00+00:00,2019-09-17 06:04:00+00:00,Best improved,1.0,True,True,2019-09-17 05:00:00+00:00,0,0.6899383983572895
188,47.340425531914896,21635.420043945312,-21715.96379361563,-80.54374967031708,0.9962910349991467,-0.3221749986812683,-0.041846492328578844,243.0946072353406,-219.3531696324811,-0.42842420037402706,974.14306640625,-258.38358485649724,9,9,0.5692553191489361,4560.208899816447,18.240835599265786,4294.851233800822,1819,0.010949537620821199,24919.45625032968,2019-01-07 20:45:00+00:00,2026-09-24 02:00:00+00:00,Best improved,1.0,False,False,,0,7.709787816563997
