entry_time,exit_time,dir,lots,usd,equity
2019-02-20 09:30:00+00:00,2019-02-20 15:29:00+00:00,1,0.42,-38.513671875,24961.486328125
2019-04-11 10:30:00+00:00,2019-04-11 11:14:00+00:00,-1,1.02,39.42041015625,25000.90673828125
2019-05-13 18:45:00+00:00,2019-05-13 20:58:00+00:00,1,0.67,-65.4542236328125,24935.452514648438
2019-05-28 16:15:00+00:00,2019-05-28 20:58:00+00:00,-1,0.63,-122.03173828125,24813.420776367188
2019-07-05 01:30:00+00:00,2019-07-05 01:32:00+00:00,1,0.24,9.0732421875,24822.494018554688
2019-07-19 09:15:00+00:00,2019-07-19 09:34:00+00:00,-1,0.48,78.310546875,24900.804565429688
2019-09-23 01:30:00+00:00,2019-09-23 01:58:00+00:00,1,0.29,36.10485839843749,24936.909423828125
2019-10-25 09:00:00+00:00,2019-10-25 11:14:00+00:00,1,0.47000000000000003,14.102294921875,24951.01171875
2020-01-28 19:00:00+00:00,2020-01-28 21:32:00+00:00,-1,0.5,104.254150390625,25055.265869140625
2020-02-03 15:00:00+00:00,2020-02-03 15:00:00+00:00,-1,0.21,16.25244140625,25071.518310546875
2020-02-13 08:00:00+00:00,2020-02-13 08:00:00+00:00,1,0.37,4.7379150390625,25076.256225585938
2020-05-01 01:15:00+00:00,2020-05-01 02:42:00+00:00,-1,0.27,-123.73567667959789,24952.52054890634
2020-05-18 07:45:00+00:00,2020-05-18 08:03:00+00:00,1,0.46,95.97558593750001,25048.49613484384
2020-08-06 08:30:00+00:00,2020-08-06 11:32:00+00:00,1,0.12,37.18359375,25085.67972859384
2020-08-06 16:00:00+00:00,2020-08-06 20:36:00+00:00,1,0.13,87.810302734375,25173.490031328216
2020-09-01 10:30:00+00:00,2020-09-01 13:35:00+00:00,1,0.19,-122.95938658100319,25050.530644747214
2020-09-23 19:00:00+00:00,2020-09-23 19:03:00+00:00,-1,0.22,12.307861328125,25062.83850607534
2020-11-02 13:15:00+00:00,2020-11-02 13:18:00+00:00,1,0.3,46.138916015625,25108.977422090964
2020-11-25 14:45:00+00:00,2020-11-25 14:45:00+00:00,1,0.27,7.831054687500001,25116.808476778464
2020-12-16 18:00:00+00:00,2020-12-16 19:00:00+00:00,1,0.37,-123.94023852917348,24992.86823824929
2021-01-04 15:45:00+00:00,2021-01-04 15:54:00+00:00,1,0.11,20.603515625,25013.47175387429
2021-01-20 10:45:00+00:00,2021-01-20 11:23:00+00:00,1,0.36,-123.01325163310683,24890.458502241185
2021-02-17 18:00:00+00:00,2021-02-17 18:26:00+00:00,-1,0.24,37.201171875,24927.659674116185
2021-02-25 19:30:00+00:00,2021-02-25 20:59:00+00:00,-1,0.25,133.33740234375,25060.997076459935
2021-02-26 20:00:00+00:00,2021-02-26 21:20:00+00:00,-1,0.21,-122.79545095964,24938.201625500296
2021-05-18 03:30:00+00:00,2021-05-18 03:47:00+00:00,1,0.46,-123.77129583466512,24814.430329665633
2021-06-10 06:45:00+00:00,2021-06-10 06:55:00+00:00,-1,0.4,9.721679687500002,24824.152009353133
2021-06-22 15:30:00+00:00,2021-06-22 15:36:00+00:00,-1,0.27,18.57568359375,24842.727692946883
2021-07-09 01:30:00+00:00,2021-07-09 01:33:00+00:00,1,0.21,0.692138671875,24843.419831618758
2021-07-27 08:15:00+00:00,2021-07-27 12:11:00+00:00,-1,0.2,-118.88428513059807,24724.535546488158
2021-09-08 12:15:00+00:00,2021-09-08 13:00:00+00:00,1,0.23,-121.83426457355768,24602.7012819146
2021-09-13 09:30:00+00:00,2021-09-13 09:30:00+00:00,-1,0.53,37.4208984375,24640.1221803521
2021-10-12 00:00:00+00:00,2021-10-12 00:00:00+00:00,-1,0.89,6.366455078125,24646.488635430225
2021-10-27 04:45:00+00:00,2021-10-27 05:08:00+00:00,-1,1.26,90.47021484375,24736.958850273975
2021-11-05 01:15:00+00:00,2021-11-05 07:14:00+00:00,1,0.24,57.62402343749999,24794.582873711475
2021-11-23 18:30:00+00:00,2021-11-23 18:54:00+00:00,-1,0.34,-123.22881492049238,24671.35405879098
2021-12-31 20:30:00+00:00,2021-12-31 20:36:00+00:00,1,0.6900000000000001,8.9029541015625,24680.257012892544
2022-04-04 14:30:00+00:00,2022-04-04 14:30:00+00:00,1,0.15,0.0823974609375,24680.33941035348
2022-04-06 15:15:00+00:00,2022-04-06 17:03:00+00:00,1,0.21,-120.58583107514049,24559.753579278342
2022-05-09 17:00:00+00:00,2022-05-09 17:24:00+00:00,-1,0.22,65.889892578125,24625.643471856467
2022-09-14 16:45:00+00:00,2022-09-14 16:58:00+00:00,1,0.51,-122.5952711887146,24503.048200667752
2022-09-28 08:45:00+00:00,2022-09-28 10:02:00+00:00,-1,0.22,-121.54932227212294,24381.49887839563
2022-11-04 02:00:00+00:00,2022-11-04 03:11:00+00:00,1,0.24,104.45800781249999,24485.95688620813
2022-12-08 18:30:00+00:00,2022-12-08 18:30:00+00:00,1,0.37,6.0296630859375,24491.986549294066
2023-03-17 17:00:00+00:00,2023-03-17 17:09:00+00:00,1,0.17,50.3297119140625,24542.31626120813
2023-04-24 06:45:00+00:00,2023-04-24 06:48:00+00:00,-1,0.51,43.3487548828125,24585.66501609094
2023-06-08 22:15:00+00:00,2023-06-09 04:14:00+00:00,1,0.29,-98.95117187499999,24486.71384421594
2023-06-22 08:30:00+00:00,2023-06-22 08:30:00+00:00,-1,0.33,0.1651611328125,24486.879005348754
2023-07-17 01:45:00+00:00,2023-07-17 03:29:00+00:00,-1,0.4,66.20117187500001,24553.080177223754
2023-07-20 08:15:00+00:00,2023-07-20 08:22:00+00:00,1,0.33,36.2991943359375,24589.37937155969
2023-10-02 04:00:00+00:00,2023-10-02 04:49:00+00:00,-1,0.73,31.759277343749996,24621.13864890344
2023-10-11 13:00:00+00:00,2023-10-11 13:06:00+00:00,1,0.21,36.75,24657.88864890344
2023-10-18 07:15:00+00:00,2023-10-18 07:57:00+00:00,1,0.32,31.839843750000004,24689.72849265344
2024-02-26 10:15:00+00:00,2024-02-26 10:53:00+00:00,1,0.35000000000000003,-120.52756337508754,24569.200929278355
2024-03-26 18:45:00+00:00,2024-03-26 20:30:00+00:00,1,0.39,-122.0463232571633,24447.15460602119
2024-03-28 13:00:00+00:00,2024-03-28 13:42:00+00:00,1,0.11,-114.61179087047458,24332.542815150715
2024-07-30 01:15:00+00:00,2024-07-30 01:29:00+00:00,-1,0.27,41.5810546875,24374.123869838215
2024-08-27 09:45:00+00:00,2024-08-27 09:46:00+00:00,-1,0.27,0.6591796875,24374.783049525715
2024-09-23 15:30:00+00:00,2024-09-23 20:59:00+00:00,1,0.19,-61.123779296875,24313.65927022884
2024-10-30 03:00:00+00:00,2024-10-30 05:33:00+00:00,1,0.25,36.346435546875,24350.005705775715
2024-11-05 16:00:00+00:00,2024-11-05 16:02:00+00:00,1,0.12,10.482421874999998,24360.488127650715
2025-02-21 15:15:00+00:00,2025-02-21 15:15:00+00:00,-1,0.1,2.63427734375,24363.122404994465
2025-02-25 15:00:00+00:00,2025-02-25 15:08:00+00:00,-1,0.09,9.520751953125,24372.64315694759
2025-04-11 11:15:00+00:00,2025-04-11 12:30:00+00:00,1,0.09,55.36669921874999,24428.00985616634
2025-07-25 07:45:00+00:00,2025-07-25 08:19:00+00:00,-1,0.17,32.81298828125001,24460.82284444759
2025-09-08 12:00:00+00:00,2025-09-08 12:54:00+00:00,1,0.15,36.15234375,24496.97518819759
2025-09-11 07:15:00+00:00,2025-09-11 09:04:00+00:00,-1,0.11,51.645751953125,24548.620940150715
2025-09-22 20:00:00+00:00,2025-09-22 20:59:00+00:00,1,0.21,-43.681640625,24504.939299525715
2025-12-17 16:45:00+00:00,2025-12-17 18:00:00+00:00,1,0.08,69.27734375,24574.216643275715
2025-12-29 17:15:00+00:00,2025-12-29 21:59:00+00:00,-1,0.06,-19.4384765625,24554.778166713215
2026-02-05 11:45:00+00:00,2026-02-05 12:10:00+00:00,-1,0.04,93.5078125,24648.285979213215
2026-06-03 07:30:00+00:00,2026-06-03 07:30:00+00:00,-1,0.07,5.113281250000001,24653.399260463215
2026-06-15 12:45:00+00:00,2026-06-15 12:45:00+00:00,1,0.05,0.07568359375,24653.474944056965
2026-08-28 03:45:00+00:00,2026-08-28 05:40:00+00:00,-1,0.13,86.32177734375,24739.796721400715
