stopx,tgtR,cost<=,strat,qual,n,win%,PF,expR,totR
1.6,1.0,0.03,all,none,290,56.6,1.19,0.077,22.4
1.6,1.0,0.03,all,retest,145,56.6,1.18,0.074,10.7
1.6,1.0,0.03,all,m15,226,59.7,1.34,0.127,28.6
1.6,1.0,0.03,trend+breakout,none,127,62.2,1.48,0.17,21.5
1.6,1.0,0.03,trend+breakout,m15,123,62.6,1.51,0.175,21.6
1.6,1.0,0.03,no_liquidity_only,none,127,62.2,1.48,0.17,21.5
1.6,1.0,0.03,no_liquidity_only,m15,123,62.6,1.51,0.175,21.6
1.6,1.0,0.05,all,none,721,53.4,1.08,0.035,25.3
1.6,1.0,0.05,all,retest,389,56.3,1.2,0.085,32.9
1.6,1.0,0.05,all,m15,579,54.7,1.13,0.055,31.8
1.6,1.0,0.05,all,retest+m15,313,58.1,1.28,0.116,36.2
1.6,1.0,0.05,trend,none,185,55.7,1.13,0.051,9.5
1.6,1.0,0.05,trend,m15,185,55.7,1.13,0.051,9.5
1.6,1.0,0.05,trend+breakout,none,362,55.5,1.15,0.065,23.6
1.6,1.0,0.05,trend+breakout,retest,205,58.0,1.28,0.117,24.0
1.6,1.0,0.05,trend+breakout,m15,345,55.9,1.17,0.072,24.9
1.6,1.0,0.05,trend+breakout,retest+m15,188,59.0,1.34,0.135,25.3
1.6,1.0,0.05,no_liquidity_only,none,362,55.5,1.15,0.065,23.6
1.6,1.0,0.05,no_liquidity_only,retest,205,58.0,1.28,0.117,24.0
1.6,1.0,0.05,no_liquidity_only,m15,345,55.9,1.17,0.072,24.9
1.6,1.0,0.05,no_liquidity_only,retest+m15,188,59.0,1.34,0.135,25.3
1.6,1.25,0.02,all,none,189,50.8,1.15,0.068,12.8
1.6,1.25,0.02,all,m15,147,54.4,1.3,0.123,18.1
1.6,1.25,0.03,all,none,438,51.8,1.2,0.091,39.9
1.6,1.25,0.03,all,retest,234,55.6,1.38,0.162,37.8
1.6,1.25,0.03,all,m15,349,53.3,1.27,0.115,40.3
1.6,1.25,0.03,all,retest+m15,190,56.8,1.44,0.181,34.4
1.6,1.25,0.03,trend+breakout,none,213,55.4,1.38,0.158,33.6
1.6,1.25,0.03,trend+breakout,retest,124,61.3,1.76,0.285,35.4
1.6,1.25,0.03,trend+breakout,m15,205,55.6,1.38,0.16,32.7
1.6,1.25,0.03,no_liquidity_only,none,213,55.4,1.38,0.158,33.6
1.6,1.25,0.03,no_liquidity_only,retest,124,61.3,1.76,0.285,35.4
1.6,1.25,0.03,no_liquidity_only,m15,205,55.6,1.38,0.16,32.7
1.6,1.25,0.05,all,none,953,50.8,1.15,0.069,66.2
1.6,1.25,0.05,all,retest,527,52.8,1.25,0.114,60.2
1.6,1.25,0.05,all,m15,775,51.9,1.19,0.088,68.2
1.6,1.25,0.05,all,retest+m15,423,54.8,1.34,0.152,64.2
1.6,1.25,0.05,trend,none,257,55.3,1.33,0.137,35.3
1.6,1.25,0.05,trend,m15,257,55.3,1.33,0.137,35.3
1.6,1.25,0.05,trend+breakout,none,513,52.8,1.25,0.112,57.6
1.6,1.25,0.05,trend+breakout,retest,286,54.9,1.39,0.171,49.0
1.6,1.25,0.05,trend+breakout,m15,485,53.6,1.28,0.127,61.5
1.6,1.25,0.05,trend+breakout,retest+m15,260,56.2,1.45,0.196,50.9
1.6,1.25,0.05,no_liquidity_only,none,513,52.8,1.25,0.112,57.6
1.6,1.25,0.05,no_liquidity_only,retest,286,54.9,1.39,0.171,49.0
1.6,1.25,0.05,no_liquidity_only,m15,485,53.6,1.28,0.127,61.5
1.6,1.25,0.05,no_liquidity_only,retest+m15,260,56.2,1.45,0.196,50.9
1.6,1.5,0.02,all,none,290,53.1,1.36,0.157,45.6
1.6,1.5,0.02,all,retest,145,52.4,1.32,0.147,21.3
1.6,1.5,0.02,all,m15,226,55.8,1.48,0.196,44.4
1.6,1.5,0.02,trend+breakout,none,127,55.1,1.46,0.195,24.7
1.6,1.5,0.02,trend+breakout,m15,123,55.3,1.46,0.193,23.8
1.6,1.5,0.02,no_liquidity_only,none,127,55.1,1.46,0.195,24.7
1.6,1.5,0.02,no_liquidity_only,m15,123,55.3,1.46,0.193,23.8
1.6,1.5,0.03,all,none,626,49.8,1.22,0.106,66.3
1.6,1.5,0.03,all,retest,331,52.6,1.36,0.163,54.0
1.6,1.5,0.03,all,m15,500,50.6,1.25,0.116,58.1
1.6,1.5,0.03,all,retest+m15,268,54.1,1.42,0.188,50.5
1.6,1.5,0.03,trend,none,159,52.2,1.27,0.118,18.7
1.6,1.5,0.03,trend,m15,159,52.2,1.27,0.118,18.7
1.6,1.5,0.03,trend+breakout,none,307,50.5,1.24,0.114,35.1
1.6,1.5,0.03,trend+breakout,retest,171,54.4,1.47,0.21,36.0
1.6,1.5,0.03,trend+breakout,m15,294,50.7,1.25,0.118,34.6
1.6,1.5,0.03,trend+breakout,retest+m15,158,55.1,1.51,0.224,35.4
1.6,1.5,0.03,no_liquidity_only,none,307,50.5,1.24,0.114,35.1
1.6,1.5,0.03,no_liquidity_only,retest,171,54.4,1.47,0.21,36.0
1.6,1.5,0.03,no_liquidity_only,m15,294,50.7,1.25,0.118,34.6
1.6,1.5,0.03,no_liquidity_only,retest+m15,158,55.1,1.51,0.224,35.4
1.6,1.5,0.05,all,none,1126,47.5,1.14,0.07,78.4
1.6,1.5,0.05,all,retest,645,48.7,1.2,0.104,66.9
1.6,1.5,0.05,all,m15,916,48.8,1.19,0.094,86.4
1.6,1.5,0.05,all,retest+m15,512,51.2,1.32,0.153,78.6
1.6,1.5,0.05,trend,none,307,52.4,1.32,0.145,44.4
1.6,1.5,0.05,trend,m15,307,52.4,1.32,0.145,44.4
1.6,1.5,0.05,trend+breakout,none,634,49.1,1.21,0.106,66.9
1.6,1.5,0.05,trend+breakout,retest,363,49.9,1.28,0.142,51.6
1.6,1.5,0.05,trend+breakout,m15,598,49.7,1.24,0.117,69.8
1.6,1.5,0.05,trend+breakout,retest+m15,329,50.8,1.32,0.159,52.4
1.6,1.5,0.05,no_liquidity_only,none,634,49.1,1.21,0.106,66.9
1.6,1.5,0.05,no_liquidity_only,retest,363,49.9,1.28,0.142,51.6
1.6,1.5,0.05,no_liquidity_only,m15,598,49.7,1.24,0.117,69.8
1.6,1.5,0.05,no_liquidity_only,retest+m15,329,50.8,1.32,0.159,52.4
1.6,2.0,0.02,all,none,498,48.2,1.33,0.161,80.3
1.6,2.0,0.02,all,retest,260,50.8,1.47,0.225,58.4
1.6,2.0,0.02,all,m15,397,49.1,1.37,0.176,70.0
1.6,2.0,0.02,all,retest+m15,211,51.7,1.5,0.233,49.2
1.6,2.0,0.02,trend,none,126,52.4,1.47,0.2,25.2
1.6,2.0,0.02,trend,m15,126,52.4,1.47,0.2,25.2
1.6,2.0,0.02,trend+breakout,none,242,50.0,1.41,0.196,47.4
1.6,2.0,0.02,trend+breakout,retest,134,53.7,1.67,0.305,40.9
1.6,2.0,0.02,trend+breakout,m15,232,50.0,1.42,0.197,45.7
1.6,2.0,0.02,trend+breakout,retest+m15,124,54.0,1.7,0.316,39.2
1.6,2.0,0.02,no_liquidity_only,none,242,50.0,1.41,0.196,47.4
1.6,2.0,0.02,no_liquidity_only,retest,134,53.7,1.67,0.305,40.9
1.6,2.0,0.02,no_liquidity_only,m15,232,50.0,1.42,0.197,45.7
1.6,2.0,0.02,no_liquidity_only,retest+m15,124,54.0,1.7,0.316,39.2
1.6,2.0,0.03,all,none,912,46.4,1.28,0.143,130.3
1.6,2.0,0.03,all,retest,505,48.1,1.42,0.213,107.7
1.6,2.0,0.03,all,m15,739,47.0,1.3,0.151,111.8
1.6,2.0,0.03,all,retest+m15,405,49.6,1.48,0.238,96.2
1.6,2.0,0.03,trend,none,244,50.4,1.32,0.151,36.9
1.6,2.0,0.03,trend,m15,244,50.4,1.32,0.151,36.9
1.6,2.0,0.03,trend+breakout,none,486,47.3,1.32,0.167,80.9
1.6,2.0,0.03,trend+breakout,retest,274,49.3,1.54,0.269,73.6
1.6,2.0,0.03,trend+breakout,m15,461,47.5,1.32,0.164,75.7
1.6,2.0,0.03,trend+breakout,retest+m15,250,49.6,1.54,0.269,67.3
1.6,2.0,0.03,no_liquidity_only,none,486,47.3,1.32,0.167,80.9
1.6,2.0,0.03,no_liquidity_only,retest,274,49.3,1.54,0.269,73.6
1.6,2.0,0.03,no_liquidity_only,m15,461,47.5,1.32,0.164,75.7
1.6,2.0,0.03,no_liquidity_only,retest+m15,250,49.6,1.54,0.269,67.3
1.6,2.0,0.05,all,none,1369,44.3,1.21,0.116,158.5
1.6,2.0,0.05,all,retest,830,45.3,1.29,0.16,133.2
1.6,2.0,0.05,all,m15,1119,45.5,1.26,0.142,158.5
1.6,2.0,0.05,all,retest+m15,660,47.6,1.4,0.211,139.3
1.6,2.0,0.05,trend,none,350,48.6,1.3,0.15,52.3
1.6,2.0,0.05,trend,m15,350,48.6,1.3,0.15,52.3
1.6,2.0,0.05,trend+breakout,none,812,45.4,1.27,0.147,119.4
1.6,2.0,0.05,trend+breakout,retest,499,46.1,1.36,0.194,96.6
1.6,2.0,0.05,trend+breakout,m15,756,46.3,1.31,0.165,124.5
1.6,2.0,0.05,trend+breakout,retest+m15,445,47.4,1.42,0.224,99.6
1.6,2.0,0.05,no_liquidity_only,none,812,45.4,1.27,0.147,119.4
1.6,2.0,0.05,no_liquidity_only,retest,499,46.1,1.36,0.194,96.6
1.6,2.0,0.05,no_liquidity_only,m15,756,46.3,1.31,0.165,124.5
1.6,2.0,0.05,no_liquidity_only,retest+m15,445,47.4,1.42,0.224,99.6
1.6,2.5,0.02,all,none,721,44.9,1.29,0.153,110.2
1.6,2.5,0.02,all,retest,389,46.0,1.38,0.202,78.7
1.6,2.5,0.02,all,m15,579,45.6,1.3,0.157,90.7
1.6,2.5,0.02,all,retest+m15,313,47.0,1.39,0.205,64.1
1.6,2.5,0.02,trend,none,185,49.7,1.36,0.17,31.4
1.6,2.5,0.02,trend,m15,185,49.7,1.36,0.17,31.4
1.6,2.5,0.02,trend+breakout,none,362,45.6,1.29,0.153,55.3
1.6,2.5,0.02,trend+breakout,retest,205,45.9,1.41,0.22,45.0
1.6,2.5,0.02,trend+breakout,m15,345,45.5,1.27,0.142,48.9
1.6,2.5,0.02,trend+breakout,retest+m15,188,45.7,1.38,0.205,38.6
1.6,2.5,0.02,no_liquidity_only,none,362,45.6,1.29,0.153,55.3
1.6,2.5,0.02,no_liquidity_only,retest,205,45.9,1.41,0.22,45.0
1.6,2.5,0.02,no_liquidity_only,m15,345,45.5,1.27,0.142,48.9
1.6,2.5,0.02,no_liquidity_only,retest+m15,188,45.7,1.38,0.205,38.6
1.6,2.5,0.03,all,none,1126,43.4,1.28,0.153,172.7
1.6,2.5,0.03,all,retest,645,43.9,1.34,0.188,121.4
1.6,2.5,0.03,all,m15,916,44.5,1.33,0.181,165.3
1.6,2.5,0.03,all,retest+m15,512,46.1,1.44,0.239,122.2
1.6,2.5,0.03,trend,none,307,48.5,1.41,0.204,62.6
1.6,2.5,0.03,trend,m15,307,48.5,1.41,0.204,62.6
1.6,2.5,0.03,trend+breakout,none,634,44.0,1.3,0.167,106.0
1.6,2.5,0.03,trend+breakout,retest,363,43.8,1.36,0.204,74.0
1.6,2.5,0.03,trend+breakout,m15,598,44.5,1.32,0.173,103.6
1.6,2.5,0.03,trend+breakout,retest+m15,329,44.4,1.38,0.212,69.6
1.6,2.5,0.03,no_liquidity_only,none,634,44.0,1.3,0.167,106.0
1.6,2.5,0.03,no_liquidity_only,retest,363,43.8,1.36,0.204,74.0
1.6,2.5,0.03,no_liquidity_only,m15,598,44.5,1.32,0.173,103.6
1.6,2.5,0.03,no_liquidity_only,retest+m15,329,44.4,1.38,0.212,69.6
1.6,2.5,0.05,all,none,1496,42.3,1.26,0.147,219.3
1.6,2.5,0.05,all,retest,929,42.4,1.3,0.176,163.4
1.6,2.5,0.05,all,m15,1228,43.4,1.31,0.174,213.2
1.6,2.5,0.05,all,retest+m15,744,44.4,1.39,0.222,165.5
1.6,2.5,0.05,trend,none,375,48.0,1.41,0.211,79.1
1.6,2.5,0.05,trend,m15,375,48.0,1.41,0.211,79.1
1.6,2.5,0.05,trend+breakout,none,922,43.1,1.3,0.171,157.5
1.6,2.5,0.05,trend+breakout,retest,584,42.8,1.35,0.204,119.2
1.6,2.5,0.05,trend+breakout,m15,851,43.6,1.31,0.178,151.6
1.6,2.5,0.05,trend+breakout,retest+m15,517,43.5,1.38,0.217,112.4
1.6,2.5,0.05,no_liquidity_only,none,922,43.1,1.3,0.171,157.5
1.6,2.5,0.05,no_liquidity_only,retest,584,42.8,1.35,0.204,119.2
1.6,2.5,0.05,no_liquidity_only,m15,851,43.6,1.31,0.178,151.6
1.6,2.5,0.05,no_liquidity_only,retest+m15,517,43.5,1.38,0.217,112.4
2.0,1.0,0.02,all,none,189,52.9,1.11,0.044,8.4
2.0,1.0,0.02,all,m15,147,57.1,1.26,0.095,14.0
2.0,1.0,0.03,all,none,438,53.2,1.1,0.04,17.3
2.0,1.0,0.03,all,retest,234,56.8,1.24,0.092,21.5
2.0,1.0,0.03,all,m15,349,55.0,1.16,0.063,22.0
2.0,1.0,0.03,all,retest+m15,190,58.4,1.29,0.11,21.0
2.0,1.0,0.03,trend+breakout,none,213,57.3,1.25,0.097,20.6
2.0,1.0,0.03,trend+breakout,retest,124,62.9,1.56,0.196,24.3
2.0,1.0,0.03,trend+breakout,m15,205,57.6,1.27,0.101,20.7
2.0,1.0,0.03,no_liquidity_only,none,213,57.3,1.25,0.097,20.6
2.0,1.0,0.03,no_liquidity_only,retest,124,62.9,1.56,0.196,24.3
2.0,1.0,0.03,no_liquidity_only,m15,205,57.6,1.27,0.101,20.7
2.0,1.0,0.05,all,none,953,53.3,1.1,0.043,40.7
2.0,1.0,0.05,all,retest,527,55.2,1.2,0.081,42.5
2.0,1.0,0.05,all,m15,775,54.7,1.15,0.062,48.3
2.0,1.0,0.05,all,retest+m15,423,57.9,1.32,0.123,52.1
2.0,1.0,0.05,trend,none,257,58.0,1.28,0.104,26.8
2.0,1.0,0.05,trend,m15,257,58.0,1.28,0.104,26.8
2.0,1.0,0.05,trend+breakout,none,513,55.6,1.19,0.077,39.7
2.0,1.0,0.05,trend+breakout,retest,286,57.3,1.31,0.123,35.0
2.0,1.0,0.05,trend+breakout,m15,485,56.3,1.22,0.088,42.6
2.0,1.0,0.05,trend+breakout,retest+m15,260,58.8,1.38,0.146,37.9
2.0,1.0,0.05,no_liquidity_only,none,513,55.6,1.19,0.077,39.7
2.0,1.0,0.05,no_liquidity_only,retest,286,57.3,1.31,0.123,35.0
2.0,1.0,0.05,no_liquidity_only,m15,485,56.3,1.22,0.088,42.6
2.0,1.0,0.05,no_liquidity_only,retest+m15,260,58.8,1.38,0.146,37.9
2.0,1.25,0.02,all,none,313,53.7,1.23,0.093,29.0
2.0,1.25,0.02,all,retest,160,53.1,1.15,0.062,10.0
2.0,1.25,0.02,all,m15,246,56.1,1.3,0.118,28.9
2.0,1.25,0.02,all,retest+m15,127,55.9,1.22,0.091,11.6
2.0,1.25,0.02,trend+breakout,none,142,55.6,1.27,0.109,15.4
2.0,1.25,0.02,trend+breakout,m15,138,55.8,1.29,0.114,15.7
2.0,1.25,0.02,no_liquidity_only,none,142,55.6,1.27,0.109,15.4
2.0,1.25,0.02,no_liquidity_only,m15,138,55.8,1.29,0.114,15.7
2.0,1.25,0.03,all,none,672,52.1,1.18,0.075,50.6
2.0,1.25,0.03,all,retest,359,54.3,1.28,0.118,42.5
2.0,1.25,0.03,all,m15,538,53.2,1.21,0.087,46.6
2.0,1.25,0.03,all,retest+m15,290,55.9,1.34,0.139,40.2
2.0,1.25,0.03,trend,none,171,55.0,1.24,0.095,16.2
2.0,1.25,0.03,trend,m15,171,55.0,1.24,0.095,16.2
2.0,1.25,0.03,trend+breakout,none,334,53.0,1.18,0.079,26.5
2.0,1.25,0.03,trend+breakout,retest,189,55.6,1.33,0.14,26.5
2.0,1.25,0.03,trend+breakout,m15,318,53.1,1.19,0.084,26.6
2.0,1.25,0.03,trend+breakout,retest+m15,173,56.1,1.37,0.153,26.5
2.0,1.25,0.03,no_liquidity_only,none,334,53.0,1.18,0.079,26.5
2.0,1.25,0.03,no_liquidity_only,retest,189,55.6,1.33,0.14,26.5
2.0,1.25,0.03,no_liquidity_only,m15,318,53.1,1.19,0.084,26.6
2.0,1.25,0.03,no_liquidity_only,retest+m15,173,56.1,1.37,0.153,26.5
2.0,1.25,0.05,all,none,1158,50.3,1.13,0.057,66.2
2.0,1.25,0.05,all,retest,665,51.6,1.2,0.089,59.1
2.0,1.25,0.05,all,m15,943,51.7,1.17,0.078,73.2
2.0,1.25,0.05,all,retest+m15,528,54.4,1.32,0.135,71.3
2.0,1.25,0.05,trend,none,314,55.1,1.28,0.115,36.0
2.0,1.25,0.05,trend,m15,314,55.1,1.28,0.115,36.0
2.0,1.25,0.05,trend+breakout,none,655,51.9,1.18,0.081,53.4
2.0,1.25,0.05,trend+breakout,retest,378,52.6,1.25,0.111,42.0
2.0,1.25,0.05,trend+breakout,m15,618,52.6,1.21,0.093,57.4
2.0,1.25,0.05,trend+breakout,retest+m15,343,53.9,1.31,0.135,46.3
2.0,1.25,0.05,no_liquidity_only,none,655,51.9,1.18,0.081,53.4
2.0,1.25,0.05,no_liquidity_only,retest,378,52.6,1.25,0.111,42.0
2.0,1.25,0.05,no_liquidity_only,m15,618,52.6,1.21,0.093,57.4
2.0,1.25,0.05,no_liquidity_only,retest+m15,343,53.9,1.31,0.135,46.3
2.0,1.5,0.02,all,none,438,49.3,1.17,0.076,33.5
2.0,1.5,0.02,all,retest,234,51.7,1.27,0.12,28.1
2.0,1.5,0.02,all,m15,349,50.7,1.21,0.09,31.5
2.0,1.5,0.02,all,retest+m15,190,53.2,1.3,0.128,24.3
2.0,1.5,0.02,trend+breakout,none,213,52.1,1.27,0.117,25.0
2.0,1.5,0.02,trend+breakout,retest,124,56.5,1.49,0.205,25.4
2.0,1.5,0.02,trend+breakout,m15,205,52.2,1.27,0.118,24.1
2.0,1.5,0.02,no_liquidity_only,none,213,52.1,1.27,0.117,25.0
2.0,1.5,0.02,no_liquidity_only,retest,124,56.5,1.49,0.205,25.4
2.0,1.5,0.02,no_liquidity_only,m15,205,52.2,1.27,0.118,24.1
2.0,1.5,0.03,all,none,848,49.6,1.19,0.087,74.1
2.0,1.5,0.03,all,retest,465,51.2,1.31,0.137,63.6
2.0,1.5,0.03,all,m15,688,50.1,1.2,0.09,62.0
2.0,1.5,0.03,all,retest+m15,376,52.4,1.35,0.152,57.3
2.0,1.5,0.03,trend,none,224,54.0,1.28,0.116,26.0
2.0,1.5,0.03,trend,m15,224,54.0,1.28,0.116,26.0
2.0,1.5,0.03,trend+breakout,none,442,50.5,1.2,0.093,41.3
2.0,1.5,0.03,trend+breakout,retest,249,51.8,1.34,0.156,38.9
2.0,1.5,0.03,trend+breakout,m15,423,50.4,1.2,0.09,37.9
2.0,1.5,0.03,trend+breakout,retest+m15,230,51.7,1.34,0.154,35.5
2.0,1.5,0.03,no_liquidity_only,none,442,50.5,1.2,0.093,41.3
2.0,1.5,0.03,no_liquidity_only,retest,249,51.8,1.34,0.156,38.9
2.0,1.5,0.03,no_liquidity_only,m15,423,50.4,1.2,0.09,37.9
2.0,1.5,0.03,no_liquidity_only,retest+m15,230,51.7,1.34,0.154,35.5
2.0,1.5,0.05,all,none,1314,48.9,1.18,0.086,113.3
2.0,1.5,0.05,all,retest,782,50.0,1.27,0.126,98.4
2.0,1.5,0.05,all,m15,1076,49.9,1.21,0.1,107.2
2.0,1.5,0.05,all,retest+m15,624,52.1,1.35,0.16,99.8
2.0,1.5,0.05,trend,none,343,53.4,1.3,0.127,43.5
2.0,1.5,0.05,trend,m15,343,53.4,1.3,0.127,43.5
2.0,1.5,0.05,trend+breakout,none,766,50.0,1.23,0.109,83.5
2.0,1.5,0.05,trend+breakout,retest,460,50.7,1.31,0.147,67.6
2.0,1.5,0.05,trend+breakout,m15,718,50.7,1.26,0.12,86.1
2.0,1.5,0.05,trend+breakout,retest+m15,414,51.9,1.37,0.171,70.6
2.0,1.5,0.05,no_liquidity_only,none,766,50.0,1.23,0.109,83.5
2.0,1.5,0.05,no_liquidity_only,retest,460,50.7,1.31,0.147,67.6
2.0,1.5,0.05,no_liquidity_only,m15,718,50.7,1.26,0.12,86.1
2.0,1.5,0.05,no_liquidity_only,retest+m15,414,51.9,1.37,0.171,70.6
2.0,2.0,0.02,all,none,721,48.3,1.24,0.11,79.6
2.0,2.0,0.02,all,retest,389,49.6,1.33,0.154,59.7
2.0,2.0,0.02,all,m15,579,49.1,1.25,0.113,65.7
2.0,2.0,0.02,all,retest+m15,313,50.8,1.35,0.162,50.6
2.0,2.0,0.02,trend,none,185,51.9,1.26,0.112,20.7
2.0,2.0,0.02,trend,m15,185,51.9,1.26,0.112,20.7
2.0,2.0,0.02,trend+breakout,none,362,48.6,1.22,0.105,38.1
2.0,2.0,0.02,trend+breakout,retest,205,49.3,1.34,0.166,34.1
2.0,2.0,0.02,trend+breakout,m15,345,48.7,1.21,0.101,34.8
2.0,2.0,0.02,trend+breakout,retest+m15,188,49.5,1.34,0.163,30.7
2.0,2.0,0.02,no_liquidity_only,none,362,48.6,1.22,0.105,38.1
2.0,2.0,0.02,no_liquidity_only,retest,205,49.3,1.34,0.166,34.1
2.0,2.0,0.02,no_liquidity_only,m15,345,48.7,1.21,0.101,34.8
2.0,2.0,0.02,no_liquidity_only,retest+m15,188,49.5,1.34,0.163,30.7
2.0,2.0,0.03,all,none,1126,47.2,1.25,0.12,134.6
2.0,2.0,0.03,all,retest,645,48.1,1.34,0.162,104.3
2.0,2.0,0.03,all,m15,916,48.3,1.28,0.135,124.1
2.0,2.0,0.03,all,retest+m15,512,50.4,1.43,0.202,103.7
2.0,2.0,0.03,trend,none,307,51.5,1.31,0.139,42.7
2.0,2.0,0.03,trend,m15,307,51.5,1.31,0.139,42.7
2.0,2.0,0.03,trend+breakout,none,634,47.8,1.26,0.127,80.5
2.0,2.0,0.03,trend+breakout,retest,363,47.9,1.34,0.168,61.1
2.0,2.0,0.03,trend+breakout,m15,598,48.3,1.27,0.131,78.5
2.0,2.0,0.03,trend+breakout,retest+m15,329,48.9,1.37,0.183,60.1
2.0,2.0,0.03,no_liquidity_only,none,634,47.8,1.26,0.127,80.5
2.0,2.0,0.03,no_liquidity_only,retest,363,47.9,1.34,0.168,61.1
2.0,2.0,0.03,no_liquidity_only,m15,598,48.3,1.27,0.131,78.5
2.0,2.0,0.03,no_liquidity_only,retest+m15,329,48.9,1.37,0.183,60.1
2.0,2.0,0.05,all,none,1496,46.1,1.21,0.106,159.1
2.0,2.0,0.05,all,retest,929,46.4,1.27,0.139,129.4
2.0,2.0,0.05,all,m15,1228,47.1,1.25,0.124,152.0
2.0,2.0,0.05,all,retest+m15,744,48.4,1.35,0.177,131.5
2.0,2.0,0.05,trend,none,375,50.9,1.3,0.138,51.9
2.0,2.0,0.05,trend,m15,375,50.9,1.3,0.138,51.9
2.0,2.0,0.05,trend+breakout,none,922,46.6,1.23,0.119,109.7
2.0,2.0,0.05,trend+breakout,retest,584,46.6,1.29,0.154,89.9
2.0,2.0,0.05,trend+breakout,m15,851,47.2,1.25,0.126,107.2
2.0,2.0,0.05,trend+breakout,retest+m15,517,47.6,1.33,0.172,89.1
2.0,2.0,0.05,no_liquidity_only,none,922,46.6,1.23,0.119,109.7
2.0,2.0,0.05,no_liquidity_only,retest,584,46.6,1.29,0.154,89.9
2.0,2.0,0.05,no_liquidity_only,m15,851,47.2,1.25,0.126,107.2
2.0,2.0,0.05,no_liquidity_only,retest+m15,517,47.6,1.33,0.172,89.1
2.0,2.5,0.02,all,none,953,46.7,1.3,0.146,138.8
2.0,2.5,0.02,all,retest,527,47.8,1.43,0.206,108.5
2.0,2.5,0.02,all,m15,775,47.6,1.35,0.165,127.8
2.0,2.5,0.02,all,retest+m15,423,49.9,1.54,0.249,105.5
2.0,2.5,0.02,trend,none,257,49.8,1.26,0.118,30.3
2.0,2.5,0.02,trend,m15,257,49.8,1.26,0.118,30.3
2.0,2.5,0.02,trend+breakout,none,513,46.6,1.28,0.139,71.2
2.0,2.5,0.02,trend+breakout,retest,286,47.6,1.46,0.228,65.1
2.0,2.5,0.02,trend+breakout,m15,485,47.0,1.29,0.141,68.6
2.0,2.5,0.02,trend+breakout,retest+m15,260,48.5,1.5,0.243,63.1
2.0,2.5,0.02,no_liquidity_only,none,513,46.6,1.28,0.139,71.2
2.0,2.5,0.02,no_liquidity_only,retest,286,47.6,1.46,0.228,65.1
2.0,2.5,0.02,no_liquidity_only,m15,485,47.0,1.29,0.141,68.6
2.0,2.5,0.02,no_liquidity_only,retest+m15,260,48.5,1.5,0.243,63.1
2.0,2.5,0.03,all,none,1314,45.6,1.26,0.132,173.8
2.0,2.5,0.03,all,retest,782,46.0,1.34,0.175,137.2
2.0,2.5,0.03,all,m15,1076,46.9,1.32,0.162,174.1
2.0,2.5,0.03,all,retest+m15,624,48.4,1.46,0.228,142.5
2.0,2.5,0.03,trend,none,343,50.4,1.33,0.152,52.0
2.0,2.5,0.03,trend,m15,343,50.4,1.33,0.152,52.0
2.0,2.5,0.03,trend+breakout,none,766,46.2,1.28,0.144,110.2
2.0,2.5,0.03,trend+breakout,retest,460,46.1,1.36,0.189,87.0
2.0,2.5,0.03,trend+breakout,m15,718,46.9,1.31,0.157,113.1
2.0,2.5,0.03,trend+breakout,retest+m15,414,47.3,1.43,0.218,90.3
2.0,2.5,0.03,no_liquidity_only,none,766,46.2,1.28,0.144,110.2
2.0,2.5,0.03,no_liquidity_only,retest,460,46.1,1.36,0.189,87.0
2.0,2.5,0.03,no_liquidity_only,m15,718,46.9,1.31,0.157,113.1
2.0,2.5,0.03,no_liquidity_only,retest+m15,414,47.3,1.43,0.218,90.3
2.0,2.5,0.05,all,none,1568,44.3,1.21,0.112,175.9
2.0,2.5,0.05,all,retest,993,43.9,1.25,0.135,133.8
2.0,2.5,0.05,all,m15,1292,45.4,1.26,0.136,176.3
2.0,2.5,0.05,all,retest+m15,800,45.6,1.33,0.174,139.4
2.0,2.5,0.05,trend,none,383,49.6,1.31,0.145,55.4
2.0,2.5,0.05,trend,m15,383,49.6,1.31,0.145,55.4
2.0,2.5,0.05,trend+breakout,none,985,44.6,1.22,0.12,117.8
2.0,2.5,0.05,trend+breakout,retest,639,43.7,1.25,0.141,89.9
2.0,2.5,0.05,trend+breakout,m15,906,45.1,1.24,0.13,117.5
2.0,2.5,0.05,trend+breakout,retest+m15,564,44.5,1.29,0.161,90.9
2.0,2.5,0.05,no_liquidity_only,none,985,44.6,1.22,0.12,117.8
2.0,2.5,0.05,no_liquidity_only,retest,639,43.7,1.25,0.141,89.9
2.0,2.5,0.05,no_liquidity_only,m15,906,45.1,1.24,0.13,117.5
2.0,2.5,0.05,no_liquidity_only,retest+m15,564,44.5,1.29,0.161,90.9
2.5,1.0,0.02,all,none,313,56.2,1.26,0.085,26.7
2.5,1.0,0.02,all,retest,160,57.5,1.3,0.1,15.9
2.5,1.0,0.02,all,m15,246,59.3,1.34,0.109,26.8
2.5,1.0,0.02,all,retest+m15,127,61.4,1.4,0.128,16.2
2.5,1.0,0.02,trend+breakout,none,142,60.6,1.44,0.135,19.2
2.5,1.0,0.02,trend+breakout,m15,138,60.9,1.45,0.139,19.2
2.5,1.0,0.02,no_liquidity_only,none,142,60.6,1.44,0.135,19.2
2.5,1.0,0.02,no_liquidity_only,m15,138,60.9,1.45,0.139,19.2
2.5,1.0,0.03,all,none,672,54.5,1.17,0.06,40.2
2.5,1.0,0.03,all,retest,359,57.7,1.33,0.114,41.1
2.5,1.0,0.03,all,m15,538,56.1,1.21,0.075,40.5
2.5,1.0,0.03,all,retest+m15,290,60.0,1.42,0.14,40.5
2.5,1.0,0.03,trend,none,171,58.5,1.28,0.091,15.5
2.5,1.0,0.03,trend,m15,171,58.5,1.28,0.091,15.5
2.5,1.0,0.03,trend+breakout,none,334,57.2,1.27,0.094,31.4
2.5,1.0,0.03,trend+breakout,retest,189,61.4,1.56,0.179,33.8
2.5,1.0,0.03,trend+breakout,m15,318,57.5,1.3,0.102,32.3
2.5,1.0,0.03,trend+breakout,retest+m15,173,62.4,1.66,0.201,34.7
2.5,1.0,0.03,no_liquidity_only,none,334,57.2,1.27,0.094,31.4
2.5,1.0,0.03,no_liquidity_only,retest,189,61.4,1.56,0.179,33.8
2.5,1.0,0.03,no_liquidity_only,m15,318,57.5,1.3,0.102,32.3
2.5,1.0,0.03,no_liquidity_only,retest+m15,173,62.4,1.66,0.201,34.7
2.5,1.0,0.05,all,none,1158,53.2,1.12,0.047,54.2
2.5,1.0,0.05,all,retest,665,55.2,1.22,0.084,56.1
2.5,1.0,0.05,all,m15,943,54.8,1.17,0.064,60.8
2.5,1.0,0.05,all,retest+m15,528,58.1,1.34,0.122,64.4
2.5,1.0,0.05,trend,none,314,58.9,1.33,0.112,35.3
2.5,1.0,0.05,trend,m15,314,58.9,1.33,0.112,35.3
2.5,1.0,0.05,trend+breakout,none,655,56.0,1.23,0.087,56.7
2.5,1.0,0.05,trend+breakout,retest,378,58.2,1.38,0.138,52.2
2.5,1.0,0.05,trend+breakout,m15,618,56.5,1.24,0.091,56.3
2.5,1.0,0.05,trend+breakout,retest+m15,343,59.2,1.43,0.151,51.7
2.5,1.0,0.05,no_liquidity_only,none,655,56.0,1.23,0.087,56.7
2.5,1.0,0.05,no_liquidity_only,retest,378,58.2,1.38,0.138,52.2
2.5,1.0,0.05,no_liquidity_only,m15,618,56.5,1.24,0.091,56.3
2.5,1.0,0.05,no_liquidity_only,retest+m15,343,59.2,1.43,0.151,51.7
2.5,1.25,0.02,all,none,472,51.9,1.2,0.072,34.0
2.5,1.25,0.02,all,retest,247,55.5,1.37,0.131,32.3
2.5,1.25,0.02,all,m15,377,53.6,1.24,0.086,32.5
2.5,1.25,0.02,all,retest+m15,201,57.2,1.4,0.141,28.3
2.5,1.25,0.02,trend,none,121,57.0,1.37,0.119,14.4
2.5,1.25,0.02,trend,m15,121,57.0,1.37,0.119,14.4
2.5,1.25,0.02,trend+breakout,none,232,56.5,1.41,0.138,32.0
2.5,1.25,0.02,trend+breakout,retest,130,62.3,1.82,0.244,31.8
2.5,1.25,0.02,trend+breakout,m15,223,56.5,1.41,0.14,31.1
2.5,1.25,0.02,trend+breakout,retest+m15,121,62.8,1.87,0.255,30.8
2.5,1.25,0.02,no_liquidity_only,none,232,56.5,1.41,0.138,32.0
2.5,1.25,0.02,no_liquidity_only,retest,130,62.3,1.82,0.244,31.8
2.5,1.25,0.02,no_liquidity_only,m15,223,56.5,1.41,0.14,31.1
2.5,1.25,0.02,no_liquidity_only,retest+m15,121,62.8,1.87,0.255,30.8
2.5,1.25,0.03,all,none,889,52.8,1.24,0.089,79.5
2.5,1.25,0.03,all,retest,491,55.6,1.43,0.158,77.4
2.5,1.25,0.03,all,m15,721,54.2,1.29,0.107,77.3
2.5,1.25,0.03,all,retest+m15,394,58.4,1.57,0.196,77.0
2.5,1.25,0.03,trend,none,237,57.8,1.32,0.111,26.3
2.5,1.25,0.03,trend,m15,237,57.8,1.32,0.111,26.3
2.5,1.25,0.03,trend+breakout,none,469,55.7,1.36,0.133,62.6
2.5,1.25,0.03,trend+breakout,retest,265,59.2,1.7,0.238,63.0
2.5,1.25,0.03,trend+breakout,m15,447,55.7,1.36,0.132,59.0
2.5,1.25,0.03,trend+breakout,retest+m15,243,59.7,1.74,0.245,59.5
2.5,1.25,0.03,no_liquidity_only,none,469,55.7,1.36,0.133,62.6
2.5,1.25,0.03,no_liquidity_only,retest,265,59.2,1.7,0.238,63.0
2.5,1.25,0.03,no_liquidity_only,m15,447,55.7,1.36,0.132,59.0
2.5,1.25,0.03,no_liquidity_only,retest+m15,243,59.7,1.74,0.245,59.5
2.5,1.25,0.05,all,none,1356,51.9,1.19,0.076,103.1
2.5,1.25,0.05,all,retest,818,53.8,1.3,0.121,98.8
2.5,1.25,0.05,all,m15,1110,53.3,1.23,0.092,101.6
2.5,1.25,0.05,all,retest+m15,652,56.3,1.39,0.153,99.9
2.5,1.25,0.05,trend,none,348,56.6,1.29,0.108,37.5
2.5,1.25,0.05,trend,m15,348,56.6,1.29,0.108,37.5
2.5,1.25,0.05,trend+breakout,none,802,54.0,1.26,0.105,84.0
2.5,1.25,0.05,trend+breakout,retest,490,55.9,1.4,0.159,77.8
2.5,1.25,0.05,trend+breakout,m15,748,54.7,1.28,0.113,84.8
2.5,1.25,0.05,trend+breakout,retest+m15,438,57.3,1.47,0.18,78.8
2.5,1.25,0.05,no_liquidity_only,none,802,54.0,1.26,0.105,84.0
2.5,1.25,0.05,no_liquidity_only,retest,490,55.9,1.4,0.159,77.8
2.5,1.25,0.05,no_liquidity_only,m15,748,54.7,1.28,0.113,84.8
2.5,1.25,0.05,no_liquidity_only,retest+m15,438,57.3,1.47,0.18,78.8
2.5,1.5,0.02,all,none,672,52.1,1.26,0.099,66.5
2.5,1.5,0.02,all,retest,359,54.9,1.43,0.158,56.7
2.5,1.5,0.02,all,m15,538,53.3,1.28,0.108,58.0
2.5,1.5,0.02,all,retest+m15,290,56.6,1.46,0.169,49.0
2.5,1.5,0.02,trend,none,171,57.3,1.4,0.137,23.4
2.5,1.5,0.02,trend,m15,171,57.3,1.4,0.137,23.4
2.5,1.5,0.02,trend+breakout,none,334,55.1,1.41,0.152,50.7
2.5,1.5,0.02,trend+breakout,retest,189,58.7,1.74,0.255,48.1
2.5,1.5,0.02,trend+breakout,m15,318,55.3,1.42,0.153,48.6
2.5,1.5,0.02,trend+breakout,retest+m15,173,59.5,1.8,0.266,46.1
2.5,1.5,0.02,no_liquidity_only,none,334,55.1,1.41,0.152,50.7
2.5,1.5,0.02,no_liquidity_only,retest,189,58.7,1.74,0.255,48.1
2.5,1.5,0.02,no_liquidity_only,m15,318,55.3,1.42,0.153,48.6
2.5,1.5,0.02,no_liquidity_only,retest+m15,173,59.5,1.8,0.266,46.1
2.5,1.5,0.03,all,none,1064,50.5,1.22,0.09,96.0
2.5,1.5,0.03,all,retest,607,52.2,1.34,0.137,83.0
2.5,1.5,0.03,all,m15,865,52.0,1.27,0.111,96.2
2.5,1.5,0.03,all,retest+m15,485,55.1,1.46,0.179,87.0
2.5,1.5,0.03,trend,none,286,56.6,1.4,0.145,41.4
2.5,1.5,0.03,trend,m15,286,56.6,1.4,0.145,41.4
2.5,1.5,0.03,trend+breakout,none,590,53.4,1.36,0.143,84.3
2.5,1.5,0.03,trend+breakout,retest,340,55.6,1.58,0.219,74.4
2.5,1.5,0.03,trend+breakout,m15,557,53.7,1.36,0.142,79.2
2.5,1.5,0.03,trend+breakout,retest+m15,309,56.3,1.6,0.226,69.7
2.5,1.5,0.03,no_liquidity_only,none,590,53.4,1.36,0.143,84.3
2.5,1.5,0.03,no_liquidity_only,retest,340,55.6,1.58,0.219,74.4
2.5,1.5,0.03,no_liquidity_only,m15,557,53.7,1.36,0.142,79.2
2.5,1.5,0.03,no_liquidity_only,retest+m15,309,56.3,1.6,0.226,69.7
2.5,1.5,0.05,all,none,1467,50.0,1.19,0.082,120.7
2.5,1.5,0.05,all,retest,905,51.3,1.28,0.121,109.4
2.5,1.5,0.05,all,m15,1203,51.5,1.24,0.104,125.5
2.5,1.5,0.05,all,retest+m15,723,53.7,1.38,0.16,115.5
2.5,1.5,0.05,trend,none,373,55.2,1.31,0.121,45.1
2.5,1.5,0.05,trend,m15,373,55.2,1.31,0.121,45.1
2.5,1.5,0.05,trend+breakout,none,898,52.0,1.27,0.115,102.9
2.5,1.5,0.05,trend+breakout,retest,564,53.4,1.39,0.168,94.5
2.5,1.5,0.05,trend+breakout,m15,830,52.5,1.28,0.122,100.8
2.5,1.5,0.05,trend+breakout,retest+m15,499,54.3,1.44,0.184,91.8
2.5,1.5,0.05,no_liquidity_only,none,898,52.0,1.27,0.115,102.9
2.5,1.5,0.05,no_liquidity_only,retest,564,53.4,1.39,0.168,94.5
2.5,1.5,0.05,no_liquidity_only,m15,830,52.5,1.28,0.122,100.8
2.5,1.5,0.05,no_liquidity_only,retest+m15,499,54.3,1.44,0.184,91.8
2.5,2.0,0.02,all,none,953,49.6,1.29,0.12,114.6
2.5,2.0,0.02,all,retest,527,51.4,1.45,0.183,96.5
2.5,2.0,0.02,all,m15,775,51.1,1.35,0.143,111.1
2.5,2.0,0.02,all,retest+m15,423,54.1,1.58,0.228,96.6
2.5,2.0,0.02,trend,none,257,54.9,1.37,0.137,35.3
2.5,2.0,0.02,trend,m15,257,54.9,1.37,0.137,35.3
2.5,2.0,0.02,trend+breakout,none,513,51.5,1.37,0.149,76.4
2.5,2.0,0.02,trend+breakout,retest,286,53.8,1.66,0.258,73.9
2.5,2.0,0.02,trend+breakout,m15,485,52.0,1.38,0.153,74.4
2.5,2.0,0.02,trend+breakout,retest+m15,260,55.0,1.72,0.277,72.0
2.5,2.0,0.02,no_liquidity_only,none,513,51.5,1.37,0.149,76.4
2.5,2.0,0.02,no_liquidity_only,retest,286,53.8,1.66,0.258,73.9
2.5,2.0,0.02,no_liquidity_only,m15,485,52.0,1.38,0.153,74.4
2.5,2.0,0.02,no_liquidity_only,retest+m15,260,55.0,1.72,0.277,72.0
2.5,2.0,0.03,all,none,1314,48.9,1.25,0.107,141.2
2.5,2.0,0.03,all,retest,782,50.0,1.35,0.154,120.2
2.5,2.0,0.03,all,m15,1076,50.5,1.31,0.132,142.4
2.5,2.0,0.03,all,retest+m15,624,52.4,1.46,0.195,121.8
2.5,2.0,0.03,trend,none,343,54.8,1.37,0.144,49.5
2.5,2.0,0.03,trend,m15,343,54.8,1.37,0.144,49.5
2.5,2.0,0.03,trend+breakout,none,766,50.9,1.32,0.137,105.3
2.5,2.0,0.03,trend+breakout,retest,460,52.0,1.46,0.199,91.6
2.5,2.0,0.03,trend+breakout,m15,718,51.4,1.33,0.144,103.4
2.5,2.0,0.03,trend+breakout,retest+m15,414,52.9,1.51,0.217,89.8
2.5,2.0,0.03,no_liquidity_only,none,766,50.9,1.32,0.137,105.3
2.5,2.0,0.03,no_liquidity_only,retest,460,52.0,1.46,0.199,91.6
2.5,2.0,0.03,no_liquidity_only,m15,718,51.4,1.33,0.144,103.4
2.5,2.0,0.03,no_liquidity_only,retest+m15,414,52.9,1.51,0.217,89.8
2.5,2.0,0.05,all,none,1568,47.8,1.2,0.091,142.7
2.5,2.0,0.05,all,retest,993,48.0,1.24,0.115,114.2
2.5,2.0,0.05,all,m15,1292,49.1,1.25,0.114,147.4
2.5,2.0,0.05,all,retest+m15,800,49.9,1.32,0.149,119.3
2.5,2.0,0.05,trend,none,383,53.8,1.34,0.136,52.2
2.5,2.0,0.05,trend,m15,383,53.8,1.34,0.136,52.2
2.5,2.0,0.05,trend+breakout,none,985,49.2,1.24,0.112,110.1
2.5,2.0,0.05,trend+breakout,retest,639,49.1,1.29,0.14,89.3
2.5,2.0,0.05,trend+breakout,m15,906,49.7,1.26,0.119,108.0
2.5,2.0,0.05,trend+breakout,retest+m15,564,49.8,1.33,0.156,87.8
2.5,2.0,0.05,no_liquidity_only,none,985,49.2,1.24,0.112,110.1
2.5,2.0,0.05,no_liquidity_only,retest,639,49.1,1.29,0.14,89.3
2.5,2.0,0.05,no_liquidity_only,m15,906,49.7,1.26,0.119,108.0
2.5,2.0,0.05,no_liquidity_only,retest+m15,564,49.8,1.33,0.156,87.8
2.5,2.5,0.02,all,none,1158,47.7,1.22,0.098,113.5
2.5,2.5,0.02,all,retest,665,48.6,1.31,0.139,92.1
2.5,2.5,0.02,all,m15,943,49.2,1.28,0.123,115.8
2.5,2.5,0.02,all,retest+m15,528,51.3,1.44,0.188,99.3
2.5,2.5,0.02,trend,none,314,53.5,1.32,0.125,39.4
2.5,2.5,0.02,trend,m15,314,53.5,1.32,0.125,39.4
2.5,2.5,0.02,trend+breakout,none,655,49.9,1.29,0.126,82.3
2.5,2.5,0.02,trend+breakout,retest,378,50.8,1.44,0.19,71.9
2.5,2.5,0.02,trend+breakout,m15,618,50.3,1.3,0.132,81.6
2.5,2.5,0.02,trend+breakout,retest+m15,343,51.6,1.48,0.208,71.4
2.5,2.5,0.02,no_liquidity_only,none,655,49.9,1.29,0.126,82.3
2.5,2.5,0.02,no_liquidity_only,retest,378,50.8,1.44,0.19,71.9
2.5,2.5,0.02,no_liquidity_only,m15,618,50.3,1.3,0.132,81.6
2.5,2.5,0.02,no_liquidity_only,retest+m15,343,51.6,1.48,0.208,71.4
2.5,2.5,0.03,all,none,1467,47.7,1.26,0.12,176.4
2.5,2.5,0.03,all,retest,905,48.5,1.36,0.166,150.6
2.5,2.5,0.03,all,m15,1203,49.3,1.33,0.151,181.3
2.5,2.5,0.03,all,retest+m15,723,50.9,1.48,0.217,156.8
2.5,2.5,0.03,trend,none,373,52.8,1.31,0.127,47.2
2.5,2.5,0.03,trend,m15,373,52.8,1.31,0.127,47.2
2.5,2.5,0.03,trend+breakout,none,898,49.4,1.32,0.146,130.7
2.5,2.5,0.03,trend+breakout,retest,564,50.4,1.46,0.211,118.7
2.5,2.5,0.03,trend+breakout,m15,830,50.0,1.35,0.157,130.1
2.5,2.5,0.03,trend+breakout,retest+m15,499,51.3,1.52,0.235,117.3
2.5,2.5,0.03,no_liquidity_only,none,898,49.4,1.32,0.146,130.7
2.5,2.5,0.03,no_liquidity_only,retest,564,50.4,1.46,0.211,118.7
2.5,2.5,0.03,no_liquidity_only,m15,830,50.0,1.35,0.157,130.1
2.5,2.5,0.03,no_liquidity_only,retest+m15,499,51.3,1.52,0.235,117.3
2.5,2.5,0.05,all,none,1595,46.8,1.23,0.107,171.0
2.5,2.5,0.05,all,retest,1020,46.8,1.27,0.132,134.7
2.5,2.5,0.05,all,m15,1315,47.9,1.27,0.125,164.8
2.5,2.5,0.05,all,retest+m15,823,48.2,1.33,0.159,131.3
2.5,2.5,0.05,trend,none,383,52.7,1.33,0.134,51.4
2.5,2.5,0.05,trend,m15,383,52.7,1.33,0.134,51.4
2.5,2.5,0.05,trend+breakout,none,1007,48.4,1.28,0.133,133.4
2.5,2.5,0.05,trend+breakout,retest,661,48.1,1.34,0.166,109.9
2.5,2.5,0.05,trend+breakout,m15,924,48.6,1.28,0.134,124.2
2.5,2.5,0.05,trend+breakout,retest+m15,582,48.5,1.36,0.174,101.2
2.5,2.5,0.05,no_liquidity_only,none,1007,48.4,1.28,0.133,133.4
2.5,2.5,0.05,no_liquidity_only,retest,661,48.1,1.34,0.166,109.9
2.5,2.5,0.05,no_liquidity_only,m15,924,48.6,1.28,0.134,124.2
2.5,2.5,0.05,no_liquidity_only,retest+m15,582,48.5,1.36,0.174,101.2
3.0,1.0,0.02,all,none,438,52.1,1.08,0.026,11.3
3.0,1.0,0.02,all,retest,234,55.6,1.24,0.077,18.0
3.0,1.0,0.02,all,m15,349,54.2,1.12,0.04,14.1
3.0,1.0,0.02,all,retest+m15,190,57.9,1.27,0.087,16.4
3.0,1.0,0.02,trend+breakout,none,213,57.3,1.31,0.094,20.1
3.0,1.0,0.02,trend+breakout,retest,124,62.9,1.68,0.183,22.7
3.0,1.0,0.02,trend+breakout,m15,205,57.6,1.32,0.097,19.9
3.0,1.0,0.02,no_liquidity_only,none,213,57.3,1.31,0.094,20.1
3.0,1.0,0.02,no_liquidity_only,retest,124,62.9,1.68,0.183,22.7
3.0,1.0,0.02,no_liquidity_only,m15,205,57.6,1.32,0.097,19.9
3.0,1.0,0.03,all,none,848,53.1,1.14,0.046,38.8
3.0,1.0,0.03,all,retest,465,55.5,1.31,0.1,46.7
3.0,1.0,0.03,all,m15,688,54.4,1.17,0.057,39.4
3.0,1.0,0.03,all,retest+m15,376,57.7,1.4,0.124,46.6
3.0,1.0,0.03,trend,none,224,58.5,1.26,0.078,17.4
3.0,1.0,0.03,trend,m15,224,58.5,1.26,0.078,17.4
3.0,1.0,0.03,trend+breakout,none,442,56.1,1.25,0.082,36.1
3.0,1.0,0.03,trend+breakout,retest,249,59.0,1.54,0.16,39.9
3.0,1.0,0.03,trend+breakout,m15,423,56.3,1.26,0.083,35.2
3.0,1.0,0.03,trend+breakout,retest+m15,230,59.6,1.58,0.169,39.0
3.0,1.0,0.03,no_liquidity_only,none,442,56.1,1.25,0.082,36.1
3.0,1.0,0.03,no_liquidity_only,retest,249,59.0,1.54,0.16,39.9
3.0,1.0,0.03,no_liquidity_only,m15,423,56.3,1.26,0.083,35.2
3.0,1.0,0.03,no_liquidity_only,retest+m15,230,59.6,1.58,0.169,39.0
3.0,1.0,0.05,all,none,1314,53.1,1.13,0.046,60.7
3.0,1.0,0.05,all,retest,782,55.2,1.26,0.09,70.4
3.0,1.0,0.05,all,m15,1076,54.6,1.16,0.059,63.2
3.0,1.0,0.05,all,retest+m15,624,57.7,1.35,0.117,73.3
3.0,1.0,0.05,trend,none,343,57.4,1.22,0.073,25.0
3.0,1.0,0.05,trend,m15,343,57.4,1.22,0.073,25.0
3.0,1.0,0.05,trend+breakout,none,766,55.6,1.22,0.079,60.7
3.0,1.0,0.05,trend+breakout,retest,460,57.8,1.4,0.134,61.7
3.0,1.0,0.05,trend+breakout,m15,718,56.1,1.24,0.082,59.1
3.0,1.0,0.05,trend+breakout,retest+m15,414,58.9,1.44,0.146,60.5
3.0,1.0,0.05,no_liquidity_only,none,766,55.6,1.22,0.079,60.7
3.0,1.0,0.05,no_liquidity_only,retest,460,57.8,1.4,0.134,61.7
3.0,1.0,0.05,no_liquidity_only,m15,718,56.1,1.24,0.082,59.1
3.0,1.0,0.05,no_liquidity_only,retest+m15,414,58.9,1.44,0.146,60.5
3.0,1.25,0.02,all,none,672,53.1,1.18,0.063,42.5
3.0,1.25,0.02,all,retest,359,56.3,1.38,0.124,44.6
3.0,1.25,0.02,all,m15,538,54.6,1.22,0.076,40.7
3.0,1.25,0.02,all,retest+m15,290,58.3,1.44,0.14,40.5
3.0,1.25,0.02,trend,none,171,57.3,1.27,0.084,14.4
3.0,1.25,0.02,trend,m15,171,57.3,1.27,0.084,14.4
3.0,1.25,0.02,trend+breakout,none,334,56.3,1.35,0.114,38.0
3.0,1.25,0.02,trend+breakout,retest,189,60.8,1.74,0.219,41.4
3.0,1.25,0.02,trend+breakout,m15,318,56.6,1.36,0.116,36.7
3.0,1.25,0.02,trend+breakout,retest+m15,173,61.8,1.81,0.232,40.1
3.0,1.25,0.02,no_liquidity_only,none,334,56.3,1.35,0.114,38.0
3.0,1.25,0.02,no_liquidity_only,retest,189,60.8,1.74,0.219,41.4
3.0,1.25,0.02,no_liquidity_only,m15,318,56.6,1.36,0.116,36.7
3.0,1.25,0.02,no_liquidity_only,retest+m15,173,61.8,1.81,0.232,40.1
3.0,1.25,0.03,all,none,1064,51.6,1.17,0.062,66.1
3.0,1.25,0.03,all,retest,607,53.7,1.31,0.11,67.0
3.0,1.25,0.03,all,m15,865,53.4,1.24,0.085,73.4
3.0,1.25,0.03,all,retest+m15,485,56.9,1.47,0.155,75.4
3.0,1.25,0.03,trend,none,286,56.6,1.3,0.098,28.0
3.0,1.25,0.03,trend,m15,286,56.6,1.3,0.098,28.0
3.0,1.25,0.03,trend+breakout,none,590,54.7,1.33,0.113,66.8
3.0,1.25,0.03,trend+breakout,retest,340,57.6,1.59,0.192,65.2
3.0,1.25,0.03,trend+breakout,m15,557,55.1,1.33,0.113,63.2
3.0,1.25,0.03,trend+breakout,retest+m15,309,58.6,1.63,0.202,62.3
3.0,1.25,0.03,no_liquidity_only,none,590,54.7,1.33,0.113,66.8
3.0,1.25,0.03,no_liquidity_only,retest,340,57.6,1.59,0.192,65.2
3.0,1.25,0.03,no_liquidity_only,m15,557,55.1,1.33,0.113,63.2
3.0,1.25,0.03,no_liquidity_only,retest+m15,309,58.6,1.63,0.202,62.3
3.0,1.25,0.05,all,none,1467,51.5,1.15,0.056,82.6
3.0,1.25,0.05,all,retest,905,52.9,1.24,0.092,83.3
3.0,1.25,0.05,all,m15,1203,53.3,1.21,0.079,95.6
3.0,1.25,0.05,all,retest+m15,723,55.6,1.36,0.131,94.8
3.0,1.25,0.05,trend,none,373,55.8,1.23,0.079,29.5
3.0,1.25,0.05,trend,m15,373,55.8,1.23,0.079,29.5
3.0,1.25,0.05,trend+breakout,none,898,53.7,1.23,0.087,77.9
3.0,1.25,0.05,trend+breakout,retest,564,55.1,1.35,0.132,74.6
3.0,1.25,0.05,trend+breakout,m15,830,54.3,1.25,0.095,79.3
3.0,1.25,0.05,trend+breakout,retest+m15,499,56.3,1.41,0.151,75.6
3.0,1.25,0.05,no_liquidity_only,none,898,53.7,1.23,0.087,77.9
3.0,1.25,0.05,no_liquidity_only,retest,564,55.1,1.35,0.132,74.6
3.0,1.25,0.05,no_liquidity_only,m15,830,54.3,1.25,0.095,79.3
3.0,1.25,0.05,no_liquidity_only,retest+m15,499,56.3,1.41,0.151,75.6
3.0,1.5,0.02,all,none,848,51.2,1.19,0.068,57.4
3.0,1.5,0.02,all,retest,465,52.9,1.35,0.122,56.6
3.0,1.5,0.02,all,m15,688,52.3,1.22,0.077,53.3
3.0,1.5,0.02,all,retest+m15,376,54.8,1.41,0.139,52.2
3.0,1.5,0.02,trend,none,224,56.2,1.26,0.086,19.3
3.0,1.5,0.02,trend,m15,224,56.2,1.26,0.086,19.3
3.0,1.5,0.02,trend+breakout,none,442,53.6,1.28,0.099,43.9
3.0,1.5,0.02,trend+breakout,retest,249,55.8,1.56,0.184,45.9
3.0,1.5,0.02,trend+breakout,m15,423,53.7,1.27,0.095,40.3
3.0,1.5,0.02,trend+breakout,retest+m15,230,56.1,1.56,0.184,42.3
3.0,1.5,0.02,no_liquidity_only,none,442,53.6,1.28,0.099,43.9
3.0,1.5,0.02,no_liquidity_only,retest,249,55.8,1.56,0.184,45.9
3.0,1.5,0.02,no_liquidity_only,m15,423,53.7,1.27,0.095,40.3
3.0,1.5,0.02,no_liquidity_only,retest+m15,230,56.1,1.56,0.184,42.3
3.0,1.5,0.03,all,none,1228,51.1,1.2,0.077,94.9
3.0,1.5,0.03,all,retest,715,52.6,1.33,0.124,88.9
3.0,1.5,0.03,all,m15,1003,52.7,1.26,0.096,96.2
3.0,1.5,0.03,all,retest+m15,570,55.4,1.45,0.162,92.4
3.0,1.5,0.03,trend,none,327,56.0,1.3,0.102,33.3
3.0,1.5,0.03,trend,m15,327,56.0,1.3,0.102,33.3
3.0,1.5,0.03,trend+breakout,none,702,53.8,1.32,0.119,83.2
3.0,1.5,0.03,trend+breakout,retest,412,55.6,1.51,0.182,74.9
3.0,1.5,0.03,trend+breakout,m15,661,54.2,1.31,0.116,76.4
3.0,1.5,0.03,trend+breakout,retest+m15,373,56.3,1.52,0.185,69.0
3.0,1.5,0.03,no_liquidity_only,none,702,53.8,1.32,0.119,83.2
3.0,1.5,0.03,no_liquidity_only,retest,412,55.6,1.51,0.182,74.9
3.0,1.5,0.03,no_liquidity_only,m15,661,54.2,1.31,0.116,76.4
3.0,1.5,0.03,no_liquidity_only,retest+m15,373,56.3,1.52,0.185,69.0
3.0,1.5,0.05,all,none,1540,50.5,1.18,0.07,108.4
3.0,1.5,0.05,all,retest,967,51.1,1.24,0.096,93.3
3.0,1.5,0.05,all,m15,1268,51.9,1.22,0.088,111.7
3.0,1.5,0.05,all,retest+m15,778,53.2,1.32,0.127,98.6
3.0,1.5,0.05,trend,none,381,55.1,1.27,0.096,36.7
3.0,1.5,0.05,trend,m15,381,55.1,1.27,0.096,36.7
3.0,1.5,0.05,trend+breakout,none,962,52.1,1.23,0.092,88.6
3.0,1.5,0.05,trend+breakout,retest,618,52.4,1.29,0.12,73.9
3.0,1.5,0.05,trend+breakout,m15,887,52.4,1.24,0.094,83.0
3.0,1.5,0.05,trend+breakout,retest+m15,547,53.0,1.31,0.127,69.4
3.0,1.5,0.05,no_liquidity_only,none,962,52.1,1.23,0.092,88.6
3.0,1.5,0.05,no_liquidity_only,retest,618,52.4,1.29,0.12,73.9
3.0,1.5,0.05,no_liquidity_only,m15,887,52.4,1.24,0.094,83.0
3.0,1.5,0.05,no_liquidity_only,retest+m15,547,53.0,1.31,0.127,69.4
3.0,2.0,0.02,all,none,1126,49.7,1.19,0.074,83.2
3.0,2.0,0.02,all,retest,645,51.2,1.31,0.118,76.3
3.0,2.0,0.02,all,m15,916,51.5,1.27,0.101,92.2
3.0,2.0,0.02,all,retest+m15,512,54.3,1.47,0.171,87.4
3.0,2.0,0.02,trend,none,307,54.4,1.25,0.089,27.3
3.0,2.0,0.02,trend,m15,307,54.4,1.25,0.089,27.3
3.0,2.0,0.02,trend+breakout,none,634,52.5,1.3,0.112,70.9
3.0,2.0,0.02,trend+breakout,retest,363,54.5,1.53,0.189,68.5
3.0,2.0,0.02,trend+breakout,m15,598,52.8,1.31,0.115,68.8
3.0,2.0,0.02,trend+breakout,retest+m15,329,55.3,1.57,0.203,66.8
3.0,2.0,0.02,no_liquidity_only,none,634,52.5,1.3,0.112,70.9
3.0,2.0,0.02,no_liquidity_only,retest,363,54.5,1.53,0.189,68.5
3.0,2.0,0.02,no_liquidity_only,m15,598,52.8,1.31,0.115,68.8
3.0,2.0,0.02,no_liquidity_only,retest+m15,329,55.3,1.57,0.203,66.8
3.0,2.0,0.03,all,none,1446,49.9,1.23,0.093,134.4
3.0,2.0,0.03,all,retest,889,51.2,1.35,0.14,124.2
3.0,2.0,0.03,all,m15,1184,51.6,1.3,0.119,140.7
3.0,2.0,0.03,all,retest+m15,709,53.7,1.48,0.184,130.1
3.0,2.0,0.03,trend,none,369,53.4,1.2,0.073,27.1
3.0,2.0,0.03,trend,m15,369,53.4,1.2,0.073,27.1
3.0,2.0,0.03,trend+breakout,none,881,51.9,1.29,0.117,103.1
3.0,2.0,0.03,trend+breakout,retest,552,53.3,1.45,0.178,98.4
3.0,2.0,0.03,trend+breakout,m15,814,52.3,1.31,0.123,100.5
3.0,2.0,0.03,trend+breakout,retest+m15,488,54.1,1.5,0.195,95.2
3.0,2.0,0.03,no_liquidity_only,none,881,51.9,1.29,0.117,103.1
3.0,2.0,0.03,no_liquidity_only,retest,552,53.3,1.45,0.178,98.4
3.0,2.0,0.03,no_liquidity_only,m15,814,52.3,1.31,0.123,100.5
3.0,2.0,0.03,no_liquidity_only,retest+m15,488,54.1,1.5,0.195,95.2
3.0,2.0,0.05,all,none,1594,49.1,1.19,0.079,125.7
3.0,2.0,0.05,all,retest,1019,49.5,1.25,0.106,107.9
3.0,2.0,0.05,all,m15,1314,50.3,1.23,0.095,124.5
3.0,2.0,0.05,all,retest+m15,822,51.1,1.31,0.131,107.5
3.0,2.0,0.05,trend,none,383,53.5,1.22,0.083,31.8
3.0,2.0,0.05,trend,m15,383,53.5,1.22,0.083,31.8
3.0,2.0,0.05,trend+breakout,none,1006,51.0,1.25,0.105,105.9
3.0,2.0,0.05,trend+breakout,retest,660,51.2,1.33,0.14,92.6
3.0,2.0,0.05,trend+breakout,m15,923,51.1,1.25,0.105,96.7
3.0,2.0,0.05,trend+breakout,retest+m15,581,51.5,1.34,0.145,84.0
3.0,2.0,0.05,no_liquidity_only,none,1006,51.0,1.25,0.105,105.9
3.0,2.0,0.05,no_liquidity_only,retest,660,51.2,1.33,0.14,92.6
3.0,2.0,0.05,no_liquidity_only,m15,923,51.1,1.25,0.105,96.7
3.0,2.0,0.05,no_liquidity_only,retest+m15,581,51.5,1.34,0.145,84.0
3.0,2.5,0.02,all,none,1314,49.9,1.27,0.107,140.9
3.0,2.5,0.02,all,retest,782,51.3,1.41,0.161,126.1
3.0,2.5,0.02,all,m15,1076,51.5,1.33,0.128,137.8
3.0,2.5,0.02,all,retest+m15,624,53.8,1.54,0.202,126.0
3.0,2.5,0.02,trend,none,343,53.9,1.24,0.088,30.0
3.0,2.5,0.02,trend,m15,343,53.9,1.24,0.088,30.0
3.0,2.5,0.02,trend+breakout,none,766,52.1,1.34,0.132,101.0
3.0,2.5,0.02,trend+breakout,retest,460,53.7,1.55,0.207,95.2
3.0,2.5,0.02,trend+breakout,m15,718,52.5,1.35,0.136,97.6
3.0,2.5,0.02,trend+breakout,retest+m15,414,54.6,1.59,0.223,92.3
3.0,2.5,0.02,no_liquidity_only,none,766,52.1,1.34,0.132,101.0
3.0,2.5,0.02,no_liquidity_only,retest,460,53.7,1.55,0.207,95.2
3.0,2.5,0.02,no_liquidity_only,m15,718,52.5,1.35,0.136,97.6
3.0,2.5,0.02,no_liquidity_only,retest+m15,414,54.6,1.59,0.223,92.3
3.0,2.5,0.03,all,none,1540,49.2,1.25,0.104,160.7
3.0,2.5,0.03,all,retest,967,49.7,1.34,0.142,137.5
3.0,2.5,0.03,all,m15,1268,50.6,1.3,0.122,155.0
3.0,2.5,0.03,all,retest+m15,778,51.7,1.42,0.173,134.7
3.0,2.5,0.03,trend,none,381,53.5,1.25,0.093,35.5
3.0,2.5,0.03,trend,m15,381,53.5,1.25,0.093,35.5
3.0,2.5,0.03,trend+breakout,none,962,50.8,1.3,0.123,118.2
3.0,2.5,0.03,trend+breakout,retest,618,51.1,1.4,0.169,104.7
3.0,2.5,0.03,trend+breakout,m15,887,51.1,1.3,0.124,109.7
3.0,2.5,0.03,trend+breakout,retest+m15,547,51.6,1.42,0.177,96.8
3.0,2.5,0.03,no_liquidity_only,none,962,50.8,1.3,0.123,118.2
3.0,2.5,0.03,no_liquidity_only,retest,618,51.1,1.4,0.169,104.7
3.0,2.5,0.03,no_liquidity_only,m15,887,51.1,1.3,0.124,109.7
3.0,2.5,0.03,no_liquidity_only,retest+m15,547,51.6,1.42,0.177,96.8
3.0,2.5,0.05,all,none,1602,48.9,1.23,0.098,157.6
3.0,2.5,0.05,all,retest,1027,49.1,1.3,0.129,132.4
3.0,2.5,0.05,all,m15,1319,50.0,1.27,0.112,147.2
3.0,2.5,0.05,all,retest+m15,827,50.7,1.35,0.151,124.9
3.0,2.5,0.05,trend,none,384,53.4,1.24,0.09,34.4
3.0,2.5,0.05,trend,m15,384,53.4,1.24,0.09,34.4
3.0,2.5,0.05,trend+breakout,none,1013,50.7,1.3,0.125,126.6
3.0,2.5,0.05,trend+breakout,retest,667,50.8,1.39,0.167,111.1
3.0,2.5,0.05,trend+breakout,m15,928,50.9,1.29,0.121,112.3
3.0,2.5,0.05,trend+breakout,retest+m15,586,51.0,1.39,0.166,97.4
3.0,2.5,0.05,no_liquidity_only,none,1013,50.7,1.3,0.125,126.6
3.0,2.5,0.05,no_liquidity_only,retest,667,50.8,1.39,0.167,111.1
3.0,2.5,0.05,no_liquidity_only,m15,928,50.9,1.29,0.121,112.3
3.0,2.5,0.05,no_liquidity_only,retest+m15,586,51.0,1.39,0.166,97.4
