score.threshold,exits.tp2_r,exits.trail_atr_mult,toggles.breakout,sessions.enabled_sessions,trades,win%,PF,ret%,dd%,expR,obj
80.0,2.5,1.0,False,"('OVERLAP', 'NEWYORK')",36,52.8,1.27,1.71,1.2,0.148,1.513
80.0,2.5,1.5,False,"('OVERLAP', 'NEWYORK')",36,52.8,1.27,1.68,1.2,0.14,1.464
80.0,2.0,1.0,False,"('OVERLAP', 'NEWYORK')",36,52.8,1.26,1.63,1.2,0.147,1.462
80.0,2.0,1.5,False,"('OVERLAP', 'NEWYORK')",36,52.8,1.25,1.57,1.21,0.139,1.388
80.0,2.5,1.0,True,"('OVERLAP', 'NEWYORK')",47,48.9,1.13,1.22,1.65,0.094,0.597
75.0,2.5,1.0,False,"('OVERLAP', 'NEWYORK')",54,48.1,1.16,1.71,2.13,0.09,0.597
80.0,2.0,1.0,True,"('OVERLAP', 'NEWYORK')",47,48.9,1.14,1.28,1.65,0.099,0.546
75.0,2.5,1.5,False,"('OVERLAP', 'NEWYORK')",54,48.1,1.15,1.62,2.18,0.082,0.511
80.0,2.0,1.5,True,"('OVERLAP', 'NEWYORK')",47,48.9,1.13,1.17,1.7,0.09,0.437
75.0,2.0,1.0,False,"('OVERLAP', 'NEWYORK')",54,48.1,1.13,1.35,2.14,0.075,0.383
80.0,2.5,1.5,True,"('OVERLAP', 'NEWYORK')",47,48.9,1.11,1.01,1.7,0.078,0.305
75.0,2.5,1.0,True,"('OVERLAP', 'NEWYORK')",64,46.9,1.11,1.48,2.33,0.078,0.304
75.0,2.0,1.5,False,"('OVERLAP', 'NEWYORK')",54,48.1,1.12,1.22,2.19,0.067,0.278
75.0,2.0,1.0,True,"('OVERLAP', 'NEWYORK')",64,46.9,1.1,1.25,2.45,0.069,0.167
75.0,2.5,1.5,True,"('OVERLAP', 'NEWYORK')",64,46.9,1.09,1.2,2.36,0.063,0.13
75.0,2.0,1.5,True,"('OVERLAP', 'NEWYORK')",64,46.9,1.08,1.08,2.48,0.06,0.055
85.0,2.5,1.5,False,"('OVERLAP', 'NEWYORK')",28,50.0,1.07,0.37,2.35,0.059,0.03
85.0,2.5,1.0,False,"('OVERLAP', 'NEWYORK')",28,50.0,1.06,0.3,2.29,0.061,0.002
85.0,2.0,1.5,False,"('OVERLAP', 'NEWYORK')",28,50.0,1.07,0.35,2.35,0.066,-0.04
85.0,2.0,1.0,False,"('OVERLAP', 'NEWYORK')",28,50.0,1.06,0.32,2.29,0.068,-0.041
80.0,2.5,1.0,False,"('LONDON', 'OVERLAP', 'NEWYORK')",57,45.6,1.0,-0.03,1.62,-0.008,-0.15
80.0,2.5,1.0,False,"('ASIA', 'LONDON', 'OVERLAP', 'NEWYORK')",57,45.6,1.0,-0.03,1.62,-0.008,-0.15
85.0,2.0,1.0,True,"('OVERLAP', 'NEWYORK')",37,45.9,0.97,-0.24,2.03,0.015,-0.245
80.0,2.0,1.0,False,"('ASIA', 'LONDON', 'OVERLAP', 'NEWYORK')",57,45.6,0.98,-0.21,1.63,-0.013,-0.255
80.0,2.0,1.0,False,"('LONDON', 'OVERLAP', 'NEWYORK')",57,45.6,0.98,-0.21,1.63,-0.013,-0.255
85.0,2.0,1.5,True,"('OVERLAP', 'NEWYORK')",37,45.9,0.97,-0.25,2.15,0.009,-0.292
85.0,2.5,1.0,True,"('OVERLAP', 'NEWYORK')",37,45.9,0.94,-0.49,2.09,-0.005,-0.484
80.0,2.5,1.5,False,"('ASIA', 'LONDON', 'OVERLAP', 'NEWYORK')",57,45.6,0.95,-0.58,1.63,-0.023,-0.568
80.0,2.5,1.5,False,"('LONDON', 'OVERLAP', 'NEWYORK')",57,45.6,0.95,-0.58,1.63,-0.023,-0.568
85.0,2.5,1.5,True,"('OVERLAP', 'NEWYORK')",37,45.9,0.92,-0.61,2.3,-0.019,-0.634
75.0,2.0,1.5,False,"('LONDON', 'OVERLAP', 'NEWYORK')",81,44.4,0.97,-0.45,2.47,-0.034,-0.638
75.0,2.0,1.5,False,"('ASIA', 'LONDON', 'OVERLAP', 'NEWYORK')",81,44.4,0.97,-0.45,2.47,-0.034,-0.638
75.0,2.5,1.0,False,"('LONDON', 'OVERLAP', 'NEWYORK')",81,44.4,1.04,0.66,2.45,-0.003,-0.641
75.0,2.5,1.0,False,"('ASIA', 'LONDON', 'OVERLAP', 'NEWYORK')",81,44.4,1.04,0.66,2.45,-0.003,-0.641
80.0,2.0,1.5,False,"('ASIA', 'LONDON', 'OVERLAP', 'NEWYORK')",57,45.6,0.93,-0.79,1.64,-0.028,-0.689
80.0,2.0,1.5,False,"('LONDON', 'OVERLAP', 'NEWYORK')",57,45.6,0.93,-0.79,1.64,-0.028,-0.689
75.0,2.5,1.5,False,"('ASIA', 'LONDON', 'OVERLAP', 'NEWYORK')",81,44.4,1.02,0.28,2.46,-0.018,-0.837
75.0,2.5,1.5,False,"('LONDON', 'OVERLAP', 'NEWYORK')",81,44.4,1.02,0.28,2.46,-0.018,-0.837
75.0,2.0,1.0,False,"('ASIA', 'LONDON', 'OVERLAP', 'NEWYORK')",81,44.4,1.01,0.09,2.46,-0.019,-0.897
75.0,2.0,1.0,False,"('LONDON', 'OVERLAP', 'NEWYORK')",81,44.4,1.01,0.09,2.46,-0.019,-0.897
75.0,2.5,1.0,True,"('ASIA', 'LONDON', 'OVERLAP', 'NEWYORK')",99,42.4,0.93,-1.57,3.54,-0.052,-1.099
75.0,2.5,1.0,True,"('LONDON', 'OVERLAP', 'NEWYORK')",99,42.4,0.93,-1.57,3.54,-0.052,-1.099
75.0,2.0,1.0,True,"('LONDON', 'OVERLAP', 'NEWYORK')",99,42.4,0.91,-2.0,3.57,-0.062,-1.247
75.0,2.0,1.0,True,"('ASIA', 'LONDON', 'OVERLAP', 'NEWYORK')",99,42.4,0.91,-2.0,3.57,-0.062,-1.247
75.0,2.5,1.5,True,"('LONDON', 'OVERLAP', 'NEWYORK')",99,42.4,0.9,-2.19,3.6,-0.07,-1.333
75.0,2.5,1.5,True,"('ASIA', 'LONDON', 'OVERLAP', 'NEWYORK')",99,42.4,0.9,-2.19,3.6,-0.07,-1.333
75.0,2.0,1.5,True,"('LONDON', 'OVERLAP', 'NEWYORK')",99,42.4,0.88,-2.49,3.71,-0.077,-1.537
75.0,2.0,1.5,True,"('ASIA', 'LONDON', 'OVERLAP', 'NEWYORK')",99,42.4,0.88,-2.49,3.71,-0.077,-1.537
85.0,2.5,1.5,False,"('LONDON', 'OVERLAP', 'NEWYORK')",43,41.9,0.82,-1.72,3.46,-0.111,-1.8
85.0,2.5,1.5,False,"('ASIA', 'LONDON', 'OVERLAP', 'NEWYORK')",43,41.9,0.82,-1.72,3.46,-0.111,-1.8
85.0,2.0,1.0,False,"('ASIA', 'LONDON', 'OVERLAP', 'NEWYORK')",43,41.9,0.81,-1.82,3.42,-0.108,-1.821
85.0,2.0,1.0,False,"('LONDON', 'OVERLAP', 'NEWYORK')",43,41.9,0.81,-1.82,3.42,-0.108,-1.821
85.0,2.0,1.5,False,"('ASIA', 'LONDON', 'OVERLAP', 'NEWYORK')",43,41.9,0.8,-1.83,3.56,-0.112,-1.85
85.0,2.0,1.5,False,"('LONDON', 'OVERLAP', 'NEWYORK')",43,41.9,0.8,-1.83,3.56,-0.112,-1.85
85.0,2.5,1.0,False,"('ASIA', 'LONDON', 'OVERLAP', 'NEWYORK')",43,41.9,0.81,-1.74,3.33,-0.108,-1.887
85.0,2.5,1.0,False,"('LONDON', 'OVERLAP', 'NEWYORK')",43,41.9,0.81,-1.74,3.33,-0.108,-1.887
80.0,2.5,1.0,True,"('ASIA', 'LONDON', 'OVERLAP', 'NEWYORK')",78,41.0,0.81,-3.38,3.38,-0.107,-1.981
80.0,2.5,1.0,True,"('LONDON', 'OVERLAP', 'NEWYORK')",78,41.0,0.81,-3.38,3.38,-0.107,-1.981
80.0,2.0,1.0,True,"('ASIA', 'LONDON', 'OVERLAP', 'NEWYORK')",78,41.0,0.8,-3.42,3.42,-0.108,-1.992
80.0,2.0,1.0,True,"('LONDON', 'OVERLAP', 'NEWYORK')",78,41.0,0.8,-3.42,3.42,-0.108,-1.992
80.0,2.0,1.5,True,"('ASIA', 'LONDON', 'OVERLAP', 'NEWYORK')",78,41.0,0.78,-3.82,3.82,-0.123,-2.155
80.0,2.0,1.5,True,"('LONDON', 'OVERLAP', 'NEWYORK')",78,41.0,0.78,-3.82,3.82,-0.123,-2.155
80.0,2.5,1.5,True,"('LONDON', 'OVERLAP', 'NEWYORK')",78,41.0,0.78,-3.88,3.88,-0.127,-2.186
80.0,2.5,1.5,True,"('ASIA', 'LONDON', 'OVERLAP', 'NEWYORK')",78,41.0,0.78,-3.88,3.88,-0.127,-2.186
85.0,2.0,1.0,True,"('LONDON', 'OVERLAP', 'NEWYORK')",58,39.7,0.74,-3.43,4.24,-0.155,-2.395
85.0,2.0,1.0,True,"('ASIA', 'LONDON', 'OVERLAP', 'NEWYORK')",58,39.7,0.74,-3.43,4.24,-0.155,-2.395
85.0,2.0,1.5,True,"('LONDON', 'OVERLAP', 'NEWYORK')",58,39.7,0.73,-3.57,4.33,-0.163,-2.465
85.0,2.0,1.5,True,"('ASIA', 'LONDON', 'OVERLAP', 'NEWYORK')",58,39.7,0.73,-3.57,4.33,-0.163,-2.465
85.0,2.5,1.0,True,"('ASIA', 'LONDON', 'OVERLAP', 'NEWYORK')",58,39.7,0.73,-3.58,4.35,-0.163,-2.468
85.0,2.5,1.0,True,"('LONDON', 'OVERLAP', 'NEWYORK')",58,39.7,0.73,-3.58,4.35,-0.163,-2.468
85.0,2.5,1.5,True,"('LONDON', 'OVERLAP', 'NEWYORK')",58,39.7,0.71,-3.82,4.49,-0.177,-2.582
85.0,2.5,1.5,True,"('ASIA', 'LONDON', 'OVERLAP', 'NEWYORK')",58,39.7,0.71,-3.82,4.49,-0.177,-2.582
