ts_open,ts_close,symbol,direction,strategy,regime,regime_conf,setup_score,grade,session,entry,stop,tp1,tp2,exit,exit_reason,lots,risk_money,risk_percent,r_distance,pnl,r_multiple,mfe_r,mae_r,bars_held,spread,atr,entry_slippage,exit_slippage,commission,news_status,entry_reason,equity_after
2026-01-06 07:56:00+00:00,2026-01-06 08:23:00+00:00,XAUUSD,SHORT,LIQUIDITY_REVERSAL,LIQUIDITY_REVERSAL,0.8,80.0,B,LONDON,4458.13,4467.869,4443.521,4433.782,4468.088,STOP,0.002,1.9478,0.3896,9.739,-1.9916,-1.0225,0.119,1.014,27,0.198,3.696,0.05,0.12,0.0,clear,sweep + rejection + CHoCH + displacement,498.0084
2026-01-06 15:40:00+00:00,2026-01-06 17:04:00+00:00,XAUUSD,SHORT,LIQUIDITY_REVERSAL,LIQUIDITY_REVERSAL,0.7,75.0,B,OVERLAP,4470.295,4489.044,4442.17,4423.42,4489.309,STOP,0.001,1.875,0.3765,18.75,-1.9014,-1.0141,0.0,1.005,84,0.281,6.983,0.05,0.12,0.0,clear,sweep + rejection + CHoCH + displacement,496.107
2026-01-08 07:52:00+00:00,2026-01-08 11:52:00+00:00,XAUUSD,SHORT,TREND_CONTINUATION,STRONG_BEAR,0.918,75.0,B,LONDON,4428.74,4437.86,4415.06,4405.939,4423.979,TIME,0.002,1.8241,0.3677,9.12,0.9523,0.5221,1.02,0.702,240,0.23,4.701,0.05,0.05,0.0,clear,trend pullback + LTF BOS,497.0592
2026-01-08 14:51:00+00:00,2026-01-08 16:15:00+00:00,XAUUSD,LONG,LIQUIDITY_REVERSAL,LIQUIDITY_REVERSAL,0.7,85.0,A,OVERLAP,4433.015,4418.548,4454.715,4469.182,4446.544,BE_STOP,0.001,1.4467,0.291,14.467,1.7551,1.2132,1.714,0.373,84,0.26,6.787,0.05,0.12,0.0,clear,sweep + rejection + CHoCH + displacement,498.8143
2026-01-09 13:21:00+00:00,2026-01-09 13:30:00+00:00,XAUUSD,LONG,LIQUIDITY_REVERSAL,CHOPPY,0.707,90.0,A+,OVERLAP,4467.346,4460.768,4477.214,4483.792,4467.312,BE_STOP,0.003,1.9735,0.3956,6.578,-0.0103,-0.0052,1.081,1.33,9,0.203,3.908,0.05,0.12,0.0,clear,sweep + rejection + CHoCH + displacement,498.804
2026-01-09 15:26:00+00:00,2026-01-09 17:53:00+00:00,XAUUSD,LONG,BREAKOUT,BULL,0.819,85.0,A,OVERLAP,4507.051,4491.108,4530.967,4546.91,4490.839,STOP,0.001,1.5944,0.3196,15.944,-1.6212,-1.0169,0.618,1.198,147,0.333,8.201,0.05,0.12,0.0,clear,compression -> confirmed range break + momentum,497.1827
2026-01-12 14:33:00+00:00,2026-01-12 14:39:00+00:00,XAUUSD,SHORT,LIQUIDITY_REVERSAL,LIQUIDITY_REVERSAL,0.7,75.0,B,OVERLAP,4598.885,4608.402,4584.611,4575.095,4608.671,STOP,0.002,1.9033,0.3828,9.516,-1.9571,-1.0283,0.723,1.29,6,0.279,6.695,0.05,0.12,0.0,clear,sweep + rejection + CHoCH + displacement,495.2256
2026-01-12 15:36:00+00:00,2026-01-12 16:38:00+00:00,XAUUSD,LONG,BREAKOUT,BULL,0.946,80.0,B,OVERLAP,4624.41,4613.578,4640.658,4651.489,4613.296,STOP,0.002,2.1664,0.4374,10.832,-2.2227,-1.026,0.514,1.034,62,0.31,7.872,0.05,0.12,0.0,clear,compression -> confirmed range break + momentum,493.0029
2026-01-14 09:36:00+00:00,2026-01-14 12:59:00+00:00,XAUUSD,SHORT,LIQUIDITY_REVERSAL,CHOPPY,0.585,85.0,A,LONDON,4631.398,4640.338,4617.988,4609.049,4640.548,STOP,0.002,1.788,0.3627,8.94,-1.83,-1.0235,0.627,1.141,203,0.199,3.653,0.05,0.12,0.0,clear,sweep + rejection + CHoCH + displacement,491.173
2026-01-16 12:23:00+00:00,2026-01-16 13:16:00+00:00,XAUUSD,SHORT,LIQUIDITY_REVERSAL,CHOPPY,0.675,90.0,A+,OVERLAP,4607.27,4615.205,4595.368,4587.433,4587.536,TP2,0.003,2.3805,0.4847,7.935,4.7299,1.987,2.652,0.013,53,0.17,2.92,0.05,0.0,0.0,clear,sweep + rejection + CHoCH + displacement,495.9029
2026-01-19 09:24:00+00:00,2026-01-19 11:44:00+00:00,XAUUSD,SHORT,LIQUIDITY_REVERSAL,LIQUIDITY_REVERSAL,0.8,75.0,B,LONDON,4668.405,4673.503,4660.757,4655.658,4665.271,BE_STOP,0.004,2.0394,0.4113,5.099,2.1381,1.0484,1.702,0.52,140,0.2,3.433,0.05,0.12,0.0,clear,sweep + rejection + CHoCH + displacement,498.0411
2026-01-20 11:41:00+00:00,2026-01-20 13:21:00+00:00,XAUUSD,LONG,TREND_CONTINUATION,STRONG_BULL,0.998,85.0,A,LONDON,4730.055,4720.549,4744.314,4753.82,4720.329,STOP,0.002,1.9012,0.3817,9.506,-1.9452,-1.0231,0.535,1.256,100,0.22,3.465,0.05,0.12,0.0,clear,trend pullback + LTF BOS,496.0958
2026-01-20 14:07:00+00:00,2026-01-20 18:07:00+00:00,XAUUSD,LONG,LIQUIDITY_REVERSAL,BULL,0.888,80.0,B,OVERLAP,4734.696,4718.277,4759.326,4775.746,4762.882,TIME,0.001,1.642,0.331,16.42,2.6325,1.6032,1.745,0.772,240,0.283,5.793,0.05,0.05,0.0,clear,sweep + rejection + CHoCH + displacement,498.7283
2026-01-20 18:54:00+00:00,2026-01-20 19:19:00+00:00,XAUUSD,SHORT,LIQUIDITY_REVERSAL,BULL,0.947,75.0,B,NEWYORK,4752.856,4764.786,4734.963,4723.034,4765.046,STOP,0.002,2.3858,0.4784,11.929,-2.4379,-1.0218,0.0,1.114,25,0.283,4.202,0.05,0.12,0.0,clear,sweep + rejection + CHoCH + displacement,496.2904
2026-01-21 14:08:00+00:00,2026-01-21 14:29:00+00:00,XAUUSD,SHORT,LIQUIDITY_REVERSAL,LIQUIDITY_REVERSAL,1.0,85.0,A,OVERLAP,4863.953,4882.426,4836.244,4817.771,4863.886,BE_STOP,0.001,1.8473,0.3722,18.473,0.0068,0.0037,1.345,0.278,21,0.263,7.165,0.05,0.12,0.0,clear,sweep + rejection + CHoCH + displacement,496.2972
2026-01-22 19:06:00+00:00,2026-01-22 19:27:00+00:00,XAUUSD,LONG,BREAKOUT,BULL,0.556,85.0,A,NEWYORK,4920.623,4912.454,4932.877,4941.046,4912.221,STOP,0.003,2.4507,0.4938,8.169,-2.5208,-1.0286,0.442,1.35,21,0.237,5.949,0.05,0.12,0.0,clear,compression -> confirmed range break + momentum,493.7764
2026-01-23 11:06:00+00:00,2026-01-23 12:05:00+00:00,XAUUSD,SHORT,LIQUIDITY_REVERSAL,LIQUIDITY_REVERSAL,1.0,85.0,A,LONDON,4917.321,4931.953,4895.373,4880.741,4932.173,STOP,0.001,1.4632,0.2963,14.632,-1.4852,-1.015,0.389,1.067,59,0.229,5.831,0.05,0.12,0.0,clear,sweep + rejection + CHoCH + displacement,492.2912
2026-01-23 13:28:00+00:00,2026-01-23 14:38:00+00:00,XAUUSD,SHORT,LIQUIDITY_REVERSAL,LIQUIDITY_REVERSAL,1.0,75.0,B,OVERLAP,4931.555,4949.293,4904.949,4887.212,4949.528,STOP,0.001,1.7737,0.3603,17.737,-1.7972,-1.0132,0.253,1.01,70,0.219,6.031,0.05,0.12,0.0,clear,sweep + rejection + CHoCH + displacement,490.494
2026-01-28 13:41:00+00:00,2026-01-28 14:59:00+00:00,XAUUSD,SHORT,LIQUIDITY_REVERSAL,LIQUIDITY_REVERSAL,0.8,75.0,B,OVERLAP,5264.614,5287.43,5230.39,5207.574,5287.67,STOP,0.001,2.2816,0.4652,22.816,-2.3056,-1.0105,0.705,1.036,78,0.222,8.659,0.05,0.12,0.0,clear,sweep + rejection + CHoCH + displacement,488.1883
2026-02-05 08:05:00+00:00,2026-02-05 08:12:00+00:00,XAUUSD,SHORT,LIQUIDITY_REVERSAL,BEAR,0.563,85.0,A,LONDON,4918.935,4939.236,4888.482,4868.181,4939.465,STOP,0.001,2.0302,0.4159,20.302,-2.053,-1.0113,0.329,1.042,7,0.22,14.878,0.05,0.12,0.0,clear,sweep + rejection + CHoCH + displacement,486.1353
2026-02-10 08:46:00+00:00,2026-02-10 12:43:00+00:00,XAUUSD,LONG,BREAKOUT,COMPRESSION,0.979,80.0,B,LONDON,5053.03,5035.807,5078.864,5096.087,5035.604,STOP,0.001,1.7223,0.3543,17.223,-1.7426,-1.0118,0.582,1.054,237,0.19,6.713,0.05,0.12,0.0,clear,compression -> confirmed range break + momentum,484.3927
2026-02-10 14:21:00+00:00,2026-02-10 14:45:00+00:00,XAUUSD,LONG,BREAKOUT,COMPRESSION,0.947,100.0,A+,OVERLAP,5071.229,5050.347,5102.55,5123.432,5050.12,STOP,0.001,2.0881,0.4311,20.881,-2.1109,-1.0109,0.348,1.408,24,0.207,8.602,0.05,0.12,0.0,clear,compression -> confirmed range break + momentum,482.2818
2026-02-11 07:16:00+00:00,2026-02-11 09:00:00+00:00,XAUUSD,SHORT,LIQUIDITY_REVERSAL,CHOPPY,0.616,80.0,B,LONDON,5061.863,5070.637,5048.702,5039.928,5055.205,BE_STOP,0.002,1.7548,0.3638,8.774,1.9713,1.1234,1.88,0.381,104,0.204,6.047,0.05,0.12,0.0,clear,sweep + rejection + CHoCH + displacement,484.2532
2026-02-11 11:31:00+00:00,2026-02-11 12:18:00+00:00,XAUUSD,LONG,BREAKOUT,BULL,0.788,85.0,A,LONDON,5104.498,5093.639,5120.787,5131.646,5093.41,STOP,0.002,2.1718,0.4485,10.859,-2.2177,-1.0211,1.318,1.157,47,0.24,7.797,0.05,0.12,0.0,clear,compression -> confirmed range break + momentum,482.0355
2026-02-12 13:02:00+00:00,2026-02-12 13:27:00+00:00,XAUUSD,LONG,LIQUIDITY_REVERSAL,CHOPPY,0.665,85.0,A,OVERLAP,5056.311,5047.319,5069.799,5078.79,5064.701,BE_STOP,0.002,1.7983,0.3731,8.992,2.1788,1.2116,1.98,0.303,25,0.172,4.662,0.05,0.12,0.0,clear,sweep + rejection + CHoCH + displacement,484.2144
2026-02-12 14:23:00+00:00,2026-02-12 16:12:00+00:00,XAUUSD,SHORT,LIQUIDITY_REVERSAL,CHOPPY,0.686,75.0,B,OVERLAP,5062.399,5085.384,5027.922,5004.937,5005.086,TP2,0.001,2.2985,0.4747,22.985,4.5821,1.9935,2.59,0.533,109,0.232,7.636,0.05,0.0,0.0,clear,sweep + rejection + CHoCH + displacement,488.7965
2026-02-13 14:45:00+00:00,2026-02-13 15:36:00+00:00,XAUUSD,SHORT,LIQUIDITY_REVERSAL,LIQUIDITY_REVERSAL,0.7,100.0,A+,OVERLAP,4991.023,5013.462,4957.365,4934.926,5013.709,STOP,0.001,2.2439,0.4591,22.439,-2.2686,-1.011,0.089,1.296,51,0.264,12.546,0.05,0.12,0.0,clear,sweep + rejection + CHoCH + displacement,486.5279
2026-02-16 08:16:00+00:00,2026-02-16 09:03:00+00:00,XAUUSD,SHORT,LIQUIDITY_REVERSAL,LIQUIDITY_REVERSAL,0.7,95.0,A+,LONDON,4999.312,5014.296,4976.836,4961.852,5014.498,STOP,0.001,1.4984,0.308,14.984,-1.5186,-1.0135,0.268,1.053,47,0.171,5.126,0.05,0.12,0.0,clear,sweep + rejection + CHoCH + displacement,485.0093
2026-02-16 19:16:00+00:00,2026-02-16 23:00:00+00:00,XAUUSD,SHORT,LIQUIDITY_REVERSAL,LIQUIDITY_REVERSAL,1.0,95.0,A+,NEWYORK,4993.178,4998.272,4985.536,4980.441,4991.688,SESSION_END,0.004,2.0378,0.4202,5.095,0.5958,0.2924,0.951,0.559,13,0.175,2.948,0.05,0.05,0.0,clear,sweep + rejection + CHoCH + displacement,485.6051
2026-02-18 07:51:00+00:00,2026-02-18 09:23:00+00:00,XAUUSD,SHORT,LIQUIDITY_REVERSAL,LIQUIDITY_REVERSAL,0.8,95.0,A+,LONDON,4931.025,4942.48,4913.841,4902.386,4919.886,BE_STOP,0.002,2.2911,0.4718,11.456,2.8231,1.2322,1.597,0.094,92,0.181,4.521,0.05,0.12,0.0,clear,sweep + rejection + CHoCH + displacement,488.4283
2026-02-18 18:07:00+00:00,2026-02-18 18:25:00+00:00,XAUUSD,LONG,TREND_CONTINUATION,BULL,0.592,85.0,A,NEWYORK,5002.639,4991.984,5018.622,5029.276,4991.762,STOP,0.002,2.131,0.4363,10.655,-2.1754,-1.0208,0.0,1.292,18,0.209,4.602,0.05,0.12,0.0,clear,trend pullback + LTF BOS,486.2529
2026-02-20 11:51:00+00:00,2026-02-20 13:48:00+00:00,XAUUSD,SHORT,LIQUIDITY_REVERSAL,LIQUIDITY_REVERSAL,0.8,75.0,B,LONDON,5020.769,5034.507,5000.162,4986.424,5034.736,STOP,0.001,1.3738,0.2825,13.738,-1.3966,-1.0166,1.019,1.244,117,0.232,5.409,0.05,0.12,0.0,clear,sweep + rejection + CHoCH + displacement,484.8562
2026-02-27 13:06:00+00:00,2026-02-27 13:15:00+00:00,XAUUSD,LONG,BREAKOUT,COMPRESSION,0.974,80.0,B,OVERLAP,5194.46,5185.155,5208.419,5217.724,5217.624,TP2,0.002,1.8611,0.3839,9.306,3.7037,1.99,2.769,0.0,9,0.171,3.801,0.05,0.0,0.0,clear,compression -> confirmed range break + momentum,488.5599
2026-03-04 14:01:00+00:00,2026-03-04 14:53:00+00:00,XAUUSD,SHORT,LIQUIDITY_REVERSAL,LIQUIDITY_REVERSAL,0.7,75.0,B,OVERLAP,5176.525,5194.43,5149.669,5131.765,5160.956,BE_STOP,0.001,1.7904,0.3665,17.904,2.1162,1.182,1.907,0.466,52,0.179,8.938,0.05,0.12,0.0,clear,sweep + rejection + CHoCH + displacement,490.6761
2026-03-05 17:34:00+00:00,2026-03-05 20:17:00+00:00,XAUUSD,SHORT,TREND_CONTINUATION,STRONG_BEAR,0.999,75.0,B,NEWYORK,5067.645,5092.142,5030.901,5006.405,5092.394,STOP,0.001,2.4496,0.4992,24.496,-2.4749,-1.0103,0.694,1.024,163,0.319,11.466,0.05,0.12,0.0,clear,trend pullback + LTF BOS,488.2013
2026-03-06 10:01:00+00:00,2026-03-06 13:30:00+00:00,XAUUSD,SHORT,TREND_CONTINUATION,BEAR,0.876,75.0,B,LONDON,5085.093,5105.396,5054.638,5034.335,5105.621,STOP,0.001,2.0303,0.4159,20.303,-2.0529,-1.0111,1.131,1.811,209,0.225,7.443,0.05,0.12,0.0,clear,trend pullback + LTF BOS,486.1484
2026-03-09 08:06:00+00:00,2026-03-09 08:29:00+00:00,XAUUSD,LONG,LIQUIDITY_REVERSAL,LIQUIDITY_REVERSAL,0.8,85.0,A,LONDON,5105.837,5091.351,5127.567,5142.053,5091.12,STOP,0.001,1.4486,0.298,14.486,-1.4718,-1.016,0.034,1.053,23,0.225,8.335,0.05,0.12,0.0,clear,sweep + rejection + CHoCH + displacement,484.6766
2026-03-09 12:06:00+00:00,2026-03-09 12:51:00+00:00,XAUUSD,LONG,LIQUIDITY_REVERSAL,CHOPPY,0.577,80.0,B,OVERLAP,5095.804,5081.492,5117.272,5131.583,5095.991,BE_STOP,0.001,1.4312,0.2953,14.312,0.0187,0.0131,1.122,0.128,45,0.198,7.972,0.05,0.12,0.0,clear,sweep + rejection + CHoCH + displacement,484.6954
2026-03-09 18:18:00+00:00,2026-03-09 19:01:00+00:00,XAUUSD,LONG,LIQUIDITY_REVERSAL,CHOPPY,0.6,80.0,B,NEWYORK,5100.725,5090.311,5116.346,5126.76,5126.661,TP2,0.002,2.0828,0.4297,10.414,4.1458,1.9905,2.842,0.0,43,0.201,5.854,0.05,0.0,0.0,clear,sweep + rejection + CHoCH + displacement,488.8411
2026-03-10 11:15:00+00:00,2026-03-10 12:05:00+00:00,XAUUSD,LONG,LIQUIDITY_REVERSAL,LIQUIDITY_REVERSAL,0.8,85.0,A,LONDON,5187.059,5167.105,5216.989,5236.943,5166.893,STOP,0.001,1.9954,0.4082,19.954,-2.0166,-1.0106,0.121,1.031,50,0.201,6.72,0.05,0.12,0.0,clear,sweep + rejection + CHoCH + displacement,486.8246
2026-03-10 13:11:00+00:00,2026-03-10 13:30:00+00:00,XAUUSD,LONG,BREAKOUT,COMPRESSION,0.968,85.0,A,OVERLAP,5201.968,5190.808,5218.709,5229.87,5216.368,BE_STOP,0.002,2.2321,0.4585,11.16,3.1042,1.3907,2.372,0.327,19,0.187,6.788,0.05,0.12,0.0,clear,compression -> confirmed range break + momentum,489.9288
2026-03-12 13:21:00+00:00,2026-03-12 14:46:00+00:00,XAUUSD,SHORT,LIQUIDITY_REVERSAL,LIQUIDITY_REVERSAL,0.7,80.0,B,OVERLAP,5170.617,5187.409,5145.43,5128.638,5153.554,BE_STOP,0.001,1.6792,0.3427,16.792,2.106,1.2542,1.85,0.145,85,0.216,5.775,0.05,0.12,0.0,clear,sweep + rejection + CHoCH + displacement,492.0348
2026-03-12 17:19:00+00:00,2026-03-12 19:24:00+00:00,XAUUSD,SHORT,TREND_CONTINUATION,STRONG_BEAR,0.952,75.0,B,NEWYORK,5118.87,5139.257,5088.29,5067.903,5092.741,BE_STOP,0.001,2.0387,0.4143,20.387,2.8291,1.3877,1.95,0.188,125,0.29,7.008,0.05,0.12,0.0,clear,trend pullback + LTF BOS,494.8639
2026-03-12 20:02:00+00:00,2026-03-12 20:30:00+00:00,XAUUSD,SHORT,TREND_CONTINUATION,STRONG_BEAR,0.996,75.0,B,NEWYORK,5088.441,5098.364,5073.557,5063.634,5063.769,TP2,0.002,1.9846,0.401,9.923,3.9426,1.9866,3.39,0.199,28,0.274,6.796,0.05,0.0,0.0,clear,trend pullback + LTF BOS,498.8066
2026-03-16 08:26:00+00:00,2026-03-16 08:39:00+00:00,XAUUSD,LONG,LIQUIDITY_REVERSAL,LIQUIDITY_REVERSAL,0.7,85.0,A,LONDON,5001.444,4985.833,5024.859,5040.47,4985.594,STOP,0.001,1.5611,0.313,15.611,-1.5849,-1.0153,0.0,1.018,13,0.237,7.368,0.05,0.12,0.0,clear,sweep + rejection + CHoCH + displacement,497.2216
2026-03-17 12:01:00+00:00,2026-03-17 12:19:00+00:00,XAUUSD,SHORT,TREND_CONTINUATION,BEAR,0.858,100.0,A+,OVERLAP,5001.866,5012.396,4986.071,4975.541,5012.606,STOP,0.002,2.106,0.4236,10.53,-2.1481,-1.02,0.263,1.068,18,0.179,4.602,0.05,0.12,0.0,clear,trend pullback + LTF BOS,495.0735
2026-03-18 10:28:00+00:00,2026-03-18 10:35:00+00:00,XAUUSD,SHORT,TREND_CONTINUATION,BEAR,0.867,85.0,A,LONDON,4985.871,4995.944,4970.761,4960.687,4960.799,TP2,0.002,2.0147,0.4069,10.073,4.0069,1.9889,2.575,0.158,7,0.209,4.276,0.05,0.0,0.0,clear,trend pullback + LTF BOS,499.0804
2026-03-19 08:08:00+00:00,2026-03-19 08:48:00+00:00,XAUUSD,SHORT,BREAKOUT,STRONG_BEAR,1.0,85.0,A,LONDON,4721.832,4743.652,4689.101,4667.281,4712.631,BE_STOP,0.001,2.182,0.4372,21.82,2.0865,0.9562,1.613,0.664,40,0.367,14.028,0.05,0.12,0.0,clear,compression -> confirmed range break + momentum,501.167
2026-03-19 11:39:00+00:00,2026-03-19 12:03:00+00:00,XAUUSD,SHORT,TREND_CONTINUATION,STRONG_BEAR,1.0,75.0,B,LONDON,4681.848,4702.657,4650.634,4629.824,4629.973,TP2,0.001,2.0809,0.4152,20.809,4.147,1.9929,2.625,0.0,24,0.335,13.996,0.05,0.0,0.0,clear,trend pullback + LTF BOS,505.314
2026-03-19 16:56:00+00:00,2026-03-19 17:25:00+00:00,XAUUSD,SHORT,TREND_CONTINUATION,STRONG_BEAR,1.0,75.0,B,NEWYORK,4587.614,4612.398,4550.438,4525.653,4612.703,STOP,0.001,2.4784,0.4905,24.784,-2.5089,-1.0123,0.566,1.018,29,0.382,17.374,0.05,0.12,0.0,clear,trend pullback + LTF BOS,502.8051
2026-03-20 10:21:00+00:00,2026-03-20 10:39:00+00:00,XAUUSD,SHORT,BREAKOUT,COMPRESSION,0.905,85.0,A,LONDON,4648.528,4669.165,4617.573,4596.936,4669.399,STOP,0.001,2.0637,0.4104,20.637,-2.0871,-1.0114,0.098,1.007,18,0.233,10.961,0.05,0.12,0.0,clear,compression -> confirmed range break + momentum,500.718
2026-03-26 19:28:00+00:00,2026-03-26 20:11:00+00:00,XAUUSD,SHORT,TREND_CONTINUATION,STRONG_BEAR,1.0,85.0,A,NEWYORK,4382.004,4401.26,4353.119,4333.862,4365.832,BE_STOP,0.001,1.9257,0.3846,19.257,2.2472,1.167,1.61,0.325,43,0.223,8.462,0.05,0.12,0.0,clear,trend pullback + LTF BOS,502.9652
2026-04-01 09:22:00+00:00,2026-04-01 13:22:00+00:00,XAUUSD,LONG,TREND_CONTINUATION,STRONG_BULL,1.0,85.0,A,LONDON,4729.177,4706.983,4762.467,4784.661,4731.014,TIME,0.001,2.2194,0.4413,22.194,1.7519,0.7894,1.504,0.739,240,0.238,9.607,0.05,0.05,0.0,clear,trend pullback + LTF BOS,504.717
2026-04-01 15:25:00+00:00,2026-04-01 15:48:00+00:00,XAUUSD,SHORT,LIQUIDITY_REVERSAL,BULL,0.96,75.0,B,OVERLAP,4739.413,4757.254,4712.652,4694.812,4757.498,STOP,0.001,1.7841,0.3535,17.841,-1.8085,-1.0137,0.514,1.031,23,0.243,11.212,0.05,0.12,0.0,clear,sweep + rejection + CHoCH + displacement,502.9085
2026-04-01 15:56:00+00:00,2026-04-01 17:14:00+00:00,XAUUSD,LONG,BREAKOUT,BULL,0.953,85.0,A,OVERLAP,4762.847,4747.446,4785.95,4801.351,4775.584,BE_STOP,0.001,1.5401,0.3062,15.401,1.785,1.159,1.789,0.296,78,0.245,11.311,0.05,0.12,0.0,clear,compression -> confirmed range break + momentum,504.6935
2026-04-01 18:01:00+00:00,2026-04-01 19:00:00+00:00,XAUUSD,LONG,TREND_CONTINUATION,BULL,1.0,75.0,B,NEWYORK,4787.675,4772.231,4810.84,4826.284,4772.01,STOP,0.001,1.5444,0.306,15.444,-1.5665,-1.0143,0.354,1.079,59,0.219,6.777,0.05,0.12,0.0,clear,trend pullback + LTF BOS,503.1271
2026-04-02 13:16:00+00:00,2026-04-02 14:00:00+00:00,XAUUSD,LONG,LIQUIDITY_REVERSAL,LIQUIDITY_REVERSAL,0.8,85.0,A,OVERLAP,4613.263,4591.892,4645.32,4666.691,4591.661,STOP,0.001,2.1371,0.4248,21.371,-2.1602,-1.0108,0.785,1.524,44,0.217,9.691,0.05,0.12,0.0,clear,sweep + rejection + CHoCH + displacement,500.9669
2026-04-06 10:06:00+00:00,2026-04-06 10:57:00+00:00,XAUUSD,LONG,BREAKOUT,BULL,0.781,80.0,B,LONDON,4700.575,4691.306,4714.479,4723.749,4691.103,STOP,0.002,1.8538,0.3701,9.269,-1.8946,-1.022,0.613,1.02,51,0.181,6.806,0.05,0.12,0.0,clear,compression -> confirmed range break + momentum,499.0723
2026-04-06 11:49:00+00:00,2026-04-06 12:45:00+00:00,XAUUSD,LONG,LIQUIDITY_REVERSAL,BULL,0.861,85.0,A,LONDON,4692.976,4682.697,4708.395,4718.674,4682.501,STOP,0.002,2.0559,0.4119,10.279,-2.095,-1.0191,0.345,1.023,56,0.162,5.406,0.05,0.12,0.0,clear,sweep + rejection + CHoCH + displacement,496.9773
2026-04-06 19:21:00+00:00,2026-04-06 19:40:00+00:00,XAUUSD,LONG,LIQUIDITY_REVERSAL,LIQUIDITY_REVERSAL,0.8,75.0,B,NEWYORK,4662.476,4649.067,4682.59,4695.999,4648.844,STOP,0.001,1.3409,0.2698,13.409,-1.3632,-1.0166,0.146,1.023,19,0.202,6.114,0.05,0.12,0.0,clear,sweep + rejection + CHoCH + displacement,495.6141
2026-04-07 08:56:00+00:00,2026-04-07 09:02:00+00:00,XAUUSD,SHORT,TREND_CONTINUATION,BEAR,0.905,75.0,B,LONDON,4640.983,4658.17,4615.203,4598.016,4658.396,STOP,0.001,1.7187,0.3468,17.187,-1.7413,-1.0132,0.0,1.097,6,0.21,6.218,0.05,0.12,0.0,clear,trend pullback + LTF BOS,493.8728
2026-04-07 19:51:00+00:00,2026-04-07 20:19:00+00:00,XAUUSD,SHORT,LIQUIDITY_REVERSAL,LIQUIDITY_REVERSAL,0.8,85.0,A,NEWYORK,4670.217,4687.696,4643.998,4626.519,4687.941,STOP,0.001,1.7479,0.3539,17.479,-1.7724,-1.014,0.752,1.224,28,0.242,6.832,0.05,0.12,0.0,clear,sweep + rejection + CHoCH + displacement,492.1004
2026-04-08 13:31:00+00:00,2026-04-08 15:41:00+00:00,XAUUSD,SHORT,LIQUIDITY_REVERSAL,LIQUIDITY_REVERSAL,0.7,75.0,B,OVERLAP,4788.315,4809.393,4756.698,4735.62,4767.451,BE_STOP,0.001,2.1078,0.4283,21.078,2.6181,1.2421,1.786,0.858,130,0.22,9.552,0.05,0.12,0.0,clear,sweep + rejection + CHoCH + displacement,494.7185
2026-04-10 12:46:00+00:00,2026-04-10 13:36:00+00:00,XAUUSD,LONG,BREAKOUT,COMPRESSION,0.926,95.0,A+,OVERLAP,4766.045,4758.896,4776.768,4783.917,4773.076,BE_STOP,0.003,2.1447,0.4335,7.149,2.6493,1.2353,2.276,0.906,50,0.18,4.517,0.05,0.12,0.0,clear,compression -> confirmed range break + momentum,497.3678
2026-04-13 08:07:00+00:00,2026-04-13 10:09:00+00:00,XAUUSD,LONG,LIQUIDITY_REVERSAL,CHOPPY,0.57,75.0,B,LONDON,4734.625,4719.306,4757.602,4772.921,4719.076,STOP,0.001,1.5318,0.308,15.318,-1.5549,-1.0151,0.339,1.128,122,0.22,5.314,0.05,0.12,0.0,clear,sweep + rejection + CHoCH + displacement,495.8129
2026-04-13 14:55:00+00:00,2026-04-13 17:18:00+00:00,XAUUSD,SHORT,LIQUIDITY_REVERSAL,LIQUIDITY_REVERSAL,0.7,90.0,A+,OVERLAP,4726.038,4746.059,4696.006,4675.985,4725.891,BE_STOP,0.001,2.0021,0.4038,20.021,0.0147,0.0074,1.299,0.28,143,0.26,8.142,0.05,0.12,0.0,clear,sweep + rejection + CHoCH + displacement,495.8276
2026-04-14 07:56:00+00:00,2026-04-14 08:25:00+00:00,XAUUSD,LONG,BREAKOUT,COMPRESSION,0.974,80.0,B,LONDON,4781.087,4768.16,4800.478,4813.406,4767.917,STOP,0.001,1.2928,0.2607,12.928,-1.317,-1.0188,1.168,1.045,29,0.204,4.582,0.05,0.12,0.0,clear,compression -> confirmed range break + momentum,494.5106
2026-04-14 10:31:00+00:00,2026-04-14 12:09:00+00:00,XAUUSD,SHORT,LIQUIDITY_REVERSAL,LIQUIDITY_REVERSAL,1.0,85.0,A,LONDON,4775.667,4790.381,4753.597,4738.883,4775.647,BE_STOP,0.001,1.4714,0.2975,14.714,1.0993,0.7471,1.657,0.835,98,0.215,5.063,0.05,0.12,0.0,clear,sweep + rejection + CHoCH + displacement,495.6098
2026-04-14 16:34:00+00:00,2026-04-14 19:20:00+00:00,XAUUSD,LONG,TREND_CONTINUATION,BULL,0.854,90.0,A+,NEWYORK,4808.341,4789.144,4837.137,4856.334,4833.568,BE_STOP,0.001,1.9197,0.3873,19.197,2.694,1.4033,1.806,0.188,166,0.312,7.405,0.05,0.12,0.0,clear,trend pullback + LTF BOS,498.3039
2026-04-14 20:07:00+00:00,2026-04-14 21:00:00+00:00,XAUUSD,LONG,TREND_CONTINUATION,STRONG_BULL,0.935,90.0,A+,NEWYORK,4840.241,4829.41,4856.486,4867.316,4844.306,SESSION_END,0.002,2.166,0.4347,10.83,0.8132,0.3754,0.541,0.192,53,0.231,4.818,0.05,0.05,0.0,clear,trend pullback + LTF BOS,499.1171
2026-04-15 10:14:00+00:00,2026-04-15 10:47:00+00:00,XAUUSD,LONG,LIQUIDITY_REVERSAL,LIQUIDITY_REVERSAL,0.7,80.0,B,LONDON,4805.762,4791.069,4827.801,4842.493,4790.828,STOP,0.001,1.4693,0.2944,14.693,-1.4934,-1.0164,0.093,1.353,33,0.234,5.702,0.05,0.12,0.0,clear,sweep + rejection + CHoCH + displacement,497.6237
2026-04-20 11:11:00+00:00,2026-04-20 12:11:00+00:00,XAUUSD,LONG,LIQUIDITY_REVERSAL,LIQUIDITY_REVERSAL,0.8,80.0,B,LONDON,4798.504,4787.274,4815.351,4826.582,4787.067,STOP,0.002,2.2462,0.4514,11.231,-2.2876,-1.0184,0.201,1.019,60,0.219,4.846,0.05,0.12,0.0,clear,sweep + rejection + CHoCH + displacement,495.3361
2026-04-21 20:41:00+00:00,2026-04-21 20:47:00+00:00,XAUUSD,SHORT,TREND_CONTINUATION,STRONG_BEAR,0.956,90.0,A+,NEWYORK,4698.805,4716.534,4672.211,4654.481,4682.012,BE_STOP,0.001,1.7729,0.3579,17.729,2.1612,1.219,1.722,0.0,6,0.327,6.836,0.05,0.12,0.0,clear,trend pullback + LTF BOS,497.4972
2026-04-22 11:06:00+00:00,2026-04-22 11:35:00+00:00,XAUUSD,SHORT,BREAKOUT,COMPRESSION,0.932,80.0,B,LONDON,4750.484,4758.545,4738.392,4730.33,4758.773,STOP,0.003,2.4184,0.4861,8.061,-2.4868,-1.0283,0.608,1.093,29,0.202,3.801,0.05,0.12,0.0,clear,compression -> confirmed range break + momentum,495.0104
2026-04-22 13:51:00+00:00,2026-04-22 14:37:00+00:00,XAUUSD,SHORT,BREAKOUT,COMPRESSION,0.995,85.0,A,OVERLAP,4744.432,4750.98,4734.61,4728.061,4751.214,STOP,0.003,1.9644,0.3968,6.548,-2.0347,-1.0358,1.258,1.23,46,0.207,4.722,0.05,0.12,0.0,clear,compression -> confirmed range break + momentum,492.9757
2026-04-22 16:41:00+00:00,2026-04-22 18:05:00+00:00,XAUUSD,SHORT,BREAKOUT,BEAR,0.867,85.0,A,NEWYORK,4727.543,4736.219,4714.529,4705.853,4736.463,STOP,0.002,1.7352,0.352,8.676,-1.7839,-1.0281,0.445,1.051,84,0.284,6.016,0.05,0.12,0.0,clear,compression -> confirmed range break + momentum,491.1918
2026-04-24 07:42:00+00:00,2026-04-24 08:26:00+00:00,XAUUSD,SHORT,LIQUIDITY_REVERSAL,BEAR,0.913,80.0,B,LONDON,4672.369,4684.32,4654.443,4642.492,4684.542,STOP,0.002,2.3902,0.4866,11.951,-2.4345,-1.0185,0.49,1.023,44,0.192,4.26,0.05,0.12,0.0,clear,sweep + rejection + CHoCH + displacement,488.7573
2026-04-27 13:49:00+00:00,2026-04-27 15:36:00+00:00,XAUUSD,SHORT,LIQUIDITY_REVERSAL,LIQUIDITY_REVERSAL,0.8,80.0,B,OVERLAP,4702.478,4713.517,4685.92,4674.882,4693.117,BE_STOP,0.002,2.2077,0.4517,11.039,2.5806,1.1689,1.731,0.165,107,0.193,4.168,0.05,0.12,0.0,clear,sweep + rejection + CHoCH + displacement,491.3378
2026-04-27 18:17:00+00:00,2026-04-27 18:29:00+00:00,XAUUSD,SHORT,TREND_CONTINUATION,STRONG_BEAR,0.934,75.0,B,NEWYORK,4671.018,4679.356,4658.513,4650.176,4679.598,STOP,0.002,1.6674,0.3394,8.337,-1.716,-1.0291,0.348,1.055,12,0.233,3.922,0.05,0.12,0.0,clear,trend pullback + LTF BOS,489.6218
2026-04-28 08:58:00+00:00,2026-04-28 09:30:00+00:00,XAUUSD,SHORT,TREND_CONTINUATION,STRONG_BEAR,0.934,80.0,B,LONDON,4630.134,4638.639,4617.378,4608.874,4628.549,BE_STOP,0.002,1.7008,0.3474,8.504,1.4182,0.8338,1.834,0.389,32,0.301,6.069,0.05,0.12,0.0,clear,trend pullback + LTF BOS,491.0401
2026-04-28 10:07:00+00:00,2026-04-28 11:17:00+00:00,XAUUSD,SHORT,TREND_CONTINUATION,STRONG_BEAR,0.948,80.0,B,LONDON,4624.381,4636.864,4605.657,4593.174,4613.978,BE_STOP,0.001,1.2483,0.2542,12.483,1.449,1.1608,1.599,0.281,70,0.308,6.317,0.05,0.12,0.0,clear,trend pullback + LTF BOS,492.4891
2026-04-28 12:01:00+00:00,2026-04-28 12:39:00+00:00,XAUUSD,SHORT,TREND_CONTINUATION,STRONG_BEAR,0.972,75.0,B,OVERLAP,4603.461,4617.179,4582.883,4569.164,4569.299,TP2,0.001,1.3719,0.2786,13.719,2.7302,1.9901,2.533,0.379,38,0.249,5.338,0.05,0.0,0.0,clear,trend pullback + LTF BOS,495.2193
2026-04-28 15:41:00+00:00,2026-04-28 16:00:00+00:00,XAUUSD,SHORT,TREND_CONTINUATION,STRONG_BEAR,0.986,85.0,A,OVERLAP,4557.619,4580.36,4523.506,4500.765,4580.724,STOP,0.001,2.2742,0.4592,22.742,-2.3106,-1.016,0.023,1.009,19,0.393,9.901,0.05,0.12,0.0,clear,trend pullback + LTF BOS,492.9087
2026-04-29 19:37:00+00:00,2026-04-29 21:00:00+00:00,XAUUSD,SHORT,TREND_CONTINUATION,BEAR,1.0,80.0,B,NEWYORK,4535.022,4554.624,4505.618,4486.015,4546.368,SESSION_END,0.001,1.9603,0.3977,19.603,-1.1346,-0.5788,0.861,0.787,83,0.307,7.396,0.05,0.05,0.0,clear,trend pullback + LTF BOS,491.7741
2026-04-30 17:57:00+00:00,2026-04-30 20:06:00+00:00,XAUUSD,LONG,LIQUIDITY_REVERSAL,LIQUIDITY_REVERSAL,0.8,85.0,A,NEWYORK,4607.407,4599.972,4618.56,4625.996,4625.892,TP2,0.003,2.2306,0.4536,7.435,4.4262,1.9843,2.562,0.272,129,0.245,5.365,0.05,0.0,0.0,clear,sweep + rejection + CHoCH + displacement,496.2003
2026-05-04 12:37:00+00:00,2026-05-04 13:18:00+00:00,XAUUSD,SHORT,TREND_CONTINUATION,BEAR,0.933,75.0,B,OVERLAP,4556.645,4571.599,4534.213,4519.258,4571.831,STOP,0.001,1.4955,0.3014,14.955,-1.5186,-1.0155,0.358,1.188,41,0.24,6.618,0.05,0.12,0.0,clear,trend pullback + LTF BOS,494.6817
2026-05-04 15:19:00+00:00,2026-05-04 16:13:00+00:00,XAUUSD,LONG,LIQUIDITY_REVERSAL,BEAR,0.862,85.0,A,OVERLAP,4572.61,4551.598,4604.128,4625.139,4551.312,STOP,0.001,2.1012,0.4248,21.012,-2.1298,-1.0136,0.495,1.028,54,0.25,7.348,0.05,0.12,0.0,clear,sweep + rejection + CHoCH + displacement,492.5519
2026-05-08 09:22:00+00:00,2026-05-08 13:11:00+00:00,XAUUSD,LONG,LIQUIDITY_REVERSAL,CHOPPY,0.551,90.0,A+,LONDON,4720.242,4705.019,4743.077,4758.3,4704.812,STOP,0.001,1.5223,0.3091,15.223,-1.5431,-1.0136,0.493,1.09,229,0.215,5.543,0.05,0.12,0.0,clear,sweep + rejection + CHoCH + displacement,491.0089
2026-05-08 13:56:00+00:00,2026-05-08 14:11:00+00:00,XAUUSD,LONG,BREAKOUT,COMPRESSION,0.963,85.0,A,OVERLAP,4729.347,4717.94,4746.457,4757.864,4717.704,STOP,0.002,2.2814,0.4646,11.407,-2.3286,-1.0207,0.152,1.023,15,0.224,6.9,0.05,0.12,0.0,clear,compression -> confirmed range break + momentum,488.6802
2026-05-12 12:31:00+00:00,2026-05-12 14:15:00+00:00,XAUUSD,LONG,LIQUIDITY_REVERSAL,LIQUIDITY_REVERSAL,0.8,90.0,A+,OVERLAP,4700.76,4685.601,4723.498,4738.657,4685.357,STOP,0.001,1.5159,0.3102,15.159,-1.5403,-1.0161,0.706,1.144,104,0.21,5.534,0.05,0.12,0.0,clear,sweep + rejection + CHoCH + displacement,487.1399
2026-05-13 18:05:00+00:00,2026-05-13 19:53:00+00:00,XAUUSD,SHORT,LIQUIDITY_REVERSAL,CHOPPY,0.564,100.0,A+,NEWYORK,4696.425,4705.285,4683.134,4674.273,4684.928,BE_STOP,0.002,1.7721,0.3638,8.861,2.4677,1.3925,2.144,0.527,108,0.241,4.76,0.05,0.12,0.0,clear,sweep + rejection + CHoCH + displacement,489.6076
2026-05-14 13:46:00+00:00,2026-05-14 14:45:00+00:00,XAUUSD,SHORT,LIQUIDITY_REVERSAL,CHOPPY,0.729,100.0,A+,OVERLAP,4697.407,4711.13,4676.821,4663.098,4679.56,BE_STOP,0.001,1.3724,0.2803,13.724,1.9155,1.3957,2.29,0.729,59,0.222,5.53,0.05,0.12,0.0,clear,sweep + rejection + CHoCH + displacement,491.5231
2026-05-14 19:46:00+00:00,2026-05-14 21:00:00+00:00,XAUUSD,SHORT,TREND_CONTINUATION,BEAR,0.915,75.0,B,NEWYORK,4667.564,4677.324,4652.924,4643.164,4656.222,SESSION_END,0.002,1.952,0.3971,9.76,2.5876,1.3256,1.525,0.417,74,0.208,3.595,0.05,0.05,0.0,clear,trend pullback + LTF BOS,494.1107
2026-05-25 15:55:00+00:00,2026-05-25 16:11:00+00:00,XAUUSD,SHORT,LIQUIDITY_REVERSAL,CHOPPY,0.63,80.0,B,OVERLAP,4565.581,4571.198,4557.155,4551.538,4571.421,STOP,0.004,2.2469,0.4547,5.617,-2.3359,-1.0396,0.07,1.336,16,0.168,3.067,0.05,0.12,0.0,clear,sweep + rejection + CHoCH + displacement,491.7748
2026-05-26 20:17:00+00:00,2026-05-26 21:00:00+00:00,XAUUSD,LONG,LIQUIDITY_REVERSAL,BEAR,0.843,75.0,B,NEWYORK,4503.742,4496.152,4515.127,4522.718,4508.729,SESSION_END,0.003,2.2771,0.463,7.59,1.4961,0.657,0.785,0.409,43,0.234,3.334,0.05,0.05,0.0,clear,sweep + rejection + CHoCH + displacement,493.2709
2026-05-27 16:07:00+00:00,2026-05-27 17:32:00+00:00,XAUUSD,SHORT,TREND_CONTINUATION,STRONG_BEAR,0.966,80.0,B,NEWYORK,4434.299,4448.29,4413.313,4399.322,4448.553,STOP,0.001,1.3991,0.2836,13.991,-1.4254,-1.0188,0.459,1.081,85,0.392,9.02,0.05,0.12,0.0,clear,trend pullback + LTF BOS,491.8455
2026-05-29 07:58:00+00:00,2026-05-29 09:50:00+00:00,XAUUSD,LONG,TREND_CONTINUATION,STRONG_BULL,1.0,75.0,B,LONDON,4523.037,4509.766,4542.945,4556.217,4509.546,STOP,0.001,1.3272,0.2698,13.272,-1.3492,-1.0166,0.241,1.007,112,0.225,5.118,0.05,0.12,0.0,clear,trend pullback + LTF BOS,490.4963
2026-05-29 10:16:00+00:00,2026-05-29 12:26:00+00:00,XAUUSD,LONG,BREAKOUT,BULL,0.995,85.0,A,LONDON,4527.611,4516.443,4544.364,4555.532,4527.63,BE_STOP,0.002,2.2337,0.4554,11.168,0.0038,0.0017,1.38,0.509,130,0.212,4.649,0.05,0.12,0.0,clear,compression -> confirmed range break + momentum,490.5001
2026-05-29 15:55:00+00:00,2026-05-29 16:03:00+00:00,XAUUSD,SHORT,LIQUIDITY_REVERSAL,BULL,0.929,75.0,B,OVERLAP,4556.548,4570.681,4535.349,4521.216,4570.991,STOP,0.001,1.4133,0.2881,14.133,-1.4443,-1.022,0.0,1.388,8,0.294,8.773,0.05,0.12,0.0,clear,sweep + rejection + CHoCH + displacement,489.0558
2026-06-03 19:10:00+00:00,2026-06-03 20:01:00+00:00,XAUUSD,SHORT,TREND_CONTINUATION,BEAR,1.0,75.0,B,NEWYORK,4437.015,4442.97,4428.083,4422.128,4443.191,STOP,0.004,2.382,0.4871,5.955,-2.4703,-1.0371,0.383,1.038,51,0.22,3.859,0.05,0.12,0.0,clear,trend pullback + LTF BOS,486.5855
2026-06-05 14:41:00+00:00,2026-06-05 15:22:00+00:00,XAUUSD,SHORT,BREAKOUT,BEAR,0.871,95.0,A+,OVERLAP,4396.346,4411.853,4373.085,4357.579,4357.758,TP2,0.001,1.5507,0.3187,15.507,3.0842,1.9889,2.553,0.0,41,0.338,9.871,0.05,0.0,0.0,clear,compression -> confirmed range break + momentum,489.6697
2026-06-05 15:27:00+00:00,2026-06-05 17:54:00+00:00,XAUUSD,SHORT,BREAKOUT,STRONG_BEAR,0.912,95.0,A+,OVERLAP,4355.692,4373.142,4329.517,4312.067,4336.799,BE_STOP,0.001,1.745,0.3564,17.45,2.2438,1.2859,1.876,0.962,147,0.366,10.923,0.05,0.12,0.0,clear,compression -> confirmed range break + momentum,491.9136
2026-06-09 14:55:00+00:00,2026-06-09 15:13:00+00:00,XAUUSD,LONG,LIQUIDITY_REVERSAL,LIQUIDITY_REVERSAL,1.0,85.0,A,OVERLAP,4334.199,4323.225,4350.66,4361.634,4322.97,STOP,0.002,2.1948,0.4462,10.974,-2.2458,-1.0233,0.143,1.187,18,0.268,7.896,0.05,0.12,0.0,clear,sweep + rejection + CHoCH + displacement,489.6677
2026-06-10 10:36:00+00:00,2026-06-10 11:07:00+00:00,XAUUSD,LONG,LIQUIDITY_REVERSAL,LIQUIDITY_REVERSAL,1.0,85.0,A,LONDON,4177.925,4162.244,4201.446,4217.127,4161.995,STOP,0.001,1.5681,0.3202,15.681,-1.593,-1.0159,0.0,1.408,31,0.279,7.685,0.05,0.12,0.0,clear,sweep + rejection + CHoCH + displacement,488.0747
2026-06-10 12:07:00+00:00,2026-06-10 13:30:00+00:00,XAUUSD,SHORT,TREND_CONTINUATION,STRONG_BEAR,1.0,100.0,A+,OVERLAP,4161.856,4180.55,4133.815,4115.121,4161.713,BE_STOP,0.001,1.8694,0.383,18.694,1.4033,0.7507,1.686,0.626,83,0.238,7.621,0.05,0.12,0.0,clear,trend pullback + LTF BOS,489.4781
2026-06-10 18:27:00+00:00,2026-06-10 21:00:00+00:00,XAUUSD,SHORT,TREND_CONTINUATION,STRONG_BEAR,1.0,75.0,B,NEWYORK,4113.181,4137.057,4077.367,4053.49,4082.236,SESSION_END,0.001,2.3876,0.4878,23.876,3.0945,1.296,1.354,0.299,153,0.288,9.01,0.05,0.05,0.0,clear,trend pullback + LTF BOS,492.5725
2026-06-15 14:21:00+00:00,2026-06-15 14:50:00+00:00,XAUUSD,LONG,BREAKOUT,COMPRESSION,0.995,80.0,B,OVERLAP,4352.551,4345.059,4363.789,4371.282,4358.667,BE_STOP,0.003,2.2477,0.4563,7.492,2.5891,1.1519,2.141,0.154,29,0.192,5.305,0.05,0.12,0.0,clear,compression -> confirmed range break + momentum,495.1616
2026-06-15 16:51:00+00:00,2026-06-15 17:17:00+00:00,XAUUSD,LONG,TREND_CONTINUATION,STRONG_BULL,1.0,75.0,B,NEWYORK,4357.002,4347.908,4370.644,4379.738,4347.669,STOP,0.002,1.8189,0.3673,9.094,-1.8666,-1.0262,0.195,1.054,26,0.254,5.869,0.05,0.12,0.0,clear,trend pullback + LTF BOS,493.295
2026-06-16 13:11:00+00:00,2026-06-16 14:08:00+00:00,XAUUSD,LONG,LIQUIDITY_REVERSAL,LIQUIDITY_REVERSAL,0.8,95.0,A+,OVERLAP,4344.36,4335.805,4357.192,4365.747,4344.325,BE_STOP,0.002,1.711,0.3468,8.555,-0.007,-0.0041,1.233,0.842,57,0.189,3.801,0.05,0.12,0.0,clear,sweep + rejection + CHoCH + displacement,493.288
2026-06-18 11:15:00+00:00,2026-06-18 12:07:00+00:00,XAUUSD,SHORT,TREND_CONTINUATION,BEAR,0.943,75.0,B,LONDON,4267.654,4275.024,4256.6,4249.23,4249.336,TP2,0.003,2.2109,0.4482,7.37,4.3887,1.9851,2.729,0.676,52,0.242,5.379,0.05,0.0,0.0,clear,trend pullback + LTF BOS,497.6767
2026-06-19 14:49:00+00:00,2026-06-21 23:00:00+00:00,XAUUSD,SHORT,LIQUIDITY_REVERSAL,LIQUIDITY_REVERSAL,0.8,75.0,B,OVERLAP,4154.671,4169.864,4131.883,4116.691,4147.789,SESSION_END,0.001,1.5192,0.3053,15.192,0.6882,0.453,1.043,0.342,190,0.247,7.234,0.05,0.05,0.0,clear,sweep + rejection + CHoCH + displacement,498.3649
2026-06-22 14:31:00+00:00,2026-06-22 14:46:00+00:00,XAUUSD,SHORT,BREAKOUT,COMPRESSION,0.937,85.0,A,OVERLAP,4185.814,4194.583,4172.662,4163.894,4194.809,STOP,0.002,1.7536,0.3519,8.768,-1.7989,-1.0258,0.351,1.37,15,0.201,4.71,0.05,0.12,0.0,clear,compression -> confirmed range break + momentum,496.566
2026-06-23 07:13:00+00:00,2026-06-23 09:02:00+00:00,XAUUSD,SHORT,TREND_CONTINUATION,STRONG_BEAR,1.0,80.0,B,LONDON,4122.909,4135.374,4104.212,4091.747,4091.884,TP2,0.001,1.2465,0.251,12.465,2.4792,1.989,2.513,0.297,109,0.292,7.195,0.05,0.0,0.0,clear,trend pullback + LTF BOS,499.0452
2026-06-23 14:01:00+00:00,2026-06-23 14:37:00+00:00,XAUUSD,SHORT,TREND_CONTINUATION,BEAR,0.983,85.0,A,OVERLAP,4109.714,4123.896,4088.442,4074.261,4124.142,STOP,0.001,1.4181,0.2842,14.181,-1.4428,-1.0174,0.323,1.034,36,0.227,5.883,0.05,0.12,0.0,clear,trend pullback + LTF BOS,497.6024
2026-06-23 18:01:00+00:00,2026-06-23 21:00:00+00:00,XAUUSD,SHORT,LIQUIDITY_REVERSAL,LIQUIDITY_REVERSAL,0.8,100.0,A+,NEWYORK,4131.774,4144.831,4112.189,4099.132,4110.923,SESSION_END,0.001,1.3057,0.2624,13.057,2.0165,1.5444,1.788,0.592,179,0.248,5.063,0.05,0.05,0.0,clear,sweep + rejection + CHoCH + displacement,499.6189
2026-06-25 13:46:00+00:00,2026-06-25 14:46:00+00:00,XAUUSD,LONG,BREAKOUT,COMPRESSION,0.947,80.0,B,OVERLAP,4007.597,3988.59,4036.106,4055.112,4007.731,BE_STOP,0.001,1.9006,0.3804,19.006,0.0134,0.0071,1.383,0.002,60,0.223,7.738,0.05,0.12,0.0,clear,compression -> confirmed range break + momentum,499.6323
2026-06-29 13:03:00+00:00,2026-06-29 14:54:00+00:00,XAUUSD,LONG,LIQUIDITY_REVERSAL,LIQUIDITY_REVERSAL,0.8,90.0,A+,OVERLAP,4044.399,4030.616,4065.075,4078.858,4030.386,STOP,0.001,1.3784,0.2759,13.784,-1.4013,-1.0166,0.579,1.042,111,0.188,4.718,0.05,0.12,0.0,clear,sweep + rejection + CHoCH + displacement,498.231
2026-06-30 07:11:00+00:00,2026-06-30 07:30:00+00:00,XAUUSD,LONG,LIQUIDITY_REVERSAL,LIQUIDITY_REVERSAL,0.8,75.0,B,LONDON,3986.082,3974.619,4003.276,4014.738,4014.606,TP2,0.002,2.2925,0.4601,11.463,4.5595,1.9888,2.524,0.207,19,0.233,5.744,0.05,0.0,0.0,clear,sweep + rejection + CHoCH + displacement,502.7905
2026-06-30 09:16:00+00:00,2026-06-30 13:16:00+00:00,XAUUSD,SHORT,LIQUIDITY_REVERSAL,LIQUIDITY_REVERSAL,0.8,75.0,B,LONDON,4022.895,4038.845,3998.97,3983.02,4026.679,TIME,0.001,1.595,0.3172,15.95,-0.3784,-0.2373,0.678,0.889,240,0.24,6.268,0.05,0.05,0.0,clear,sweep + rejection + CHoCH + displacement,502.4121
2026-07-02 10:11:00+00:00,2026-07-02 12:43:00+00:00,XAUUSD,SHORT,LIQUIDITY_REVERSAL,LIQUIDITY_REVERSAL,0.8,85.0,A,LONDON,4070.173,4080.9,4054.084,4043.357,4070.143,BE_STOP,0.002,2.1453,0.427,10.727,0.0062,0.0029,1.207,0.312,152,0.223,4.82,0.05,0.12,0.0,clear,sweep + rejection + CHoCH + displacement,502.4182
2026-07-03 09:51:00+00:00,2026-07-03 13:51:00+00:00,XAUUSD,SHORT,LIQUIDITY_REVERSAL,LIQUIDITY_REVERSAL,0.7,80.0,B,LONDON,4177.588,4187.645,4162.503,4152.446,4176.556,TIME,0.002,2.0113,0.4003,10.057,0.2064,0.1026,0.927,0.869,240,0.213,4.48,0.05,0.05,0.0,clear,sweep + rejection + CHoCH + displacement,502.6246
2026-07-06 14:36:00+00:00,2026-07-06 14:58:00+00:00,XAUUSD,LONG,LIQUIDITY_REVERSAL,LIQUIDITY_REVERSAL,0.8,85.0,A,OVERLAP,4146.795,4137.096,4161.344,4171.043,4136.853,STOP,0.002,1.9399,0.3859,9.699,-1.9885,-1.0251,0.35,1.152,22,0.24,5.598,0.05,0.12,0.0,clear,sweep + rejection + CHoCH + displacement,500.6361
2026-07-07 09:01:00+00:00,2026-07-07 09:11:00+00:00,XAUUSD,SHORT,LIQUIDITY_REVERSAL,LIQUIDITY_REVERSAL,0.8,75.0,B,LONDON,4126.62,4134.338,4115.042,4107.324,4134.565,STOP,0.003,2.3155,0.4625,7.718,-2.3834,-1.0293,0.0,1.186,10,0.21,3.973,0.05,0.12,0.0,clear,sweep + rejection + CHoCH + displacement,498.2527
2026-07-07 09:16:00+00:00,2026-07-07 09:53:00+00:00,XAUUSD,LONG,LIQUIDITY_REVERSAL,LIQUIDITY_REVERSAL,1.0,80.0,B,LONDON,4136.167,4123.049,4155.844,4168.962,4122.819,STOP,0.001,1.3118,0.2633,13.118,-1.3348,-1.0175,0.201,1.102,37,0.224,4.424,0.05,0.12,0.0,clear,sweep + rejection + CHoCH + displacement,496.9179
2026-07-07 09:59:00+00:00,2026-07-07 12:18:00+00:00,XAUUSD,SHORT,LIQUIDITY_REVERSAL,LIQUIDITY_REVERSAL,0.8,75.0,B,LONDON,4126.532,4139.929,4106.438,4093.042,4140.135,STOP,0.001,1.3396,0.2696,13.396,-1.3602,-1.0154,0.502,1.139,139,0.225,4.494,0.05,0.12,0.0,clear,sweep + rejection + CHoCH + displacement,495.5577
2026-07-08 10:46:00+00:00,2026-07-08 12:44:00+00:00,XAUUSD,SHORT,BREAKOUT,STRONG_BEAR,0.872,80.0,B,LONDON,4048.042,4060.389,4029.522,4017.175,4060.624,STOP,0.002,2.4693,0.4983,12.347,-2.5163,-1.019,0.619,1.437,118,0.326,8.096,0.05,0.12,0.0,clear,compression -> confirmed range break + momentum,493.0414
2026-07-09 18:40:00+00:00,2026-07-09 19:25:00+00:00,XAUUSD,LONG,TREND_CONTINUATION,STRONG_BULL,0.99,85.0,A,NEWYORK,4133.084,4123.709,4147.147,4156.521,4123.485,STOP,0.002,1.875,0.3803,9.375,-1.9198,-1.0239,0.534,1.09,45,0.219,4.091,0.05,0.12,0.0,clear,trend pullback + LTF BOS,491.1215
2026-07-10 13:16:00+00:00,2026-07-10 13:36:00+00:00,XAUUSD,LONG,LIQUIDITY_REVERSAL,LIQUIDITY_REVERSAL,1.0,90.0,A+,OVERLAP,4111.311,4099.677,4128.762,4140.396,4099.446,STOP,0.002,2.3268,0.4738,11.634,-2.3731,-1.0199,0.095,1.172,20,0.212,4.352,0.05,0.12,0.0,clear,sweep + rejection + CHoCH + displacement,488.7485
2026-07-10 15:36:00+00:00,2026-07-10 16:53:00+00:00,XAUUSD,SHORT,LIQUIDITY_REVERSAL,LIQUIDITY_REVERSAL,0.7,85.0,A,OVERLAP,4088.603,4111.044,4054.94,4032.499,4111.34,STOP,0.001,2.2442,0.4592,22.442,-2.2738,-1.0132,0.0,1.032,77,0.325,8.078,0.05,0.12,0.0,clear,sweep + rejection + CHoCH + displacement,486.4747
2026-07-15 07:19:00+00:00,2026-07-15 11:14:00+00:00,XAUUSD,SHORT,TREND_CONTINUATION,BEAR,0.884,75.0,B,LONDON,4024.424,4035.734,4007.459,3996.149,4035.953,STOP,0.002,2.262,0.465,11.31,-2.3057,-1.0193,0.643,1.002,235,0.222,4.038,0.05,0.12,0.0,clear,trend pullback + LTF BOS,484.169
2026-07-16 13:46:00+00:00,2026-07-16 14:27:00+00:00,XAUUSD,SHORT,BREAKOUT,BEAR,0.828,80.0,B,OVERLAP,4003.516,4023.858,3973.004,3952.663,4003.433,BE_STOP,0.001,2.0341,0.4201,20.341,0.0084,0.0041,1.484,0.25,41,0.317,7.651,0.05,0.12,0.0,clear,compression -> confirmed range break + momentum,484.1773
2026-07-16 18:37:00+00:00,2026-07-16 19:21:00+00:00,XAUUSD,SHORT,TREND_CONTINUATION,BEAR,0.942,75.0,B,NEWYORK,3982.572,3989.786,3971.751,3964.537,3990.036,STOP,0.003,2.1642,0.447,7.214,-2.2393,-1.0347,0.388,1.054,44,0.287,5.003,0.05,0.12,0.0,clear,trend pullback + LTF BOS,481.9381
2026-07-16 19:34:00+00:00,2026-07-16 20:53:00+00:00,XAUUSD,SHORT,TREND_CONTINUATION,BEAR,0.949,100.0,A+,NEWYORK,3981.009,3991.308,3965.56,3955.261,3981.037,BE_STOP,0.002,2.0599,0.4274,10.299,-0.0056,-0.0027,1.162,0.484,79,0.252,4.294,0.05,0.12,0.0,clear,trend pullback + LTF BOS,481.9324
2026-07-17 09:56:00+00:00,2026-07-17 13:21:00+00:00,XAUUSD,LONG,LIQUIDITY_REVERSAL,CHOPPY,0.606,75.0,B,LONDON,3997.682,3986.416,4014.58,4025.846,3986.202,STOP,0.002,2.2532,0.4675,11.266,-2.296,-1.019,0.398,1.046,205,0.234,4.716,0.05,0.12,0.0,clear,sweep + rejection + CHoCH + displacement,479.6364
2026-07-17 14:44:00+00:00,2026-07-17 17:37:00+00:00,XAUUSD,LONG,LIQUIDITY_REVERSAL,LIQUIDITY_REVERSAL,1.0,75.0,B,OVERLAP,3983.727,3961.459,4017.129,4039.397,4013.295,BE_STOP,0.001,2.2268,0.4643,22.268,3.1394,1.4098,1.793,0.123,173,0.325,8.703,0.05,0.12,0.0,clear,sweep + rejection + CHoCH + displacement,482.7759
2026-07-20 16:11:00+00:00,2026-07-20 17:41:00+00:00,XAUUSD,LONG,LIQUIDITY_REVERSAL,LIQUIDITY_REVERSAL,1.0,100.0,A+,NEWYORK,4015.268,4002.895,4033.828,4046.201,4002.66,STOP,0.001,1.2373,0.2563,12.373,-1.2608,-1.019,0.23,1.122,90,0.286,5.441,0.05,0.12,0.0,clear,sweep + rejection + CHoCH + displacement,481.515
2026-07-20 20:31:00+00:00,2026-07-20 21:00:00+00:00,XAUUSD,LONG,LIQUIDITY_REVERSAL,CHOPPY,0.691,80.0,B,NEWYORK,4012.212,4003.215,4025.708,4034.706,4007.603,SESSION_END,0.002,1.7995,0.3737,8.998,-0.9218,-0.5123,0.385,0.801,29,0.214,3.201,0.05,0.05,0.0,clear,sweep + rejection + CHoCH + displacement,480.5932
2026-07-21 13:26:00+00:00,2026-07-21 13:37:00+00:00,XAUUSD,LONG,LIQUIDITY_REVERSAL,LIQUIDITY_REVERSAL,1.0,95.0,A+,OVERLAP,4060.923,4053.697,4071.762,4078.988,4053.477,STOP,0.003,2.1678,0.4511,7.226,-2.2339,-1.0305,0.366,1.031,11,0.196,3.673,0.05,0.12,0.0,clear,sweep + rejection + CHoCH + displacement,478.3593
2026-07-22 10:58:00+00:00,2026-07-22 12:17:00+00:00,XAUUSD,SHORT,LIQUIDITY_REVERSAL,LIQUIDITY_REVERSAL,0.8,85.0,A,LONDON,4114.599,4122.459,4102.81,4094.95,4122.668,STOP,0.003,2.3579,0.4929,7.86,-2.4205,-1.0265,0.079,1.069,79,0.211,3.497,0.05,0.12,0.0,clear,sweep + rejection + CHoCH + displacement,475.9388
2026-07-24 13:02:00+00:00,2026-07-24 14:37:00+00:00,XAUUSD,SHORT,LIQUIDITY_REVERSAL,LIQUIDITY_REVERSAL,0.7,85.0,A,OVERLAP,4053.634,4062.248,4040.712,4032.098,4053.702,BE_STOP,0.002,1.7229,0.362,8.614,-0.0137,-0.0079,1.059,0.747,95,0.183,3.172,0.05,0.12,0.0,clear,sweep + rejection + CHoCH + displacement,475.9251
2026-07-24 14:52:00+00:00,2026-07-24 15:17:00+00:00,XAUUSD,LONG,LIQUIDITY_REVERSAL,LIQUIDITY_REVERSAL,0.7,75.0,B,OVERLAP,4056.157,4043.325,4075.405,4088.238,4056.153,BE_STOP,0.001,1.2832,0.2696,12.832,-0.0004,-0.0003,1.065,0.044,25,0.244,5.0,0.05,0.12,0.0,clear,sweep + rejection + CHoCH + displacement,475.9248
2026-07-28 09:04:00+00:00,2026-07-28 09:10:00+00:00,XAUUSD,LONG,LIQUIDITY_REVERSAL,LIQUIDITY_REVERSAL,0.8,80.0,B,LONDON,4051.805,4045.153,4061.784,4068.436,4044.922,STOP,0.003,1.9957,0.4193,6.652,-2.0649,-1.0347,0.483,1.025,6,0.2,2.889,0.05,0.12,0.0,clear,sweep + rejection + CHoCH + displacement,473.8598
2026-07-28 10:41:00+00:00,2026-07-28 11:07:00+00:00,XAUUSD,SHORT,BREAKOUT,COMPRESSION,0.932,85.0,A,LONDON,4032.437,4039.411,4021.976,4015.002,4026.41,BE_STOP,0.003,2.0922,0.4415,6.974,2.4556,1.1737,1.929,0.254,26,0.236,3.823,0.05,0.12,0.0,clear,compression -> confirmed range break + momentum,476.3155
2026-07-28 11:31:00+00:00,2026-07-28 11:32:00+00:00,XAUUSD,SHORT,BREAKOUT,STRONG_BEAR,0.911,85.0,A,LONDON,4017.008,4023.076,4007.906,4001.837,4023.323,STOP,0.003,1.8205,0.3822,6.068,-1.8946,-1.0407,0.0,1.059,1,0.254,4.282,0.05,0.12,0.0,clear,compression -> confirmed range break + momentum,474.4209
2026-07-28 13:01:00+00:00,2026-07-28 13:23:00+00:00,XAUUSD,SHORT,TREND_CONTINUATION,BEAR,0.572,85.0,A,OVERLAP,4023.907,4032.304,4011.311,4002.914,4032.535,STOP,0.002,1.6794,0.354,8.397,-1.7257,-1.0276,0.155,1.199,22,0.217,3.875,0.05,0.12,0.0,clear,trend pullback + LTF BOS,472.6952
2026-07-31 11:26:00+00:00,2026-07-31 12:32:00+00:00,XAUUSD,LONG,LIQUIDITY_REVERSAL,LIQUIDITY_REVERSAL,0.8,90.0,A+,LONDON,4054.298,4049.749,4061.121,4065.67,4054.257,BE_STOP,0.005,2.2745,0.4812,4.549,-0.0204,-0.009,1.444,0.519,66,0.186,3.286,0.05,0.12,0.0,clear,sweep + rejection + CHoCH + displacement,472.6748
2026-08-03 10:40:00+00:00,2026-08-03 13:00:00+00:00,XAUUSD,SHORT,LIQUIDITY_REVERSAL,LIQUIDITY_REVERSAL,0.7,80.0,B,LONDON,4052.113,4062.946,4035.864,4025.031,4063.162,STOP,0.002,2.1666,0.4584,10.833,-2.2097,-1.0199,0.63,1.136,140,0.223,4.006,0.05,0.12,0.0,clear,sweep + rejection + CHoCH + displacement,470.4652
2026-08-03 14:51:00+00:00,2026-08-03 15:57:00+00:00,XAUUSD,SHORT,BREAKOUT,BEAR,0.836,100.0,A+,OVERLAP,4030.667,4038.657,4018.682,4010.692,4038.895,STOP,0.002,1.598,0.3397,7.99,-1.6457,-1.0299,0.53,1.059,66,0.256,5.749,0.05,0.12,0.0,clear,compression -> confirmed range break + momentum,468.8195
2026-08-03 16:07:00+00:00,2026-08-03 16:46:00+00:00,XAUUSD,SHORT,TREND_CONTINUATION,STRONG_BEAR,0.876,100.0,A+,NEWYORK,4032.109,4040.399,4019.676,4011.386,4040.656,STOP,0.002,1.6578,0.3536,8.289,-1.7093,-1.031,0.185,1.051,39,0.291,5.094,0.05,0.12,0.0,clear,trend pullback + LTF BOS,467.1102
2026-08-04 16:13:00+00:00,2026-08-04 18:10:00+00:00,XAUUSD,LONG,TREND_CONTINUATION,STRONG_BULL,0.873,85.0,A,NEWYORK,4085.062,4072.72,4103.575,4115.918,4097.694,BE_STOP,0.001,1.2342,0.2642,12.342,1.55,1.2558,1.729,0.859,117,0.354,5.98,0.05,0.12,0.0,clear,trend pullback + LTF BOS,468.6602
2026-08-05 14:43:00+00:00,2026-08-05 15:19:00+00:00,XAUUSD,LONG,TREND_CONTINUATION,STRONG_BULL,1.0,80.0,B,OVERLAP,4199.254,4183.755,4222.503,4238.003,4237.836,TP2,0.001,1.5499,0.3307,15.499,3.0839,1.9897,2.539,0.644,36,0.298,7.001,0.05,0.0,0.0,clear,trend pullback + LTF BOS,471.744
2026-08-06 18:56:00+00:00,2026-08-06 20:25:00+00:00,XAUUSD,LONG,LIQUIDITY_REVERSAL,LIQUIDITY_REVERSAL,0.8,75.0,B,NEWYORK,4246.326,4237.083,4260.191,4269.435,4236.853,STOP,0.002,1.8487,0.3919,9.243,-1.8947,-1.0249,0.527,1.028,89,0.242,4.809,0.05,0.12,0.0,clear,sweep + rejection + CHoCH + displacement,469.8493
2026-08-12 13:31:00+00:00,2026-08-12 13:34:00+00:00,XAUUSD,LONG,LIQUIDITY_REVERSAL,LIQUIDITY_REVERSAL,1.0,75.0,B,OVERLAP,4394.032,4380.114,4414.908,4428.826,4428.719,TP2,0.001,1.3918,0.2962,13.918,2.7728,1.9923,2.7,0.0,3,0.214,4.723,0.05,0.0,0.0,clear,sweep + rejection + CHoCH + displacement,472.6221
2026-08-17 11:31:00+00:00,2026-08-17 13:26:00+00:00,XAUUSD,LONG,LIQUIDITY_REVERSAL,LIQUIDITY_REVERSAL,1.0,90.0,A+,LONDON,4400.025,4390.729,4413.968,4423.263,4390.512,STOP,0.002,1.8591,0.3934,9.295,-1.9026,-1.0234,0.506,1.949,115,0.219,3.862,0.05,0.12,0.0,clear,sweep + rejection + CHoCH + displacement,470.7195
2026-08-18 19:46:00+00:00,2026-08-18 21:00:00+00:00,XAUUSD,SHORT,TREND_CONTINUATION,STRONG_BEAR,0.933,75.0,B,NEWYORK,4354.563,4361.908,4343.545,4336.2,4344.34,SESSION_END,0.003,2.2036,0.4681,7.345,3.1661,1.4368,2.227,0.538,74,0.265,4.252,0.05,0.05,0.0,clear,trend pullback + LTF BOS,473.8856
2026-08-19 07:21:00+00:00,2026-08-19 11:21:00+00:00,XAUUSD,LONG,LIQUIDITY_REVERSAL,LIQUIDITY_REVERSAL,1.0,85.0,A,LONDON,4346.967,4333.79,4366.732,4379.909,4367.624,TIME,0.001,1.3177,0.2781,13.177,2.0162,1.5301,1.638,0.761,240,0.244,4.74,0.05,0.05,0.0,clear,sweep + rejection + CHoCH + displacement,475.9018
2026-08-19 12:46:00+00:00,2026-08-19 13:32:00+00:00,XAUUSD,SHORT,LIQUIDITY_REVERSAL,LIQUIDITY_REVERSAL,1.0,75.0,B,OVERLAP,4364.288,4373.961,4349.778,4340.106,4374.174,STOP,0.002,1.9346,0.4065,9.673,-1.9773,-1.0221,0.257,1.012,46,0.175,3.222,0.05,0.12,0.0,clear,sweep + rejection + CHoCH + displacement,473.9245
2026-08-21 09:19:00+00:00,2026-08-21 10:13:00+00:00,XAUUSD,LONG,TREND_CONTINUATION,STRONG_BULL,1.0,90.0,A+,LONDON,4569.376,4557.729,4586.846,4598.493,4598.372,TP2,0.002,2.3294,0.4915,11.647,4.6352,1.9899,2.666,0.0,54,0.242,5.265,0.05,0.0,0.0,clear,trend pullback + LTF BOS,478.5596
2026-08-21 11:04:00+00:00,2026-08-21 11:13:00+00:00,XAUUSD,LONG,TREND_CONTINUATION,STRONG_BULL,1.0,100.0,A+,LONDON,4586.921,4578.862,4599.008,4607.067,4578.627,STOP,0.002,1.6117,0.3368,8.058,-1.6588,-1.0292,0.0,1.134,9,0.231,5.251,0.05,0.12,0.0,clear,trend pullback + LTF BOS,476.9009
2026-08-21 11:37:00+00:00,2026-08-21 13:32:00+00:00,XAUUSD,LONG,TREND_CONTINUATION,STRONG_BULL,1.0,75.0,B,LONDON,4590.63,4576.457,4611.891,4626.064,4576.23,STOP,0.001,1.4173,0.2972,14.173,-1.44,-1.016,0.984,1.001,115,0.231,5.313,0.05,0.12,0.0,clear,trend pullback + LTF BOS,475.4608
