time,sym,setup,side,score,session,regime,entry,stop,risk,room_r,r,exit,exit_time,bars
2026-09-16 10:45,XAUUSD,SB,1,10,London,TRENDING UP,4349.450000000001,4340.045068331298,9.404931668702375,99.0,-1.0,SL,2026-09-16 12:25,20
2026-09-16 18:55,XAUUSD,SB,-1,8,NY,TRENDING DOWN,4266.65,4314.642390143094,47.99239014309478,99.0,-1.0,SL,2026-09-17 01:35,68
2026-09-17 11:50,USDJPY,SB,1,9,London,EXPANDING,155.862,155.78005800868613,0.08194199131386881,5.09,-1.0,SL,2026-09-17 12:10,4
2026-09-21 07:40,USDJPY,SB,1,10,London,TRENDING UP,157.28199999999998,157.1325476225386,0.14945237746138673,4.12,-1.0,SL,2026-09-21 08:30,10
2026-09-21 07:40,AUDJPY,SB,1,10,London,TRENDING UP,112.088,111.99290350990485,0.09509649009514476,2.2,1.6694,TRAIL,2026-09-21 12:40,60
2026-09-21 12:25,EURJPY,SB,1,10,Overlap,TRENDING UP,180.76500000000001,180.63410938882666,0.13089061117335632,99.0,-1.0,SL,2026-09-21 13:30,13
2026-09-22 07:35,XAUUSD,TC,-1,10,London,TRENDING DOWN,4311.61,4325.429870128718,13.819870128718321,99.0,0.335,BE,2026-09-22 08:40,13
2026-09-22 13:25,EURUSD,SB,-1,9,Overlap,RANGING,1.14549,1.14609971284526,0.0006097128452600131,3.44,-1.0,SL,2026-09-22 13:45,4
2026-09-22 14:40,EURUSD,SB,-1,10,Overlap,TRANSITIONAL,1.1447,1.1452799439243424,0.0005799439243423521,2.26,1.7121,TRAIL,2026-09-22 16:35,23
2026-09-22 15:05,GBPUSD,SB,-1,9,Overlap,RANGING,1.33408,1.3348724408254034,0.0007924408254034176,1.84,-1.0,SL,2026-09-22 15:25,4
2026-09-23 11:35,XAUUSD,SB,-1,10,London,TRENDING DOWN,4302.34,4309.674979943344,7.334979943343569,99.0,0.335,BE,2026-09-23 11:45,2
2026-09-23 13:55,AUDJPY,TC,-1,8,Overlap,TRENDING DOWN,111.382,111.55913650133051,0.17713650133050862,99.0,0.0734,TIME,2026-09-23 23:55,120
2026-09-23 14:45,GBPJPY,MR,-1,8,Overlap,TRANSITIONAL,209.792,209.9644949254604,0.17249492546039846,1.72,-1.0,SL,2026-09-23 15:20,7
2026-09-25 09:05,AUDJPY,MR,-1,8,London,TRANSITIONAL,111.124,111.23775749922967,0.1137574992296777,1.65,1.5107,TRAIL,2026-09-25 09:25,4
2026-09-25 13:15,USDJPY,SB,-1,10,Overlap,TRENDING DOWN,157.336,157.5129029402858,0.17690294028579956,99.0,1.3821,TRAIL,2026-09-25 14:05,10
2026-09-25 13:15,EURJPY,SB,-1,10,Overlap,TRENDING DOWN,179.444,179.6267785877656,0.1827785877656254,99.0,1.5924,TRAIL,2026-09-25 13:35,4
2026-09-25 18:45,USDJPY,SB,-1,9,NY,SQUEEZE,157.141,157.21313145239344,0.07213145239344954,2.37,-1.0,SL,2026-09-25 19:25,8
2026-09-28 13:40,CADJPY,MR,-1,9,Overlap,RANGING,110.892,111.01203450803733,0.12003450803733529,1.5,-1.0,SL,2026-09-28 14:10,6
2026-09-29 12:50,GBPJPY,TC,-1,8,Overlap,TRENDING DOWN,208.034,208.23450570862656,0.20050570862656514,99.0,-1.0,SL,2026-09-29 13:05,3
2026-09-29 15:10,GBPUSD,SB,-1,10,Overlap,TRENDING DOWN,1.32085,1.3218478345693574,0.0009978345693573143,99.0,-1.0,SL,2026-09-29 18:05,35
2026-09-29 20:45,XAUUSD,SB,1,8,NY,TRENDING UP,4185.365000000001,4176.8832324797,8.48176752030031,99.0,-1.0,SL,2026-09-29 22:40,11
2026-09-30 09:30,GBPJPY,SB,1,8,London,TRENDING UP,208.507,208.31926763283803,0.18773236716197061,99.0,0.335,BE,2026-09-30 12:35,37
2026-09-30 20:20,USDJPY,SB,1,10,NY,TRENDING UP,157.524,157.40702652753214,0.11697347246786194,99.0,-1.0,SL,2026-09-30 20:45,5
2026-10-01 09:20,GBPJPY,TC,1,8,London,TRENDING UP,209.428,209.1372079531184,0.29079204688159166,1.99,-1.0,SL,2026-10-01 10:00,8
2026-10-01 14:45,EURCAD,SB,-1,9,Overlap,RANGING,1.60533,1.606976557545395,0.0016465575453949999,99.0,1.545,TRAIL,2026-10-01 15:40,11
2026-10-01 15:50,USDCAD,SB,1,9,Overlap,EXPANDING,1.42574,1.4246853754422333,0.0010546245577667257,99.0,-1.0,SL,2026-10-01 16:30,8
2026-10-02 11:50,EURAUD,TC,-1,9,London,TRENDING DOWN,1.61902,1.6204620767188942,0.0014420767188942918,99.0,1.7128,TRAIL,2026-10-02 12:40,10
2026-10-02 13:10,EURUSD,MR,-1,8,Overlap,TRANSITIONAL,1.12506,1.1266051647179929,0.0015451647179929306,1.92,-1.0,SL,2026-10-02 13:50,8
2026-10-02 14:20,CADJPY,MR,-1,8,Overlap,RANGING,110.648,110.7881645269369,0.14016452693689985,1.78,-1.0,SL,2026-10-02 14:55,7
2026-10-05 14:15,USDCHF,SB,1,10,Overlap,TRENDING UP,0.83216,0.8314840870842491,0.0006759129157508648,99.0,-1.0,SL,2026-10-05 14:35,4
2026-10-06 10:10,GBPUSD,TC,1,8,London,TRENDING UP,1.3248199999999999,1.3233820336293585,0.0014379663706414192,99.0,1.6404,TRAIL,2026-10-06 12:00,22
2026-10-06 12:15,EURJPY,SB,1,10,Overlap,TRENDING UP,178.34,178.06318633682054,0.27681366317946754,99.0,-1.0,SL,2026-10-06 12:50,7
2026-10-06 15:30,EURJPY,SB,1,9,Overlap,RANGING,178.109,178.0215379722162,0.08746202778380052,2.65,-1.0,SL,2026-10-06 16:40,14
2026-10-07 11:55,EURJPY,SB,-1,10,London,TRANSITIONAL,176.924,177.09157770208978,0.16757770208977263,2.24,0.335,BE,2026-10-07 13:05,14
2026-10-07 12:15,EURUSD,SB,-1,10,Overlap,TRENDING DOWN,1.11744,1.1188983755061717,0.0014583755061716719,99.0,-1.0,SL,2026-10-07 14:05,22
2026-10-08 07:05,AUDJPY,SB,-1,9,London,RANGING,109.9,110.02982871435422,0.12982871435421828,2.11,-1.0,SL,2026-10-08 07:30,5
