date,sym,session,side,entry_tf,bias_tf,entry,stop,tp1,tp2,rr,risk_pips,setup,mss,pool,tdi,tdi_os,div,pd,dol_room,score,exit,r,mfe,mae
2026-06-04 14:30,GBPUSD,Off-KZ,BUY,30m,4h,1.34415,1.34086,1.34744,1.348099113687352,1.2,32.9,trend continuation,BOS,swing,strong,False,regular,0.46,1.22,75,TP2,1.039,1.27,0.78
2026-06-12 12:00,NZDUSD,London KZ,BUY,30m,4h,0.58233,0.58082,0.58384,0.5843887955655133,1.36,15.1,liquidity reversal,CHoCH,swing,strong,False,regular,0.72,1.42,75,TP2,1.049,2.4,0.34
2026-06-12 14:00,AUDCAD,NY KZ,SELL,30m,4h,0.98442,0.986225,0.9826149999999999,0.9799074999999998,2.5,18.1,trend continuation,BOS,swing,against,False,regular,0.95,5.41,85,SL,-1.139,0.44,1.0
2026-06-15 14:30,CADJPY,NY KZ,SELL,30m,4h,114.54150000000001,114.6575,114.42550000000003,114.25773235486223,2.45,11.6,trend continuation,BOS,PDH,strong,False,none,0.57,2.5,85,BE after TP1,0.284,1.07,0.72
2026-06-16 12:00,EURUSD,London KZ,BUY,30m,4h,1.1592449999999999,1.15727,1.1612199999999997,1.1621525484430058,1.47,19.7,trend continuation,BOS,swing,strong,True,regular,0.75,1.5,75,BE after TP1,0.429,1.38,0.23
2026-06-18 12:30,SPX500USD,Off-KZ,SELL,30m,4h,7507.0,7521.617960111722,7492.382039888278,7470.455099720695,2.5,14.6,trend continuation,BOS,swing,strong,False,none,0.55,5.76,75,SL,-1.041,0.45,1.0
2026-06-24 21:30,AUDNZD,NY KZ,SELL,30m,4h,1.222255,1.22393,1.2205800000000002,1.2186885875796696,2.13,16.7,liquidity reversal,CHoCH,swing,strong,False,none,0.5,2.17,85,BE after TP1,0.321,1.12,0.33
2026-06-25 14:00,CADCHF,Off-KZ,BUY,30m,4h,0.5702400000000001,0.569315,0.5711650000000001,0.5714462906421225,1.3,9.3,liquidity reversal,CHoCH,PDL,strong,False,none,0.38,1.34,70,SL,-1.27,0.99,1.0
2026-06-29 18:30,AUDJPY,NY KZ,SELL,30m,4h,111.59100000000001,111.743,111.43900000000002,111.25436478691402,2.21,15.2,liquidity reversal,CHoCH,PDH,strong,False,none,0.65,2.27,90,BE after TP1,0.368,1.97,0.26
2026-07-02 03:00,NZDUSD,Asia,BUY,30m,4h,0.567445,0.56662,0.5682699999999999,0.5689983941096856,1.88,8.2,liquidity reversal,CHoCH,swing,strong,False,regular,0.73,1.93,75,TP2,1.199,1.91,0.78
2026-07-02 12:30,USDCAD,Off-KZ,BUY,30m,4h,1.4203000000000001,1.41829,1.4223100000000002,1.4234578354200478,1.57,20.1,liquidity reversal,CHoCH,swing,strong,True,none,0.26,1.61,80,SL (fill bar),-1.109,0.64,1.0
2026-07-06 12:30,AUDUSD,London KZ,BUY,30m,4h,0.692885,0.69194,0.69383,0.6949291757660958,2.16,9.4,liquidity reversal,CHoCH,swing,strong,False,none,0.68,2.22,75,TP2,1.412,2.51,0.51
2026-07-06 12:30,NZDCAD,NY KZ,BUY,30m,4h,0.8083549999999999,0.80711,0.8095999999999999,0.8114674999999998,2.5,12.4,trend continuation,BOS,swing,strong,True,none,0.44,2.62,85,BE after TP1,0.259,1.98,0.54
2026-07-07 07:00,USDJPY,Asia,SELL,30m,4h,162.05700000000002,162.2067750470813,161.90722495291874,161.68256238229682,2.5,15.0,trend continuation,BOS,swing,strong,False,none,0.67,10.53,80,TP2,1.643,2.69,0.17
2026-07-07 13:30,CADCHF,NY KZ,SELL,30m,4h,0.5672999999999999,0.568295,0.5663049999999998,0.5651618234615549,2.15,10.0,liquidity reversal,CHoCH,PDH,strong,True,none,0.92,2.18,90,SL,-1.251,0.28,1.0
2026-07-07 14:00,EURUSD,NY KZ,BUY,30m,4h,1.14311,1.14215,1.1440700000000001,1.1447495884347236,1.71,9.6,trend continuation,BOS,swing,strong,False,regular,0.57,1.77,85,SL,-1.146,0.72,1.0
2026-07-08 08:00,USDJPY,Off-KZ,SELL,30m,4h,162.317,162.4889382768193,162.1450617231807,161.88715430795173,2.5,17.2,liquidity reversal,CHoCH,PDH,strong,True,none,0.86,3.86,80,SL,-1.093,0.62,1.0
2026-07-08 14:30,EURAUD,NY KZ,SELL,30m,4h,1.64892,1.65124,1.6465999999999998,1.644384425395596,1.95,23.2,liquidity reversal,CHoCH,swing,strong,True,none,1.08,2.01,90,BE after TP1,0.379,1.1,0.34
2026-07-10 13:30,AUDCAD,NY KZ,SELL,30m,4h,0.9840500000000001,0.9849950000000001,0.9831050000000001,0.9816875000000002,2.5,9.4,liquidity reversal,CHoCH,PDH,strong,False,none,0.54,5.94,85,BE after TP1,0.235,1.74,0.39
2026-07-10 14:30,AUDJPY,Off-KZ,BUY,30m,4h,112.357,112.155,112.559,112.75303090431275,1.96,20.2,trend continuation,BOS,swing,strong,False,regular,0.28,2.0,90,BE after TP1,0.401,1.47,0.66
2026-07-12 21:30,EURCHF,Off-KZ,SELL,30m,4h,0.9223699999999999,0.9235599999999999,0.9211799999999999,0.9202551744018272,1.78,11.9,liquidity reversal,CHoCH,swing,strong,True,none,0.72,1.81,80,BE after TP1,0.332,1.07,0.85
2026-07-13 03:30,NZDCAD,Asia,BUY,30m,4h,0.81542,0.8139900000000001,0.81685,0.8188743779989157,2.42,14.3,liquidity reversal,CHoCH,swing,strong,False,regular,0.74,2.46,75,BE after TP1,0.29,1.99,0.63
2026-07-13 19:30,EURAUD,NY KZ,SELL,30m,4h,1.6458949999999999,1.6485,1.6432899999999997,1.6408960662250873,1.92,26.1,liquidity reversal,CHoCH,swing,strong,True,none,0.6,1.96,90,TP2,1.352,2.22,0.17
2026-07-15 14:30,EURJPY,Off-KZ,SELL,30m,4h,185.4905,185.656,185.325,185.07674999999998,2.5,16.6,trend continuation,BOS,swing,strong,True,none,1.0,4.38,80,SL,-1.121,0.85,1.0
2026-07-19 21:00,EURNZD,NY KZ,SELL,30m,4h,1.9604,1.9644,1.9564,1.9552741216680287,1.28,40.0,liquidity reversal,CHoCH,swing,strong,False,none,0.55,1.32,75,TP2,1.041,1.53,0.31
2026-07-19 21:00,NZDUSD,NY KZ,BUY,30m,4h,0.583345,0.58221,0.58448,0.5861825,2.5,11.3,trend continuation,BOS,PDL,strong,False,none,0.75,2.64,75,TP2,1.574,2.67,0.6
2026-07-20 15:00,GBPCHF,NY KZ,BUY,30m,4h,1.08721,1.085715,1.088705,1.0909475,2.5,15.0,trend continuation,BOS,swing,against,False,regular,0.39,3.32,85,BE after TP1,0.266,1.25,0.15
2026-07-22 03:30,AUDUSD,Asia,BUY,30m,4h,0.7001,0.69944,0.7007599999999999,0.7017499999999999,2.5,6.6,liquidity reversal,CHoCH,swing,strong,False,none,0.23,3.92,80,SL,-1.242,0.74,1.0
2026-07-22 14:30,GBPCAD,NY KZ,BUY,30m,4h,1.88364,1.8812,1.88608,1.88974,2.5,24.4,liquidity reversal,CHoCH,swing,strong,True,none,0.19,3.87,90,SL,-1.164,0.66,1.0
2026-07-24 14:00,SPX500USD,NY KZ,SELL,30m,4h,7426.4,7442.881170078435,7409.918829921564,7385.19707480391,2.5,16.5,liquidity reversal,CHoCH,swing,strong,False,regular,0.3,2.66,85,BE after TP1,0.464,1.43,0.64
2026-07-27 05:30,NZDJPY,Asia,SELL,30m,4h,94.9205,95.08149999999999,94.75950000000002,94.51800000000003,2.5,16.1,liquidity reversal,CHoCH,swing,strong,False,regular,0.9,2.98,90,TP2,1.595,2.56,0.44
2026-07-27 07:00,EURJPY,Asia,BUY,30m,4h,186.3545,186.201,186.508,186.59773367945363,1.58,15.4,trend continuation,BOS,swing,strong,False,regular,0.55,1.64,75,BE after TP1,0.37,1.29,0.37
2026-07-28 15:00,USDJPY,London KZ,BUY,30m,4h,163.731,163.645,163.81699999999998,163.94599999999997,2.5,8.6,trend continuation,BOS,swing,strong,False,hidden,0.61,2.99,82,BE after TP1,0.314,1.59,0.97
2026-07-29 05:00,NZDUSD,Off-KZ,SELL,30m,4h,0.57918,0.58016,0.5782,0.5767300000000001,2.5,9.8,trend continuation,BOS,swing,strong,True,hidden,0.62,3.03,87,TP2,1.546,2.52,0.27
2026-07-29 07:30,EURCAD,Off-KZ,SELL,30m,4h,1.6061999999999999,1.60712,1.6052799999999996,1.6038999999999992,2.5,9.2,liquidity reversal,CHoCH,swing,strong,False,none,0.55,3.96,75,TP2,1.446,2.97,0.83
2026-07-29 14:00,GBPUSD,NY KZ,SELL,30m,4h,1.32948,1.33122,1.32774,1.3274209475153607,1.18,17.4,trend continuation,BOS,swing,strong,False,none,0.56,1.22,75,SL,-1.115,0.86,1.0
2026-07-29 17:30,EURCAD,NY KZ,SELL,30m,4h,1.60572,1.60738,1.60406,1.6026324877457325,1.86,16.6,trend continuation,BOS,swing,strong,False,regular,0.7,1.9,100,SL,-1.169,0.41,1.0
2026-07-31 13:30,EURAUD,NY KZ,BUY,30m,4h,1.636895,1.6350399999999998,1.6387500000000002,1.6415325000000003,2.5,18.6,liquidity reversal,CHoCH,swing,strong,True,regular,0.47,7.04,95,SL (fill bar),-1.151,0.64,1.0
2026-08-03 01:00,EURCHF,Asia,SELL,30m,4h,0.932225,0.9332499999999999,0.9312,0.9296625000000001,2.5,10.2,liquidity reversal,CHoCH,PDH,strong,False,none,0.65,4.91,80,BE after TP1,0.305,1.06,0.67
2026-08-05 14:00,EURCHF,London KZ,BUY,30m,4h,0.93218,0.9314600000000001,0.9329,0.9334239535919223,1.73,7.2,liquidity reversal,CHoCH,swing,strong,False,none,0.46,1.78,85,BE after TP1,0.222,1.31,0.54
2026-08-05 16:30,USDJPY,Off-KZ,SELL,30m,4h,157.7165,157.9139393799724,157.5190606200276,157.2266464599908,2.48,19.7,liquidity reversal,CHoCH,swing,strong,False,none,0.67,2.55,80,SL,-1.081,0.79,1.0
2026-08-06 09:30,GBPNZD,Off-KZ,BUY,30m,4h,2.2887,2.28442,2.29298,2.297441628117235,2.04,42.8,trend continuation,BOS,swing,strong,False,none,0.46,2.08,75,BE after TP1,0.383,1.45,0.27
2026-08-07 12:00,AUDCAD,Off-KZ,BUY,30m,4h,0.98548,0.984065,0.9868950000000001,0.9890175000000001,2.5,14.2,liquidity reversal,CHoCH,swing,strong,False,regular,0.38,5.0,90,BE after TP1,0.323,1.63,0.14
2026-08-07 14:00,NZDJPY,NY KZ,SELL,30m,4h,92.95,93.11149999999999,92.78850000000001,92.6424311792102,1.9,16.1,liquidity reversal,CHoCH,swing,strong,False,none,0.73,1.94,90,BE after TP1,0.345,1.47,0.15
2026-08-10 08:00,AUDCAD,Asia,BUY,30m,4h,0.98563,0.984465,0.986795,0.9877252525405452,1.8,11.6,trend continuation,BOS,swing,strong,False,none,0.5,1.85,75,SL,-1.215,0.3,1.0
2026-08-10 13:00,USDCAD,London KZ,SELL,30m,4h,1.3953250000000001,1.39673,1.3939200000000003,1.3926153857153587,1.93,14.0,liquidity reversal,CHoCH,swing,strong,False,none,0.27,1.97,75,TP2,1.308,2.01,0.32
2026-08-12 00:00,CHFJPY,Off-KZ,BUY,30m,4h,196.2885,196.151,196.426,196.63224999999997,2.5,13.7,liquidity reversal,CHoCH,swing,strong,False,regular,0.83,3.02,75,BE after TP1,0.282,1.1,0.18
2026-08-24 15:30,GBPUSD,Off-KZ,BUY,30m,4h,1.363035,1.36182,1.36425,1.3660725,2.5,12.1,liquidity reversal,CHoCH,swing,confirm,False,none,0.21,3.74,75,BE after TP1,0.335,1.05,0.13
2026-08-25 08:00,AUDCAD,Asia,BUY,30m,4h,0.98998,0.988855,0.9911049999999999,0.9921093154332626,1.89,11.2,liquidity reversal,CHoCH,swing,strong,False,regular,0.85,1.94,75,BE after TP1,0.278,1.53,0.51
2026-08-25 19:30,SPX500USD,NY KZ,SELL,30m,4h,7681.15,7704.276402421257,7658.023597578742,7642.225467473752,1.68,23.1,trend continuation,BOS,swing,strong,True,none,0.68,1.72,90,SL,-1.026,0.92,1.0
2026-08-27 08:30,EURJPY,Asia,BUY,30m,4h,185.6285,185.438,185.81900000000002,185.94722834410234,1.67,19.1,trend continuation,BOS,swing,strong,False,none,0.46,1.71,75,TP2,1.232,1.83,0.69
2026-08-28 13:00,EURNZD,Off-KZ,BUY,30m,4h,1.957195,1.9554,1.95899,1.9616825,2.5,17.9,trend continuation,BOS,PDL,strong,False,none,0.48,3.26,75,TP2,1.527,2.55,0.98
2026-08-28 14:00,GBPCHF,London KZ,SELL,30m,4h,1.09376,1.094875,1.092645,1.0914593243383137,2.06,11.1,liquidity reversal,CHoCH,swing,strong,False,hidden,0.51,2.1,92,TP2,1.218,2.24,0.52
2026-08-28 14:00,NZDUSD,London KZ,SELL,30m,4h,0.5960650000000001,0.5969,0.5952300000000001,0.5939775000000003,2.5,8.3,liquidity reversal,CHoCH,swing,strong,True,none,0.52,2.82,85,TP2,1.51,5.25,0.14
2026-09-02 05:30,GBPAUD,Asia,BUY,30m,4h,1.890475,1.887975,1.8929749999999999,1.8967249999999998,2.5,25.0,liquidity reversal,CHoCH,swing,strong,False,none,0.28,2.67,80,BE after TP1,0.36,1.97,0.45
2026-09-03 07:00,SPX500USD,Asia,SELL,30m,4h,7673.8,7679.667905495982,7667.932094504018,7659.130236260045,2.5,5.9,liquidity reversal,CHoCH,swing,strong,False,hidden,0.85,10.57,87,BE after TP1,0.398,1.43,0.95
2026-09-04 09:00,XAUUSD,London KZ,BUY,30m,4h,4471.365,4457.175648476474,4485.554351523526,4506.838378808815,2.5,141.9,liquidity reversal,CHoCH,swing,strong,False,none,0.83,2.79,75,SL,-1.025,0.56,1.0
2026-09-04 12:00,GBPNZD,London KZ,BUY,30m,4h,2.297145,2.29249,2.3018,2.3087825000000004,2.5,46.6,liquidity reversal,CHoCH,swing,strong,True,none,0.21,5.95,90,BE after TP1,0.393,1.17,0.3
2026-09-04 12:30,AUDNZD,London KZ,BUY,30m,4h,1.22271,1.22115,1.22427,1.2263604742045937,2.34,15.6,liquidity reversal,CHoCH,swing,strong,True,none,0.26,2.39,90,TP2,1.478,2.75,0.35
2026-09-07 02:30,EURJPY,Asia,SELL,30m,4h,181.35399999999998,181.54727696795783,181.16072303204214,180.87080758010538,2.5,19.3,trend continuation,BOS,swing,strong,False,none,0.65,5.82,80,TP2,1.647,3.46,0.14
2026-09-07 08:00,NZDCAD,Asia,SELL,30m,4h,0.813385,0.81453,0.8122400000000001,0.8105225000000001,2.5,11.4,liquidity reversal,CHoCH,swing,strong,False,regular,0.62,3.06,90,TP2,1.488,2.9,0.48
2026-09-07 10:00,XAUUSD,London KZ,BUY,30m,4h,4403.7325,4381.653798915189,4425.811201084811,4458.929252712027,2.5,220.8,liquidity reversal,CHoCH,swing,strong,False,regular,0.26,4.86,100,SL,-1.016,0.12,1.0
2026-09-07 12:00,EURCHF,London KZ,SELL,30m,4h,0.94052,0.94128,0.93976,0.93862,2.5,7.6,trend continuation,BOS,PDH,strong,False,none,0.72,4.24,90,SL,-1.263,0.87,1.0
2026-09-09 11:00,GBPUSD,London KZ,SELL,30m,4h,1.3552149999999998,1.3571,1.3533299999999997,1.3522285706647408,1.58,18.9,liquidity reversal,CHoCH,PDH,strong,True,none,0.76,1.62,90,TP2,1.186,2.02,0.77
2026-09-09 11:00,USDCHF,London KZ,BUY,30m,4h,0.808835,0.80753,0.81014,0.8120050241246005,2.43,13.1,liquidity reversal,CHoCH,swing,strong,False,none,0.25,2.47,90,SL,-1.138,0.42,1.0
2026-09-10 14:00,EURCAD,Off-KZ,SELL,30m,4h,1.6068500000000001,1.60775,1.6059500000000002,1.6046000000000005,2.5,9.0,trend continuation,BOS,PDH,strong,False,none,0.95,7.52,80,TP2,1.439,2.81,0.6
2026-09-14 00:00,AUDNZD,Off-KZ,SELL,30m,4h,1.23255,1.23439,1.23071,1.2279499999999999,2.5,18.4,trend continuation,BOS,swing,strong,False,regular,0.63,2.58,90,SL,-1.163,0.97,1.0
2026-09-14 15:00,EURAUD,London KZ,BUY,30m,4h,1.6180599999999998,1.61673,1.6193899999999997,1.6213849999999994,2.5,13.3,trend continuation,BOS,PDL,strong,False,hidden,0.42,3.55,92,BE after TP1,0.289,2.11,0.75
2026-09-15 00:00,GBPJPY,Off-KZ,SELL,30m,4h,208.486,208.82444829010024,208.14755170989974,207.63987927474938,2.5,33.8,liquidity reversal,CHoCH,swing,strong,True,none,0.73,3.48,80,SL,-1.089,0.11,1.0
2026-09-15 14:30,EURAUD,NY KZ,BUY,30m,4h,1.61924,1.6176,1.62088,1.6225021082559268,1.99,16.4,trend continuation,BOS,swing,strong,False,hidden,0.58,2.05,82,SL,-1.171,0.84,1.0
2026-09-16 13:00,AUDJPY,Off-KZ,SELL,30m,4h,110.69749999999999,110.83,110.56499999999998,110.36624999999998,2.5,13.3,liquidity reversal,CHoCH,PDH,strong,True,none,0.76,7.75,80,BE after TP1,0.349,1.77,0.31
2026-09-18 17:00,AUDUSD,NY KZ,SELL,30m,4h,0.7123999999999999,0.71318,0.7116199999999998,0.7104499999999996,2.5,7.8,liquidity reversal,CHoCH,swing,strong,False,regular,0.75,6.27,100,BE after TP1,0.295,1.72,0.51
2026-09-22 02:00,GBPUSD,Asia,SELL,30m,4h,1.3371,1.33789,1.3363099999999999,1.3351249999999997,2.5,7.9,trend continuation,BOS,swing,strong,False,hidden,0.57,4.48,82,SL,-1.253,0.89,1.0
2026-09-24 07:30,CHFJPY,Asia,BUY,30m,4h,191.648,191.2430150844986,192.05298491550138,192.26367169483288,1.52,40.5,liquidity reversal,CHoCH,swing,strong,True,none,-0.05,1.56,70,SL (fill bar),-1.074,1.85,1.0
2026-09-27 21:00,NZDCAD,Off-KZ,BUY,30m,4h,0.80077,0.79947,0.80207,0.80402,2.5,13.0,liquidity reversal,CHoCH,swing,strong,False,none,0.21,4.55,80,BE after TP1,0.269,1.53,0.92
2026-09-28 14:30,GBPJPY,London KZ,SELL,30m,4h,208.68,209.05925221942786,208.30074778057215,208.02941740647597,1.72,37.9,liquidity reversal,CHoCH,swing,strong,False,none,0.31,1.77,75,TP2,1.279,1.76,0.33
2026-09-29 13:30,EURGBP,London KZ,SELL,30m,4h,0.8578950000000001,0.85882,0.8569700000000001,0.8564218696484782,1.59,9.2,trend continuation,BOS,swing,strong,False,none,0.31,1.63,75,TP2,1.123,1.62,0.5
2026-09-30 07:00,GBPJPY,Asia,SELL,30m,4h,208.165,208.344,207.986,207.71749999999997,2.5,17.9,liquidity reversal,CHoCH,swing,strong,False,hidden,0.37,2.71,72,BE after TP1,0.332,1.92,0.4
2026-10-05 06:30,USDJPY,Asia,BUY,30m,4h,157.686,157.38381348870473,157.98818651129528,158.43893782956823,2.49,30.2,trend continuation,BOS,PDL,strong,False,none,0.49,2.55,75,TP2,1.693,2.59,0.38
2026-10-05 11:00,USDCHF,London KZ,SELL,30m,4h,0.83047,0.83189,0.8290500000000001,0.8269200000000001,2.5,14.2,liquidity reversal,CHoCH,swing,strong,True,none,0.5,5.46,75,SL,-1.127,0.47,1.0
2026-10-05 13:30,GBPJPY,Off-KZ,BUY,30m,4h,208.667,208.16990418671637,209.16409581328364,209.9097395332091,2.5,49.7,trend continuation,BOS,swing,against,False,regular,0.42,2.69,70,TP2,1.69,2.79,0.14
2026-10-06 13:30,USDCHF,Off-KZ,SELL,30m,4h,0.83165,0.83294,0.83036,0.828425,2.5,12.9,trend continuation,BOS,PDH,strong,False,none,0.83,3.02,80,BE after TP1,0.36,1.09,0.72
2026-10-07 07:30,GBPNZD,Asia,BUY,30m,4h,2.359895,2.35813,2.3616599999999996,2.3640942956509594,2.38,17.6,liquidity reversal,CHoCH,swing,strong,False,none,0.36,2.45,80,BE after TP1,0.217,1.88,0.59
