dir,signal_time,entry_time,exit_time,entry,stop,target,exit,risk,r,usd,reason
long,2025-10-06T22:20:00.000000000,2025-10-06T22:25:00.199000000,2025-10-06T23:54:59.961000000,3973.22509765625,3944.849663317516,6782.393097190923,3968.574951171875,28.375434338734067,-0.16387930591170857,-4.650146484375,timeout
long,2025-10-07T13:00:00.000000000,2025-10-07T13:05:00.712000000,2025-10-07T14:34:59.848000000,3982.0048828125,3944.425417682538,7702.3719306787425,3983.034912109375,37.579465129962045,0.027409365548786358,1.030029296875,timeout
long,2025-10-08T04:10:00.000000000,2025-10-08T04:15:01.426000000,2025-10-08T05:44:59.751000000,4020.0849609375,3988.9284610048717,7104.578454267704,4030.048095703125,31.15649993262832,0.31977708623140977,9.963134765625,timeout
long,2025-10-12T22:20:00.000000000,2025-10-12T22:25:00.101000000,2025-10-12T23:54:59.911000000,4040.72509765625,3951.2964640936275,12894.159820355879,4036.298095703125,89.42863356262251,-0.0495031823339332,-4.427001953125,timeout
long,2025-10-13T05:30:00.000000000,2025-10-13T05:35:00.542000000,2025-10-13T07:04:59.851000000,4076.302001953125,4031.8590129829367,8476.157910001763,4066.52490234375,44.44298897018825,-0.21999194554473697,-9.777099609375,timeout
long,2025-10-13T23:30:00.000000000,2025-10-13T23:35:00.076000000,2025-10-14T01:04:59.672000000,4126.85205078125,4092.816451848159,7496.376345157261,4131.03515625,34.03559893309102,0.12290383010369142,4.18310546875,timeout
long,2025-10-14T01:20:00.000000000,2025-10-14T01:25:00.079000000,2025-10-14T02:54:59.934000000,4146.9521484375,4095.815110583573,9209.518895976254,4147.48486328125,51.13703785392681,0.010417397371973372,0.53271484375,timeout
long,2025-10-14T03:25:00.000000000,2025-10-14T03:30:00.056000000,2025-10-14T04:59:59.993000000,4159.94189453125,4117.196868766308,8391.699445260469,4167.865234375,42.7450257649416,0.18536285104426173,7.92333984375,timeout
long,2025-10-15T08:05:00.000000000,2025-10-15T08:10:00.007000000,2025-10-15T09:21:18.091000000,4214.97509765625,4177.668185600817,7908.359391144098,4175.38818359375,37.306912055432804,-1.0611147340117413,-39.5869140625,sl
long,2025-10-16T20:00:00.000000000,2025-10-16T20:05:00.086000000,2025-10-16T20:59:59.949000000,4315.06494140625,4251.748604197078,10583.382325114293,4327.19482421875,63.31633720917216,0.19157587673506224,12.1298828125,timeout
long,2025-10-16T22:15:00.000000000,2025-10-16T22:20:00.003000000,2025-10-16T23:49:59.893000000,4369.7451171875,4274.874656754797,13761.920700025108,4372.5048828125,94.87046043270311,0.029089830621805143,2.759765625,timeout
long,2025-10-20T12:15:00.000000000,2025-10-20T12:20:00.023000000,2025-10-20T13:49:59.920000000,4293.48486328125,4234.336063203958,10149.216070933202,4314.455078125,59.148800077292435,0.35453322495718026,20.97021484375,timeout
long,2025-10-20T19:55:00.000000000,2025-10-20T20:00:00.079000000,2025-10-20T20:59:59.047000000,4378.31494140625,4338.132738373508,8356.353041647719,4355.68505859375,40.18220303274211,-0.5631817348108127,-22.6298828125,timeout
long,2025-10-23T06:00:00.000000000,2025-10-23T06:05:00.008000000,2025-10-23T07:34:59.334000000,4123.51513671875,4066.3265769516465,9785.182553661994,4110.998046875,57.18855976710347,-0.21887401771831638,-12.51708984375,timeout
long,2025-10-29T07:10:00.000000000,2025-10-29T07:15:00.058000000,2025-10-29T08:44:59.907000000,3995.60205078125,3937.423942255887,9755.234794792173,4010.77490234375,58.17810852536286,0.26080001476647124,15.1728515625,timeout
long,2025-10-29T09:05:00.000000000,2025-10-29T09:10:00.464000000,2025-10-29T10:39:59.999000000,4020.39501953125,3971.2005676024187,8890.64576048555,4027.97509765625,49.19445192883131,0.1540840039434926,7.580078125,timeout
long,2025-10-30T09:05:00.000000000,2025-10-30T09:10:00.262000000,2025-10-30T10:39:59.851000000,3995.375,3932.7583039376964,10194.427910168059,3981.205078125,62.61669606230362,-0.22629622394801743,-14.169921875,timeout
long,2025-11-05T05:20:00.000000000,2025-11-05T05:25:00.837000000,2025-11-05T06:54:59.924000000,3975.824951171875,3942.2998070022686,7294.814223962908,3968.675048828125,33.52514416960639,-0.21326984628546475,-7.14990234375,timeout
long,2025-11-05T08:05:00.000000000,2025-11-05T08:10:00.759000000,2025-11-05T09:39:59.619000000,3986.5048828125,3945.187676860591,8076.9082720514725,3969.72509765625,41.31720595190882,-0.4061210038205594,-16.77978515625,timeout
long,2025-11-06T07:15:00.000000000,2025-11-06T07:20:00.083000000,2025-11-06T08:49:59.742000000,4001.094970703125,3970.5200412220297,7028.012989331559,4010.9150390625,30.574929481095296,0.32118040911416723,9.820068359375,timeout
long,2025-11-07T16:35:00.000000000,2025-11-07T16:40:00.090000000,2025-11-07T18:09:58.675000000,4026.4150390625,3967.990061593543,9810.48780848924,4004.7548828125,58.42497746895697,-0.3707345246561494,-21.66015625,timeout
long,2025-11-10T01:15:00.000000000,2025-11-10T01:20:00.845000000,2025-11-10T02:49:59.128000000,4034.97509765625,3991.2317526803404,8365.566250271302,4043.7451171875,43.74334497590962,0.2004880864981824,8.77001953125,timeout
long,2025-11-10T05:50:00.000000000,2025-11-10T05:55:00.100000000,2025-11-10T07:24:57.319000000,4068.135009765625,4035.422348285785,7306.688496269773,4074.114990234375,32.71266147983988,0.18280323881428404,5.97998046875,timeout
long,2025-11-10T12:50:00.000000000,2025-11-10T12:55:00.392000000,2025-11-10T14:24:59.906000000,4100.21484375,4067.7093472960764,7318.258992688434,4086.77490234375,32.50549645392357,-0.4134667324740316,-13.43994140625,timeout
long,2025-11-10T18:15:00.000000000,2025-11-10T18:20:00.076000000,2025-11-10T19:49:59.413000000,4109.68505859375,4076.480681683192,7396.9183727389955,4111.26513671875,33.20437691055804,0.047586441066375815,1.580078125,timeout
long,2025-11-11T00:50:00.000000000,2025-11-11T00:55:00.348000000,2025-11-11T02:24:59.906000000,4132.955078125,4104.662395380146,6933.930669865513,4136.6650390625,28.292682744853664,0.13112793053090127,3.7099609375,timeout
long,2025-11-11T23:35:00.000000000,2025-11-11T23:40:00.193000000,2025-11-12T01:09:59.941000000,4142.40478515625,4113.744326391332,6979.7902028831395,4134.76513671875,28.660458764918076,-0.26655708829236663,-7.6396484375,timeout
long,2025-11-12T15:10:00.000000000,2025-11-12T15:15:00.025000000,2025-11-12T16:44:59.982000000,4162.31494140625,4101.4573978388125,10187.211754582559,4193.19482421875,60.85754356743746,0.5074125737310016,30.8798828125,timeout
long,2025-11-13T04:05:00.000000000,2025-11-13T04:10:00.059000000,2025-11-13T05:39:58.685000000,4218.80517578125,4168.806275465615,9168.696307029133,4214.89501953125,49.99890031563518,-0.07820484501290627,-3.91015625,timeout
long,2025-11-13T08:05:00.000000000,2025-11-13T08:10:00.232000000,2025-11-13T09:39:59.917000000,4229.65478515625,4186.925596616403,8459.844450601122,4229.5849609375,42.7291885398472,-0.001634110572562951,-0.06982421875,timeout
long,2025-11-19T05:20:00.000000000,2025-11-19T05:25:00.162000000,2025-11-19T06:54:59.900000000,4091.794921875,4051.7151262872085,8059.694685066361,4094.294921875,40.07979558779152,0.062375567622942434,2.5,timeout
long,2025-11-19T09:55:00.000000000,2025-11-19T10:00:00.077000000,2025-11-19T11:29:58.379000000,4113.77490234375,4064.5568255156786,8986.364508322818,4114.205078125,49.21807682807139,0.008740198906037923,0.43017578125,timeout
long,2025-11-21T16:50:00.000000000,2025-11-21T16:55:00.013000000,2025-11-21T18:24:59.976000000,4094.14501953125,4027.446647980273,10697.283803077957,4081.344970703125,66.69837155097684,-0.1919094654108918,-12.800048828125,timeout
long,2025-11-24T18:40:00.000000000,2025-11-24T18:45:00.367000000,2025-11-24T20:14:59.007000000,4113.0849609375,4070.93777884148,8285.655988443486,4121.7548828125,42.14718209602006,0.20570584897581318,8.669921875,timeout
long,2025-11-24T20:30:00.000000000,2025-11-24T20:35:00.058000000,2025-11-24T21:59:59.052000000,4129.52490234375,4089.6559939100657,8076.546837278494,4134.71923828125,39.86890843368428,0.1302853813050831,5.1943359375,timeout
long,2025-11-28T00:25:00.000000000,2025-11-28T00:30:00.272000000,2025-11-28T01:59:59.366000000,4171.10498046875,4152.81247761598,5982.062762892956,4190.955078125,18.292502852769758,1.0851493541379658,19.85009765625,timeout
long,2025-11-28T14:20:00.000000000,2025-11-28T14:25:00.278000000,2025-11-28T15:54:59.833000000,4198.90478515625,4154.763050120942,8568.936553651707,4199.634765625,44.14173503530765,0.0165371947470146,0.72998046875,timeout
long,2025-12-01T01:55:00.000000000,2025-12-01T02:00:00.015000000,2025-12-01T03:29:59.985000000,4255.9951171875,4190.7636513219395,10713.91023787799,4235.0048828125,65.2314658655605,-0.3217808169183267,-20.990234375,timeout
long,2025-12-03T13:45:00.000000000,2025-12-03T13:50:00.057000000,2025-12-03T15:19:59.612000000,4227.09521484375,4188.459929243936,8051.988489225323,4222.23486328125,38.63528559981387,-0.12580084466939764,-4.8603515625,timeout
long,2025-12-05T06:05:00.000000000,2025-12-05T06:10:00.119000000,2025-12-05T07:39:59.402000000,4227.15478515625,4200.7788132605465,6838.376002830898,4226.97509765625,26.375971895703515,-0.006812545172194015,-0.1796875,timeout
long,2025-12-11T00:10:00.000000000,2025-12-11T00:15:00.247000000,2025-12-11T01:44:59.995000000,4243.48486328125,4205.238363221493,8029.888369197166,4237.89501953125,38.24650005975673,-0.14615307913838835,-5.58984375,timeout
long,2025-12-11T14:40:00.000000000,2025-12-11T14:45:00.100000000,2025-12-11T16:14:59.436000000,4244.0751953125,4193.0409615823755,9296.464334594823,4255.84521484375,51.03423373012447,0.23062988646976387,11.77001953125,timeout
long,2025-12-11T16:45:00.000000000,2025-12-11T16:50:00.205000000,2025-12-11T18:19:59.662000000,4274.625,4213.552544287448,10320.798115542673,4283.98486328125,61.072455712552255,0.1532583416213647,9.35986328125,timeout
long,2025-12-12T07:05:00.000000000,2025-12-12T07:10:01.323000000,2025-12-12T08:39:59.001000000,4287.5751953125,4262.652706263104,6754.90161120271,4298.884765625,24.922489049396063,0.45378975952540584,11.3095703125,timeout
long,2025-12-12T09:00:00.000000000,2025-12-12T09:05:00.197000000,2025-12-12T10:34:59.990000000,4313.39501953125,4278.870501949315,7731.3222601427715,4322.80517578125,34.52451758193456,0.2725644530055359,9.41015625,timeout
long,2025-12-12T11:00:00.000000000,2025-12-12T11:05:00.135000000,2025-12-12T12:34:59.949000000,4333.81494140625,4290.6634554879,8605.812047322886,4330.0849609375,43.15148591834986,-0.08643921267990107,-3.72998046875,timeout
long,2025-12-15T05:35:00.000000000,2025-12-15T05:40:00.227000000,2025-12-15T07:09:57.598000000,4338.375,4307.629287563084,7382.200531254655,4341.81494140625,30.74571243691571,0.11188361347319885,3.43994140625,timeout
long,2025-12-16T14:15:00.000000000,2025-12-16T14:20:00.121000000,2025-12-16T15:49:59.943000000,4327.26513671875,4274.84181494304,9517.173992514046,4328.05517578125,52.423321775710065,0.015070373943111297,0.7900390625,timeout
long,2025-12-17T01:55:00.000000000,2025-12-17T02:00:00.471000000,2025-12-17T03:29:59.779000000,4327.125,4296.59324301427,7349.768941587247,4318.53515625,30.53175698572977,-0.2813412852072288,-8.58984375,timeout
long,2025-12-17T13:40:00.000000000,2025-12-17T13:45:00.086000000,2025-12-17T15:14:59.749000000,4338.72216796875,4300.263408075334,8146.139397416919,4342.7548828125,38.458759893415845,0.10485816118164544,4.03271484375,timeout
long,2025-12-21T23:45:00.000000000,2025-12-21T23:50:00.117000000,2025-12-22T01:19:59.740000000,4355.625,4328.189868786944,7071.702990092513,4361.4248046875,27.435131213055683,0.21140065423634716,5.7998046875,timeout
long,2025-12-22T01:40:00.000000000,2025-12-22T01:45:00.090000000,2025-12-22T03:14:59.668000000,4382.205078125,4335.474398382612,9008.542372621414,4386.34814453125,46.73067974238802,0.08865838094137429,4.14306640625,timeout
long,2025-12-22T05:25:00.000000000,2025-12-22T05:30:00.000000000,2025-12-22T06:59:59.873000000,4405.43505859375,4375.63543154454,7355.598136465575,4419.02490234375,29.799627049210358,0.4560407325755478,13.58984375,timeout
long,2025-12-22T13:05:00.000000000,2025-12-22T13:10:00.088000000,2025-12-22T14:39:59.912000000,4422.31494140625,4392.730126344427,7351.211632526733,4416.955078125,29.584815061823065,-0.1811694029538313,-5.35986328125,timeout
long,2025-12-22T23:10:00.000000000,2025-12-22T23:15:00.046000000,2025-12-23T00:44:59.495000000,4455.841796875,4426.809533588845,7330.035862204373,4468.2451171875,29.032263286155285,0.4272254005913075,12.4033203125,timeout
long,2025-12-23T01:00:00.000000000,2025-12-23T01:05:00.257000000,2025-12-23T02:34:59.782000000,4478.51513671875,4443.64266830379,7930.889509799807,4492.384765625,34.87246841496017,0.3977243234178392,13.86962890625,timeout
long,2025-12-23T19:00:00.000000000,2025-12-23T19:05:00.321000000,2025-12-23T20:34:59.787000000,4494.09521484375,4446.954537841193,9161.022238096884,4491.6650390625,47.14067700255691,-0.05155156726150087,-2.43017578125,timeout
long,2025-12-26T00:50:00.000000000,2025-12-26T00:55:00.019000000,2025-12-26T02:24:59.945000000,4517.47509765625,4471.194360803331,9099.26804609526,4503.18505859375,46.28073685291929,-0.3087686159343985,-14.2900390625,timeout
long,2026-01-02T03:10:00.000000000,2026-01-02T03:15:00.041000000,2026-01-02T04:44:59.877000000,4369.625,4327.734783222458,8516.756460976685,4375.09521484375,41.890216777542264,0.13058454370860723,5.47021484375,timeout
long,2026-01-05T00:20:00.000000000,2026-01-05T00:25:01.322000000,2026-01-05T01:54:59.933000000,4385.02490234375,4327.549596398201,10075.080190953084,4398.125,57.475305945548826,0.2279256706986618,13.10009765625,timeout
long,2026-01-05T15:00:00.000000000,2026-01-05T15:05:00.075000000,2026-01-05T16:34:59.941000000,4452.3251953125,4377.9657264352545,11813.912614159803,4444.89794921875,74.35946887724549,-0.099882990100576,-7.42724609375,timeout
long,2026-01-06T14:50:00.000000000,2026-01-06T14:55:00.142000000,2026-01-06T16:24:59.924000000,4488.365234375,4430.9870393151405,10168.806545301093,4481.59814453125,57.378195059859536,-0.11793835335339958,-6.76708984375,timeout
long,2026-01-08T20:25:00.000000000,2026-01-08T20:30:00.101000000,2026-01-08T21:59:59.839000000,4470.625,4432.408143570448,8254.093786525611,4477.55517578125,38.216856429551626,0.18133819546421828,6.93017578125,timeout
long,2026-01-11T23:00:00.000000000,2026-01-11T23:05:00.076000000,2026-01-12T00:34:59.864000000,4522.35205078125,4486.354150620139,8086.144166731231,4574.14794921875,35.99790016111092,1.4388588835927685,51.7958984375,timeout
long,2026-01-12T00:50:00.000000000,2026-01-12T00:55:00.095000000,2026-01-12T02:24:59.249000000,4599.93212890625,4523.998846479196,12117.327089184608,4567.044921875,75.93328242705411,-0.4331066164938062,-32.88720703125,timeout
long,2026-01-12T13:10:00.000000000,2026-01-12T13:15:00.106000000,2026-01-12T14:44:59.990000000,4607.1708984375,4564.061388007361,8875.0124310213,4604.044921875,43.10951043013938,-0.0725124579543942,-3.1259765625,timeout
long,2026-01-13T13:30:00.000000000,2026-01-13T13:35:00.062000000,2026-01-13T15:04:59.983000000,4614.06494140625,4563.288157703289,9640.966527999433,4618.9482421875,50.77678370296144,0.0961719200218897,4.88330078125,timeout
long,2026-01-18T23:15:00.000000000,2026-01-18T23:20:00.267000000,2026-01-19T00:49:59.721000000,4664.3017578125,4582.960611668631,12717.075226055538,4677.34814453125,81.34114614386908,0.16039098706175955,13.04638671875,timeout
long,2026-01-20T04:25:00.000000000,2026-01-20T04:30:00.183000000,2026-01-20T05:59:58.708000000,4686.30517578125,4658.194487421679,7469.2633233788,4714.14794921875,28.110688359571213,0.990469286321123,27.8427734375,timeout
long,2026-01-20T23:45:00.000000000,2026-01-20T23:50:00.110000000,2026-01-21T01:19:59.956000000,4778.76513671875,4738.336454591823,8781.204667284524,4812.8251953125,40.428682126927015,0.8424726407558244,34.06005859375,timeout
long,2026-01-22T15:50:00.000000000,2026-01-22T15:55:00.045000000,2026-01-22T17:24:59.959000000,4869.794921875,4791.514535556989,12619.553167358054,4887.60498046875,78.28038631801064,0.22751623275589644,17.81005859375,timeout
long,2026-01-22T17:40:00.000000000,2026-01-22T17:45:00.057000000,2026-01-22T19:14:59.674000000,4899.1650390625,4824.530178397487,12288.01624489875,4923.76513671875,74.63486066501264,0.32960599694375853,24.60009765625,timeout
long,2026-01-22T23:00:00.000000000,2026-01-22T23:05:00.294000000,2026-01-23T00:34:59.666000000,4953.0849609375,4897.471506338171,10458.816966271079,4949.64501953125,55.61345459932909,-0.06185448163638262,-3.43994140625,timeout
long,2026-01-23T16:25:00.000000000,2026-01-23T16:30:00.044000000,2026-01-23T17:59:59.963000000,4985.955078125,4910.453442830993,12460.616972231735,4965.52490234375,75.50163529400743,-0.27059249381412465,-20.43017578125,timeout
long,2026-01-25T23:00:00.000000000,2026-01-25T23:05:00.193000000,2026-01-26T00:34:59.656000000,5014.9521484375,4944.0630950092645,12032.96843783281,5045.9150390625,70.88905342823546,0.4367795749501055,30.962890625,timeout
long,2026-01-26T01:20:00.000000000,2026-01-26T01:25:00.174000000,2026-01-26T02:54:59.813000000,5069.59521484375,4988.502528302163,13097.771182460841,5086.0048828125,81.09268654158677,0.20235694078694294,16.40966796875,timeout
long,2026-01-26T06:45:00.000000000,2026-01-26T06:50:00.054000000,2026-01-26T08:19:59.869000000,5107.384765625,5024.0402108655235,13358.495686813176,5096.8349609375,83.34455475947652,-0.12658061127023365,-10.5498046875,timeout
long,2026-01-27T20:00:00.000000000,2026-01-27T20:05:00.008000000,2026-01-27T21:34:59.252000000,5119.39501953125,5055.862713814886,11409.0932854513,5175.03515625,63.532305716364135,0.8757770726463445,55.64013671875,timeout
long,2026-01-28T05:15:00.000000000,2026-01-28T05:20:01.668000000,2026-01-28T06:49:59.977000000,5258.01513671875,5194.176324944247,11578.057502394506,5261.97509765625,63.838811774502574,0.062030617854977384,3.9599609375,timeout
long,2026-01-28T07:45:00.000000000,2026-01-28T07:50:00.060000000,2026-01-28T09:19:59.959000000,5288.80517578125,5215.612194131477,12534.910359108795,5277.69482421875,73.19298164977317,-0.1517953130487673,-11.1103515625,timeout
long,2026-01-28T20:35:00.000000000,2026-01-28T20:40:00.060000000,2026-01-28T21:59:58.375000000,5376.794921875,5237.3469994717925,19182.13923979254,5414.5751953125,139.44792240320749,0.27092747447509485,37.7802734375,timeout
long,2026-01-28T23:15:00.000000000,2026-01-28T23:20:00.048000000,2026-01-29T00:49:59.967000000,5493.1748046875,5326.832522047324,21961.06078606489,5502.6748046875,166.34228264017565,0.057111155679821855,9.5,timeout
long,2026-02-03T07:35:00.000000000,2026-02-03T07:40:00.141000000,2026-02-03T09:09:59.962000000,4931.634765625,4788.848708530194,19067.45441801079,4918.7978515625,142.78605709480598,-0.08990313426735108,-12.8369140625,timeout
long,2026-02-04T01:05:00.000000000,2026-02-04T01:10:00.011000000,2026-02-04T02:39:59.991000000,5032.53515625,4869.281716160206,21194.6257251396,5043.34521484375,163.2534400897939,0.06621642145981223,10.81005859375,timeout
long,2026-02-08T23:00:00.000000000,2026-02-08T23:05:00.337000000,2026-02-09T00:34:59.954000000,4989.44189453125,4915.15875067112,12343.473136684092,5031.7080078125,74.28314386012971,0.5689865975628915,42.26611328125,timeout
long,2026-02-09T16:20:00.000000000,2026-02-09T16:25:00.018000000,2026-02-09T17:54:59.886000000,5074.68505859375,4992.866492460381,13174.723105797293,5054.6748046875,81.81856613336913,-0.2445686211810666,-20.01025390625,timeout
long,2026-02-11T10:40:00.000000000,2026-02-11T10:45:00.018000000,2026-02-11T12:14:59.767000000,5100.43505859375,5033.931138157776,11684.323181755142,5105.78515625,66.50392043597367,0.08044785361790484,5.35009765625,timeout
long,2026-02-18T04:05:00.000000000,2026-02-18T04:10:00.145000000,2026-02-18T05:39:58.838000000,4925.9951171875,4883.317763520088,9151.053130261269,4938.6748046875,42.67735366741181,0.2971057577471618,12.6796875,timeout
long,2026-02-18T12:55:00.000000000,2026-02-18T13:00:00.037000000,2026-02-18T14:29:59.998000000,4943.6650390625,4890.208429169539,10235.869418465623,4960.5751953125,53.45660989296084,0.3163342434894422,16.91015625,timeout
long,2026-02-18T14:50:00.000000000,2026-02-18T14:55:00.100000000,2026-02-18T16:24:59.249000000,4993.44482421875,4910.041775890524,13250.34660871311,4993.134765625,83.40304832822585,-0.003717593061224691,-0.31005859375,timeout
long,2026-02-19T06:00:00.000000000,2026-02-19T06:05:01.055000000,2026-02-19T07:34:56.599000000,5000.2451171875,4966.851557562741,8306.20752003867,5018.27490234375,33.39355962475929,0.5399180368564845,18.02978515625,timeout
long,2026-02-20T06:45:00.000000000,2026-02-20T06:50:00.521000000,2026-02-20T08:19:58.466000000,5030.21484375,4985.850310520213,9422.303633498954,5013.47509765625,44.36453322978741,-0.3773227142286382,-16.73974609375,timeout
long,2026-02-20T20:55:00.000000000,2026-02-20T21:00:00.086000000,2026-02-20T21:59:58.314000000,5097.251953125,5047.392788190095,10033.309281680555,5106.1689453125,49.859164934904584,0.17884359273048192,8.9169921875,timeout
long,2026-02-22T23:40:00.000000000,2026-02-22T23:45:00.184000000,2026-02-23T01:14:59.804000000,5159.2548828125,5082.951522862611,12713.287517851557,5147.1689453125,76.30335994988945,-0.1583932543460363,-12.0859375,timeout
long,2026-02-23T14:35:00.000000000,2026-02-23T14:40:00.046000000,2026-02-23T16:09:59.948000000,5184.375,5123.881800448459,11173.201755602538,5196.52490234375,60.49319955154078,0.20084740820161393,12.14990234375,timeout
long,2026-02-23T20:50:00.000000000,2026-02-23T20:55:00.077000000,2026-02-23T21:59:58.579000000,5234.544921875,5190.98774807337,9546.705128236339,5226.634765625,43.55717380162969,-0.1816039829862433,-7.91015625,timeout
long,2026-02-25T05:45:00.000000000,2026-02-25T05:50:00.174000000,2026-02-25T07:19:58.154000000,5209.77490234375,5154.094427641959,10722.141897821093,5186.56494140625,55.680474701791354,-0.41684200901313956,-23.2099609375,timeout
long,2026-02-27T13:05:00.000000000,2026-02-27T13:10:00.106000000,2026-02-27T14:39:59.978000000,5211.90478515625,5161.471172137067,10204.832474055387,5218.1748046875,50.43361301918321,0.12432223582445105,6.27001953125,timeout
long,2026-02-27T21:40:00.000000000,2026-02-27T21:45:00.073000000,2026-02-27T21:59:59.799000000,5275.130859375,5227.043859099011,10035.743886697945,5277.4189453125,48.08700027598934,0.04758221399479727,2.2880859375,timeout
long,2026-03-02T07:05:00.000000000,2026-03-02T07:10:00.059000000,2026-03-02T08:39:59.394000000,5401.3017578125,5331.72354922849,12289.544407629499,5408.998046875,69.5782085840101,0.11061349838013362,7.6962890625,timeout
long,2026-03-09T19:20:00.000000000,2026-03-09T19:25:00.063000000,2026-03-09T20:54:59.962000000,5140.40478515625,5072.277925222783,11884.963918569496,5134.85498046875,68.12685993346713,-0.08146279885672045,-5.5498046875,timeout
long,2026-03-10T01:55:00.000000000,2026-03-10T02:00:00.099000000,2026-03-10T03:29:59.247000000,5184.65478515625,5092.760653281135,14282.173840792626,5166.5048828125,91.89413187511491,-0.19750882862048152,-18.14990234375,timeout
long,2026-03-10T13:15:00.000000000,2026-03-10T13:20:00.055000000,2026-03-10T14:49:59.971000000,5214.73486328125,5141.828170875572,12432.497411443357,5206.544921875,72.90669240567786,-0.1123345626582311,-8.18994140625,timeout
long,2026-03-17T01:55:00.000000000,2026-03-17T02:00:00.011000000,2026-03-17T03:29:59.402000000,5028.3818359375,4976.46341250197,10168.30575605495,5032.3349609375,51.9184234355298,0.07614108323048042,3.953125,timeout
long,2026-03-20T03:15:00.000000000,2026-03-20T03:20:00.042000000,2026-03-20T04:49:57.506000000,4733.8017578125,4625.005104532595,15504.670432523057,4717.98486328125,108.7966532799046,-0.14538034079557,-15.81689453125,timeout
long,2026-03-20T08:20:00.000000000,2026-03-20T08:25:00.223000000,2026-03-20T09:54:59.514000000,4730.72509765625,4650.614596568965,12661.664705297488,4662.705078125,80.11050108728523,-0.8490774443807071,-68.02001953125,timeout
long,2026-03-24T20:20:00.000000000,2026-03-24T20:25:00.022000000,2026-03-24T20:59:58.191000000,4464.34521484375,4348.576940649991,15925.404360025868,4471.8349609375,115.76827419375877,0.0646960157772982,7.48974609375,timeout
long,2026-03-24T23:35:00.000000000,2026-03-24T23:40:00.074000000,2026-03-25T01:09:59.925000000,4546.9619140625,4415.619904825182,17549.820828556985,4575.748046875,131.34200923731805,0.21916927401717431,28.7861328125,timeout
long,2026-03-25T01:45:00.000000000,2026-03-25T01:50:00.015000000,2026-03-25T03:19:59.460000000,4596.98193359375,4493.231686475481,14868.256398302363,4576.0048828125,103.75024711826882,-0.202187959681074,-20.97705078125,timeout
long,2026-03-27T05:30:00.000000000,2026-03-27T05:35:00.208000000,2026-03-27T07:04:59.991000000,4459.9248046875,4402.465870267454,10148.359312272034,4451.1650390625,57.45893442004581,-0.15245262922843142,-8.759765625,timeout
long,2026-03-27T14:55:00.000000000,2026-03-27T15:00:00.030000000,2026-03-27T16:29:59.979000000,4510.46484375,4374.450522767059,17975.882621061177,4528.15478515625,136.01432098294117,0.13005940314526632,17.68994140625,timeout
long,2026-03-30T06:45:00.000000000,2026-03-30T06:50:00.152000000,2026-03-30T08:19:59.181000000,4546.625,4467.408430144863,12389.065415658573,4532.375,79.2165698551371,-0.17988660738604179,-14.25,timeout
long,2026-03-30T11:40:00.000000000,2026-03-30T11:45:00.028000000,2026-03-30T13:14:59.947000000,4566.80517578125,4484.242677604008,12740.492495328173,4565.72509765625,82.56249817724165,-0.013081945784650731,-1.080078125,timeout
long,2026-03-31T01:20:00.000000000,2026-03-31T01:25:00.100000000,2026-03-31T02:54:59.859000000,4585.60498046875,4461.067475997529,16914.817923119623,4570.115234375,124.53750447122093,-0.1243781635059942,-15.48974609375,timeout
long,2026-04-01T00:25:00.000000000,2026-04-01T00:30:00.148000000,2026-04-01T01:59:59.294000000,4722.40185546875,4637.714434919745,13106.45648982023,4692.52490234375,84.68742054900486,-0.35279092138261,-29.876953125,timeout
long,2026-04-01T23:15:00.000000000,2026-04-01T23:20:00.073000000,2026-04-02T00:49:59.951000000,4796.72216796875,4729.293246500483,11472.185393327154,4787.46484375,67.42892146826671,-0.13729011256848692,-9.25732421875,timeout
long,2026-04-07T22:00:00.000000000,2026-04-07T22:05:00.089000000,2026-04-07T23:34:59.714000000,4745.09521484375,4630.296663854684,16110.151762761276,4808.05810546875,114.79855098906592,0.5484641581494958,62.962890625,timeout
long,2026-04-07T23:55:00.000000000,2026-04-08T00:00:00.055000000,2026-04-08T01:29:59.971000000,4834.40185546875,4692.228027423456,18909.61083195283,4793.60498046875,142.1738280452937,-0.2869506684943655,-40.796875,timeout
long,2026-04-08T05:45:00.000000000,2026-04-08T05:50:00.458000000,2026-04-08T07:19:59.607000000,4832.0048828125,4770.5742577097435,10913.636767985394,4812.294921875,61.430625102756494,-0.3208491026182897,-19.7099609375,timeout
long,2026-04-09T11:45:00.000000000,2026-04-09T11:50:00.050000000,2026-04-09T13:19:59.661000000,4756.841796875,4708.571935676668,9535.558055509904,4753.14501953125,48.269861198332364,-0.07658562200045682,-3.69677734375,timeout
long,2026-04-09T13:40:00.000000000,2026-04-09T13:45:00.095000000,2026-04-09T15:14:59.947000000,4776.36181640625,4708.815264347602,11463.470470212367,4768.81494140625,67.54655205864765,-0.11172850086333624,-7.546875,timeout
long,2026-04-13T22:55:00.000000000,2026-04-13T23:00:00.085000000,2026-04-14T00:29:59.511000000,4758.77197265625,4717.107329650908,8883.571630185152,4762.19482421875,41.66464300534244,0.08215242746856383,3.4228515625,timeout
long,2026-04-14T07:05:00.000000000,2026-04-14T07:10:00.036000000,2026-04-14T08:39:59.860000000,4794.01513671875,4741.730994380721,9970.14522818359,4787.77783203125,52.28414233802869,-0.11929629919478126,-6.2373046875,timeout
long,2026-04-15T01:15:00.000000000,2026-04-15T01:20:00.156000000,2026-04-15T02:49:59.941000000,4864.56494140625,4795.402517628667,11711.644895386984,4827.205078125,69.16242377758317,-0.5401757376432349,-37.35986328125,timeout
long,2026-04-17T12:25:00.000000000,2026-04-17T12:30:00.133000000,2026-04-17T13:59:59.973000000,4817.52197265625,4766.863380644912,9832.722581778755,4880.1748046875,50.65859201133844,1.2367661544408302,62.65283203125,timeout
long,2026-04-30T06:55:00.000000000,2026-04-30T07:00:00.086000000,2026-04-30T08:29:59.995000000,4589.76513671875,4538.867371930007,9628.643850804325,4617.09814453125,50.89776478874319,0.5370178420594436,27.3330078125,timeout
long,2026-04-30T10:25:00.000000000,2026-04-30T10:30:00.070000000,2026-04-30T11:59:59.515000000,4644.21484375,4583.317461710583,10673.055665652253,4630.01513671875,60.8973820394167,-0.23317434273379828,-14.19970703125,timeout
long,2026-05-05T23:05:00.000000000,2026-05-05T23:10:00.044000000,2026-05-06T00:39:59.661000000,4580.1220703125,4532.113350945977,9332.985287598287,4608.15478515625,48.00871936652311,0.5839088235146187,28.03271484375,timeout
long,2026-05-06T00:55:00.000000000,2026-05-06T01:00:00.071000000,2026-05-06T02:29:59.804000000,4619.115234375,4568.72228099223,9608.017619269272,4629.78515625,50.39295338277043,0.21173440250572995,10.669921875,timeout
long,2026-05-06T02:50:00.000000000,2026-05-06T02:55:00.173000000,2026-05-06T04:24:59.580000000,4639.0849609375,4591.029004829352,9396.624615644168,4646.205078125,48.055956108148166,0.14816305332634394,7.1201171875,timeout
long,2026-05-06T08:50:00.000000000,2026-05-06T08:55:00.020000000,2026-05-06T10:24:59.852000000,4697.634765625,4636.286886221288,10771.074826592478,4701.125,61.347879403711886,0.056892502380266816,3.490234375,timeout
long,2026-05-07T06:30:00.000000000,2026-05-07T06:35:00.357000000,2026-05-07T08:04:59.842000000,4733.68505859375,4683.150119939179,9736.64398539631,4749.52490234375,50.534938654571306,0.313443415025639,15.83984375,timeout
long,2026-05-11T13:40:00.000000000,2026-05-11T13:45:00.015000000,2026-05-11T15:14:59.795000000,4744.01513671875,4669.130133104005,12157.630494578512,4728.28515625,74.88500361474507,-0.2100551473519956,-15.72998046875,timeout
long,2026-05-11T22:45:00.000000000,2026-05-11T22:50:00.451000000,2026-05-12T00:19:59.759000000,4752.1650390625,4716.312894560725,8301.527344738224,4770.81494140625,35.852144501775,0.5201893109302476,18.64990234375,timeout
long,2026-05-12T22:00:00.000000000,2026-05-12T22:05:00.103000000,2026-05-12T23:34:59.685000000,4720.544921875,4686.939497424293,8047.481942494971,4718.7548828125,33.60542445070678,-0.05326637266925972,-1.7900390625,timeout
long,2026-05-18T23:10:00.000000000,2026-05-18T23:15:00.029000000,2026-05-19T00:44:57.942000000,4586.15478515625,4548.740343348604,8290.184524113178,4570.59521484375,37.414441807645744,-0.4158707055552105,-15.5595703125,timeout
long,2026-05-21T17:50:00.000000000,2026-05-21T17:55:00.049000000,2026-05-21T19:24:59.431000000,4556.98486328125,4491.138217133105,11075.802831947589,4539.28515625,65.84664614814483,-0.26880195221224146,-17.69970703125,timeout
long,2026-05-24T22:30:00.000000000,2026-05-24T22:35:00.280000000,2026-05-25T00:04:59.008000000,4559.3818359375,4499.3229477033165,10505.21177112167,4568.65478515625,60.05888823418354,0.15439761692878196,9.27294921875,timeout
long,2026-05-25T10:10:00.000000000,2026-05-25T10:15:00.537000000,2026-05-25T11:44:59.507000000,4572.4521484375,4545.045958971693,7285.6649055524,4574.30517578125,27.406189465807074,0.0676134617715426,1.85302734375,timeout
long,2026-05-28T14:10:00.000000000,2026-05-28T14:15:00.045000000,2026-05-28T15:44:59.858000000,4464.77490234375,4359.477001916883,14889.26704460361,4479.05517578125,105.29790042686727,0.13561783643937042,14.2802734375,timeout
long,2026-05-28T16:15:00.000000000,2026-05-28T16:20:00.091000000,2026-05-28T17:49:58.579000000,4497.5419921875,4422.815734091905,11895.441543651392,4508.34814453125,74.72625809559486,0.1446098415623333,10.80615234375,timeout
long,2026-05-29T01:15:00.000000000,2026-05-29T01:20:00.133000000,2026-05-29T02:49:59.666000000,4519.115234375,4469.663975717027,9414.789841514335,4506.0751953125,49.451258657973085,-0.2636947858636059,-13.0400390625,timeout
long,2026-05-29T15:00:00.000000000,2026-05-29T15:05:00.019000000,2026-05-29T16:34:59.946000000,4578.7822265625,4483.099613953798,14051.360874823966,4568.544921875,95.68261260870167,-0.10699231979968937,-10.2373046875,timeout
long,2026-06-02T04:45:00.000000000,2026-06-02T04:50:00.436000000,2026-06-02T06:19:59.306000000,4513.09521484375,4470.815565888757,8698.780461388038,4519.97509765625,42.27964895499281,0.16272327189432717,6.8798828125,timeout
long,2026-06-02T07:10:00.000000000,2026-06-02T07:15:00.101000000,2026-06-02T08:44:59.490000000,4540.3720703125,4496.211840421723,8912.234829499459,4528.59814453125,44.16022989077737,-0.2666183081557943,-11.77392578125,timeout
long,2026-06-04T11:45:00.000000000,2026-06-04T11:50:00.015000000,2026-06-04T13:19:59.703000000,4501.47509765625,4441.851088146198,10404.2520391514,4507.5751953125,59.62400951005202,0.10230941706833023,6.10009765625,timeout
long,2026-06-11T17:40:00.000000000,2026-06-11T17:45:00.003000000,2026-06-11T19:14:59.908000000,4167.27197265625,4046.703312684769,16103.569309832857,4188.0380859375,120.56865997148088,0.17223475226615262,20.76611328125,timeout
long,2026-06-11T19:30:00.000000000,2026-06-11T19:35:00.082000000,2026-06-11T20:59:59.770000000,4215.39501953125,4103.983517502269,15245.133720400367,4212.0048828125,111.41150202898098,-0.030428965205658378,-3.39013671875,timeout
long,2026-06-11T22:45:00.000000000,2026-06-11T22:50:00.070000000,2026-06-12T00:19:59.456000000,4232.57177734375,4161.397457320966,11278.82945959935,4216.1748046875,71.17432002278383,-0.23037765097019705,-16.39697265625,timeout
long,2026-06-12T08:15:00.000000000,2026-06-12T08:20:00.097000000,2026-06-12T09:49:59.753000000,4218.51513671875,4140.309531056114,11960.870097319726,4223.7451171875,78.20560566263612,0.06687475180885531,5.22998046875,timeout
long,2026-06-14T22:00:00.000000000,2026-06-14T22:05:00.055000000,2026-06-14T23:34:58.785000000,4302.205078125,4210.994555739057,13332.046794333313,4284.2451171875,91.21052238594257,-0.19690667773511186,-17.9599609375,timeout
long,2026-06-15T00:10:00.000000000,2026-06-15T00:15:00.089000000,2026-06-15T01:44:59.884000000,4300.53515625,4247.910799766302,9510.346448136075,4317.56494140625,52.62435648369774,0.3236103259813843,17.02978515625,timeout
long,2026-06-15T02:10:00.000000000,2026-06-15T02:15:00.402000000,2026-06-15T03:44:58.535000000,4327.22509765625,4260.5790748876725,10925.181351745421,4323.02490234375,66.6460227685775,-0.06302244512151628,-4.2001953125,timeout
long,2026-06-15T08:30:00.000000000,2026-06-15T08:35:00.063000000,2026-06-15T10:04:58.069000000,4343.78515625,4287.766213902221,9889.660448680086,4335.69482421875,56.01894234777865,-0.1444213634206682,-8.09033203125,timeout
long,2026-06-16T08:55:00.000000000,2026-06-16T09:00:00.088000000,2026-06-16T10:29:59.493000000,4347.35498046875,4307.457187259476,8297.236508186867,4344.1650390625,39.897793209273914,-0.07995282820575962,-3.18994140625,timeout
long,2026-06-17T14:20:00.000000000,2026-06-17T14:25:00.065000000,2026-06-17T15:54:59.487000000,4358.60498046875,4301.944301753327,9968.012173295654,4358.625,56.66067871542327,0.0003533231811526218,0.02001953125,timeout
long,2026-06-26T14:15:00.000000000,2026-06-26T14:20:00.024000000,2026-06-26T15:49:59.904000000,4089.074951171875,4004.1390788321955,12497.726312800141,4094.445068359375,84.93587233967946,0.06322554934178552,5.3701171875,timeout
long,2026-07-01T11:40:00.000000000,2026-07-01T11:45:00.116000000,2026-07-01T13:14:59.836000000,4029.824951171875,3975.018932579339,9455.620791832942,4021.10498046875,54.80601859253602,-0.15910607862167467,-8.719970703125,timeout
long,2026-07-01T13:35:00.000000000,2026-07-01T13:40:00.020000000,2026-07-01T15:09:59.834000000,4071.77490234375,3979.420652862243,13214.845601012938,4084.0849609375,92.35424948150694,0.13329173982638418,12.31005859375,timeout
long,2026-07-02T12:30:00.000000000,2026-07-02T12:35:00.095000000,2026-07-02T14:04:59.957000000,4127.544921875,4037.1058519958965,13081.012839906247,4130.03515625,90.4390698791035,0.027534940135152626,2.490234375,timeout
long,2026-07-03T01:00:00.000000000,2026-07-03T01:05:00.119000000,2026-07-03T02:34:59.920000000,4161.375,4101.538648752264,10085.17377352589,4180.47509765625,59.836351247736275,0.31920558753944067,19.10009765625,timeout
long,2026-07-05T22:00:00.000000000,2026-07-05T22:05:00.099000000,2026-07-05T23:34:59.839000000,4181.5849609375,4145.818042570409,7722.509879279551,4194.6748046875,35.76691836709142,0.3659762805297691,13.08984375,timeout
long,2026-07-09T06:25:00.000000000,2026-07-09T06:30:00.114000000,2026-07-09T07:59:59.949000000,4102.65478515625,4044.677885067008,9842.36789399121,4107.6748046875,57.97690008924201,0.0865865460816781,5.02001953125,timeout
long,2026-07-14T12:30:00.000000000,2026-07-14T12:35:00.042000000,2026-07-14T14:04:59.948000000,4096.19482421875,4004.8258292744586,13141.725323703602,4073.875,91.36899494429144,-0.24428225605807102,-22.31982421875,timeout
long,2026-07-15T12:55:00.000000000,2026-07-15T13:00:00.107000000,2026-07-15T14:29:59.957000000,4068.7451171875,4016.428656219406,9248.074753028797,4058.175048828125,52.31646096809391,-0.20204096691137685,-10.570068359375,timeout
long,2026-07-15T18:25:00.000000000,2026-07-15T18:30:00.009000000,2026-07-15T19:59:59.899000000,4074.72509765625,4025.283476020731,8969.445639572623,4056.824951171875,49.44162163551891,-0.3620461039149152,-17.900146484375,timeout
long,2026-07-21T01:15:00.000000000,2026-07-21T01:20:00.037000000,2026-07-21T02:49:59.820000000,4034.675048828125,3986.164451909181,8837.224143803578,4033.7451171875,48.510596918943975,-0.019169659820488634,-0.929931640625,timeout
long,2026-07-21T05:30:00.000000000,2026-07-21T05:35:00.133000000,2026-07-21T07:04:59.561000000,4060.114990234375,4023.0723204562883,7727.339298264963,4077.294921875,37.04266977808675,0.4637876196166642,17.179931640625,timeout
long,2026-07-22T00:10:00.000000000,2026-07-22T00:15:00.601000000,2026-07-22T01:44:59.680000000,4092.635009765625,4061.785910928331,7146.695794657746,4121.39501953125,30.84909883729415,0.9322803858003267,28.760009765625,timeout
long,2026-07-22T02:30:00.000000000,2026-07-22T02:35:00.022000000,2026-07-22T04:04:59.930000000,4130.46484375,4079.568113505844,9169.24113792145,4128.0751953125,50.89673024415606,-0.04695092250595761,-2.3896484375,timeout
long,2026-07-22T14:00:00.000000000,2026-07-22T14:05:00.000000000,2026-07-22T15:34:59.980000000,4156.81494140625,4093.2597295029486,10448.780919833085,4156.5849609375,63.55521190330137,-0.003618593375157226,-0.22998046875,timeout
long,2026-07-26T22:00:00.000000000,2026-07-26T22:05:00.069000000,2026-07-26T23:34:57.707000000,4090.054931640625,4037.3685915916503,9306.002596489117,4086.14501953125,52.68634004897467,-0.07421111631099322,-3.909912109375,timeout
long,2026-07-27T00:00:00.000000000,2026-07-27T00:05:00.157000000,2026-07-27T01:34:59.939000000,4102.46484375,4061.456279471676,8162.312707304054,4100.044921875,41.008564278323774,-0.059010158428763074,-2.419921875,timeout
long,2026-08-04T00:05:00.000000000,2026-08-04T00:10:00.236000000,2026-08-04T01:39:59.714000000,4067.764892578125,4036.973681394159,7116.094799790756,4052.405029296875,30.79121118396597,-0.498839204131353,-15.35986328125,timeout
long,2026-08-04T11:40:00.000000000,2026-08-04T11:45:00.009000000,2026-08-04T13:14:59.857000000,4069.905029296875,4029.4954268700367,8070.455669553869,4063.68505859375,40.40960242683832,-0.15392308584045764,-6.219970703125,timeout
long,2026-08-05T01:55:00.000000000,2026-08-05T02:00:00.051000000,2026-08-05T03:29:59.955000000,4101.96484375,4063.1208050296764,7947.524677062039,4130.19482421875,38.844038720323624,0.7267519392616547,28.22998046875,timeout
long,2026-08-05T04:05:00.000000000,2026-08-05T04:10:00.196000000,2026-08-05T05:39:59.995000000,4139.56494140625,4094.8070397799092,8570.597202413985,4151.84521484375,44.757901626340754,0.2743710717276535,12.2802734375,timeout
long,2026-08-05T06:10:00.000000000,2026-08-05T06:15:00.054000000,2026-08-05T07:44:58.472000000,4173.5751953125,4112.223043392304,10247.43823541189,4166.44482421875,61.352151920195865,-0.11622039114495719,-7.13037109375,timeout
long,2026-08-05T11:25:00.000000000,2026-08-05T11:30:00.080000000,2026-08-05T12:59:59.872000000,4176.56494140625,4133.978513250464,8392.62132882907,4183.69482421875,42.58642815578605,0.16742147959481524,7.1298828125,timeout
long,2026-08-05T23:30:00.000000000,2026-08-05T23:35:00.572000000,2026-08-06T01:04:59.621000000,4265.6650390625,4230.659720509984,7731.191575761559,4292.544921875,35.005318552515746,0.7678799657878905,26.8798828125,timeout
long,2026-08-07T08:30:00.000000000,2026-08-07T08:35:00.017000000,2026-08-07T10:04:59.892000000,4314.44482421875,4259.297944856227,9773.985881108494,4317.2451171875,55.14687936252267,0.050778811079073574,2.80029296875,timeout
long,2026-08-07T12:30:00.000000000,2026-08-07T12:35:00.091000000,2026-08-07T14:04:59.651000000,4359.634765625,4267.74453985468,13456.76711688671,4333.44482421875,91.89022577032028,-0.2850133535607126,-26.18994140625,timeout
long,2026-08-10T18:30:00.000000000,2026-08-10T18:35:00.140000000,2026-08-10T20:04:54.316000000,4379.96484375,4336.846854824682,8648.645747356488,4388.27490234375,43.11798892531806,0.19272834380433018,8.31005859375,timeout
long,2026-08-10T22:50:00.000000000,2026-08-10T22:55:00.980000000,2026-08-11T00:24:59.727000000,4399.9150390625,4372.1181287060635,7151.809164349709,4412.05517578125,27.796910356436456,0.4367441044014777,12.14013671875,timeout
long,2026-08-12T02:10:00.000000000,2026-08-12T02:15:00.050000000,2026-08-12T03:44:59.467000000,4402.18505859375,4358.054655547726,8771.094960150145,4401.125,44.130403046024185,-0.024021049448482282,-1.06005859375,timeout
long,2026-08-12T09:20:00.000000000,2026-08-12T09:25:00.081000000,2026-08-12T10:54:58.278000000,4424.134765625,4384.548058765164,8343.218744748798,4410.4248046875,39.58670685983634,-0.3463273918197468,-13.7099609375,timeout
long,2026-08-13T00:00:00.000000000,2026-08-13T00:05:00.518000000,2026-08-13T01:34:58.749000000,4416.68505859375,4389.793413495134,7078.957923356755,4428.0048828125,26.89164509861621,0.42094205011401464,11.31982421875,timeout
long,2026-08-14T11:50:00.000000000,2026-08-14T11:55:00.008000000,2026-08-14T13:24:59.896000000,4367.5048828125,4334.643481296843,7620.783632862566,4385.2548828125,32.861401515657235,0.5401473820750702,17.75,timeout
long,2026-08-17T01:00:00.000000000,2026-08-17T01:05:00.035000000,2026-08-17T02:34:59.855000000,4408.28515625,4357.377826749395,9448.110776809859,4392.5849609375,50.90732950060465,-0.30840736425416937,-15.7001953125,timeout
long,2026-08-17T14:15:00.000000000,2026-08-17T14:20:00.082000000,2026-08-17T15:49:59.779000000,4419.01513671875,4354.484105620214,10807.587215473814,4423.52490234375,64.531031098536,0.06988522495656066,4.509765625,timeout
long,2026-08-19T12:30:00.000000000,2026-08-19T12:35:00.102000000,2026-08-19T14:04:58.994000000,4384.9150390625,4339.742314795565,8857.014741489054,4460.10498046875,45.17272426693489,1.6644987130272952,75.18994140625,timeout
long,2026-08-20T14:50:00.000000000,2026-08-20T14:55:00.097000000,2026-08-20T16:24:58.919000000,4510.26513671875,4436.098190961562,11852.792766680355,4511.5849609375,74.16694575718793,0.017795315760620874,1.31982421875,timeout
long,2026-08-21T09:05:00.000000000,2026-08-21T09:10:00.123000000,2026-08-21T10:39:59.862000000,4595.84521484375,4540.730007851818,10052.250707044988,4593.4150390625,55.1152069919317,-0.044092654530096434,-2.43017578125,timeout
long,2026-08-24T02:10:00.000000000,2026-08-24T02:15:00.157000000,2026-08-24T03:44:59.222000000,4650.9150390625,4562.600495751205,13394.054826880703,4642.77490234375,88.31454331129498,-0.09217209774903425,-8.14013671875,timeout
long,2026-08-24T22:55:00.000000000,2026-08-24T23:00:00.074000000,2026-08-25T00:29:59.922000000,4669.73486328125,4638.478414657719,7764.123277010775,4682.01513671875,31.25644862353056,0.39288767528935237,12.2802734375,timeout
long,2026-08-25T19:15:00.000000000,2026-08-25T19:20:00.027000000,2026-08-25T20:49:59.297000000,4666.80517578125,4624.463567093559,8858.6244358627,4660.9248046875,42.341608687691405,-0.13887925555977773,-5.88037109375,timeout
long,2026-09-02T13:30:00.000000000,2026-09-02T13:35:00.094000000,2026-09-02T15:04:59.996000000,4365.3349609375,4293.853132218256,11442.03600414264,4377.39501953125,71.48182871924382,0.16871502603994346,12.06005859375,timeout
long,2026-09-03T03:10:00.000000000,2026-09-03T03:15:00.012000000,2026-09-03T04:44:59.801000000,4429.3349609375,4378.8868653901045,9423.696420129654,4437.884765625,50.448095547395496,0.16947725369469183,8.5498046875,timeout
long,2026-09-03T12:00:00.000000000,2026-09-03T12:05:00.762000000,2026-09-03T13:34:59.824000000,4448.4248046875,4402.866852852165,8958.662036385684,4477.55517578125,45.55795183533519,0.6394135363907252,29.13037109375,timeout
long,2026-09-03T15:15:00.000000000,2026-09-03T15:20:00.116000000,2026-09-03T16:49:59.990000000,4510.46484375,4420.017271118532,13464.7745342653,4488.71484375,90.44757263146766,-0.24047079835543253,-21.75,timeout
long,2026-09-04T07:45:00.000000000,2026-09-04T07:50:00.305000000,2026-09-04T09:19:59.126000000,4488.14501953125,4443.332916210731,8924.543248262618,4466.794921875,44.81210332051887,-0.47643596426490586,-21.35009765625,timeout
long,2026-09-07T23:40:00.000000000,2026-09-07T23:45:00.029000000,2026-09-08T01:14:59.832000000,4427.81494140625,4393.9287226953675,7782.550593783621,4428.205078125,33.88621871088253,0.011513138189853798,0.39013671875,timeout
long,2026-09-09T06:00:00.000000000,2026-09-09T06:05:00.137000000,2026-09-09T07:34:59.920000000,4403.7548828125,4364.567116636757,8283.343734211016,4407.1650390625,39.18776617574258,0.08702094002262634,3.41015625,timeout
long,2026-09-09T13:20:00.000000000,2026-09-09T13:25:00.076000000,2026-09-09T14:54:59.709000000,4428.23486328125,4373.588424837826,9838.232269180216,4419.134765625,54.646438443423904,-0.16652682069429717,-9.10009765625,timeout
long,2026-09-16T02:50:00.000000000,2026-09-16T02:55:00.142000000,2026-09-16T04:24:48.453000000,4317.47509765625,4265.880238946568,9425.36610991475,4326.40478515625,51.59485870968183,0.1730732038679725,8.9296875,timeout
long,2026-09-17T07:30:00.000000000,2026-09-17T07:35:00.164000000,2026-09-17T09:04:59.986000000,4332.96484375,4282.373518573259,9341.50603624732,4314.375,50.59132517674061,-0.36745121194308406,-18.58984375,timeout
long,2026-09-17T11:05:00.000000000,2026-09-17T11:10:00.106000000,2026-09-17T12:39:59.579000000,4336.48486328125,4292.132936370818,8727.325627413993,4369.19482421875,44.35192691043176,0.7375093533942148,32.7099609375,timeout
long,2026-09-18T17:05:00.000000000,2026-09-18T17:10:00.088000000,2026-09-18T18:39:59.871000000,4387.4951171875,4337.248068872744,9361.952900348373,4384.69482421875,50.247048314756285,-0.05573049686836281,-2.80029296875,timeout
long,2026-09-22T18:05:00.000000000,2026-09-22T18:10:00.041000000,2026-09-22T19:39:59.885000000,4357.955078125,4307.263797672471,9376.39184292538,4369.31494140625,50.6912804525291,0.22409896100155094,11.35986328125,timeout
long,2026-09-25T01:10:00.000000000,2026-09-25T01:15:00.253000000,2026-09-25T02:44:59.839000000,4290.44482421875,4250.4346568476785,8251.451393954827,4285.48486328125,40.010167371071475,-0.12396751284490246,-4.9599609375,timeout
long,2026-09-29T11:20:00.000000000,2026-09-29T11:25:00.084000000,2026-09-29T12:54:59.558000000,4160.884765625,4129.698894560321,7248.286001028251,4151.625,31.185871064679304,-0.29692182096806924,-9.259765625,timeout
long,2026-09-30T07:20:00.000000000,2026-09-30T07:25:00.204000000,2026-09-30T08:54:59.941000000,4201.44482421875,4155.974236667124,8703.032991829685,4194.23486328125,45.47058755162561,-0.15856317953477242,-7.2099609375,timeout
long,2026-09-30T12:30:00.000000000,2026-09-30T12:35:00.068000000,2026-09-30T14:04:59.929000000,4215.51513671875,4155.401266484455,10166.788289913962,4178.52490234375,60.113870234295064,-0.6153360984882489,-36.990234375,timeout
long,2026-10-01T05:25:00.000000000,2026-10-01T05:30:00.097000000,2026-10-01T06:59:59.902000000,4187.43505859375,4159.285191257174,6974.271924914762,4181.5751953125,28.14986733657588,-0.20816663933744803,-5.85986328125,timeout
long,2026-10-02T12:30:00.000000000,2026-10-02T12:35:00.097000000,2026-10-02T14:04:59.968000000,4223.03515625,4148.629209720778,11589.223862642986,4193.625,74.40594652922209,-0.39526620682729297,-29.41015625,timeout
