entry_time,dir,r,exit_time,reason,risk
2019-01-11 14:30:00+00:00,1,0.09784153827233225,2019-01-11 18:29:00+00:00,3,8.135813498729503
2019-01-14 13:45:00+00:00,1,0.18598478661551018,2019-01-14 17:44:00+00:00,3,7.704842016997516
2019-01-15 08:15:00+00:00,1,0.46303913381131806,2019-01-15 12:14:00+00:00,3,4.850500779924795
2019-01-17 13:15:00+00:00,1,-0.24639704496164658,2019-01-17 17:14:00+00:00,3,4.115463665951603
2019-01-18 09:30:00+00:00,1,-0.393754827895096,2019-01-18 13:29:00+00:00,3,6.283095083970936
2019-01-23 13:30:00+00:00,1,0.6031758101396762,2019-01-23 17:29:00+00:00,3,4.967198119742568
2019-02-07 02:00:00+00:00,1,-0.038437475027620356,2019-02-07 05:59:00+00:00,3,5.986411409624415
2019-02-11 09:00:00+00:00,1,-0.8068707736331117,2019-02-11 12:59:00+00:00,3,4.362556739290908
2019-02-14 09:00:00+00:00,1,-0.3015695539746052,2019-02-14 12:59:00+00:00,3,5.305494420276364
2019-02-20 19:15:00+00:00,1,-0.15199721738766794,2019-02-20 21:59:00+00:00,4,8.684819249079895
2019-02-28 01:45:00+00:00,1,0.15961796083285143,2019-02-28 05:44:00+00:00,3,5.387773074378883
2019-03-04 06:00:00+00:00,1,-1.0000000000000198,2019-03-04 08:41:00+00:00,1,5.0611143541592725
2019-03-05 07:30:00+00:00,1,-0.1789912455310202,2019-03-05 11:29:00+00:00,3,4.788254651895628
2019-03-15 00:45:00+00:00,1,0.7279729336355765,2019-03-15 04:44:00+00:00,3,4.13880697195437
2019-03-21 11:00:00+00:00,1,-0.8419439442049791,2019-03-21 14:59:00+00:00,3,5.911235237444526
2019-03-27 13:45:00+00:00,1,-0.21478144954350642,2019-03-27 17:44:00+00:00,3,9.809662790841799
2019-03-28 13:15:00+00:00,1,-0.2800967879927452,2019-03-28 17:14:00+00:00,3,10.449966149561174
2019-04-01 06:15:00+00:00,1,-0.01046808324093562,2019-04-01 10:14:00+00:00,3,5.445775948224579
2019-04-04 12:45:00+00:00,1,0.6390587883309861,2019-04-04 16:44:00+00:00,3,7.088595571474675
2019-04-16 13:15:00+00:00,1,-0.20564283896589375,2019-04-16 17:14:00+00:00,3,9.127841284197679
2019-05-02 06:15:00+00:00,1,-0.14725826219341448,2019-05-02 10:14:00+00:00,3,4.984499872057607
2019-05-03 07:15:00+00:00,1,-0.0918122076488912,2019-05-03 11:14:00+00:00,3,4.650818927674013
2019-05-06 12:30:00+00:00,1,0.30423559999914684,2019-05-06 16:29:00+00:00,3,5.804682985628415
2019-05-15 06:45:00+00:00,1,1.0511047581943544,2019-05-15 10:44:00+00:00,3,4.353562067922221
2019-05-21 11:30:00+00:00,1,0.10476478020542498,2019-05-21 15:29:00+00:00,3,4.897271033561834
2019-05-28 12:30:00+00:00,1,0.08229507696656935,2019-05-28 16:29:00+00:00,3,6.634910956269103
2019-06-09 22:15:00+00:00,1,-0.5519917411833818,2019-06-10 02:14:00+00:00,3,10.043750602005218
2019-06-11 06:45:00+00:00,1,-0.9999999999999849,2019-06-11 09:01:00+00:00,1,4.71424957300799
2019-06-28 13:45:00+00:00,1,0.1756698131186088,2019-06-28 17:44:00+00:00,3,12.387019442866888
2019-06-30 22:15:00+00:00,1,-0.08298597868467866,2019-07-01 02:14:00+00:00,3,18.16065921029194
2019-07-05 06:15:00+00:00,1,0.053986835256969484,2019-07-05 10:14:00+00:00,3,9.55772288709751
2019-07-05 12:45:00+00:00,1,-0.04925270604792624,2019-07-05 16:44:00+00:00,3,17.948926547604824
2019-07-15 12:45:00+00:00,1,0.09492571610461553,2019-07-15 16:44:00+00:00,3,8.700779601860082
2019-07-23 01:15:00+00:00,1,-0.20479129184224168,2019-07-23 05:14:00+00:00,3,7.50513994448308
2019-07-31 01:15:00+00:00,1,0.18352533135785898,2019-07-31 05:14:00+00:00,3,5.138218016475026
2019-08-09 12:15:00+00:00,1,0.23829437792451796,2019-08-09 16:14:00+00:00,3,8.951351094404192
2019-08-12 06:45:00+00:00,1,1.562109212423274,2019-08-12 10:44:00+00:00,3,8.213304180632104
2019-08-15 06:45:00+00:00,1,0.618306831435635,2019-08-15 10:44:00+00:00,3,15.429098478561116
2019-08-19 08:15:00+00:00,1,-0.3898487228606215,2019-08-19 12:14:00+00:00,3,11.388882779121904
2019-08-26 07:15:00+00:00,1,-0.03705482159716109,2019-08-26 11:14:00+00:00,3,19.429879084349974
2019-08-28 02:15:00+00:00,1,0.274833812020123,2019-08-28 06:14:00+00:00,3,10.56257991047313
2019-09-06 07:00:00+00:00,1,0.06640446916063728,2019-09-06 10:59:00+00:00,3,13.448890075299104
2019-09-09 15:00:00+00:00,1,0.1616296445379901,2019-09-09 18:59:00+00:00,3,14.681247437438728
2019-09-18 18:15:00+00:00,1,-0.24795493694925552,2019-09-18 20:59:00+00:00,4,15.982794067631485
2019-09-20 11:45:00+00:00,1,0.32275470450585675,2019-09-20 15:44:00+00:00,3,7.8169246908815175
2019-09-25 14:45:00+00:00,1,-0.9999999999999998,2019-09-25 16:04:00+00:00,1,14.1497920292984
2019-09-27 06:45:00+00:00,1,-1.0000000000000069,2019-09-27 10:42:00+00:00,1,8.670066635072484
2019-09-30 15:30:00+00:00,1,0.17636878051899565,2019-09-30 19:29:00+00:00,3,19.578311532950682
2019-10-04 13:00:00+00:00,1,0.5990532370509624,2019-10-04 16:59:00+00:00,3,19.180452744486246
2019-10-07 07:30:00+00:00,1,-0.31170095692347505,2019-10-07 11:29:00+00:00,3,8.844881437079945
2019-10-15 13:15:00+00:00,1,-1.000000000000009,2019-10-15 15:02:00+00:00,1,11.297607777283371
2019-10-16 06:30:00+00:00,1,0.5620531855915264,2019-10-16 10:29:00+00:00,3,7.211023119385916
2019-10-24 07:30:00+00:00,1,0.21199054647094986,2019-10-24 11:29:00+00:00,3,6.476349193597833
2019-10-28 13:00:00+00:00,1,-0.5584673374536633,2019-10-28 16:59:00+00:00,3,9.753299877657458
2019-10-29 10:45:00+00:00,1,0.00032385395641411883,2019-10-29 14:44:00+00:00,3,9.046323016828447
2019-10-30 18:30:00+00:00,1,0.6183668196810853,2019-10-30 20:59:00+00:00,4,10.419370766667898
2019-11-07 07:30:00+00:00,1,-0.5967329178787425,2019-11-07 11:29:00+00:00,3,6.569176641448599
2019-11-07 15:45:00+00:00,1,-0.46141277965156485,2019-11-07 19:44:00+00:00,3,14.86073619141629
2019-11-11 15:15:00+00:00,1,0.20103185527621925,2019-11-11 19:14:00+00:00,3,11.222009776573792
2019-11-12 05:45:00+00:00,1,-1.0000000000000213,2019-11-12 06:28:00+00:00,1,4.838514000934207
2019-11-24 23:15:00+00:00,1,0.07191747174046198,2019-11-25 03:14:00+00:00,3,6.478848206650081
2019-11-25 06:00:00+00:00,1,0.13735582105105984,2019-11-25 09:59:00+00:00,3,4.951036699672894
2019-11-27 13:45:00+00:00,1,0.20484694104529214,2019-11-27 17:44:00+00:00,3,7.107416931676758
2019-11-29 13:15:00+00:00,1,2.000000000000013,2019-11-29 16:33:00+00:00,2,5.0508343444219825
2019-12-02 08:30:00+00:00,1,0.34978281583150544,2019-12-02 12:29:00+00:00,3,6.212351020294969
2019-12-06 06:15:00+00:00,1,0.263824977801957,2019-12-06 10:14:00+00:00,3,4.408088562639778
2020-01-06 15:30:00+00:00,1,-0.1547467627665935,2020-01-06 19:29:00+00:00,3,15.42496171131726
2020-01-07 02:00:00+00:00,1,0.3840971747768044,2020-01-07 05:59:00+00:00,3,11.247331777135187
2020-01-09 06:30:00+00:00,1,-0.3715833786718375,2020-01-09 10:29:00+00:00,3,11.967762121842298
2020-01-14 00:00:00+00:00,1,-1.000000000000006,2020-01-14 01:14:00+00:00,1,6.999082992777815
2020-01-16 05:45:00+00:00,1,0.21138944639159118,2020-01-16 09:44:00+00:00,3,5.440311395357562
2020-01-21 08:00:00+00:00,1,-0.4417856847065621,2020-01-21 11:59:00+00:00,3,9.228516242882556
2020-01-28 12:15:00+00:00,1,-0.49526523980999615,2020-01-28 16:14:00+00:00,3,8.762912216446862
2020-02-03 07:30:00+00:00,1,0.3240202642118944,2020-02-03 11:29:00+00:00,3,11.01766365676413
2020-02-07 06:30:00+00:00,1,0.8039608752118602,2020-02-07 10:29:00+00:00,3,6.176997670211676
2020-02-12 05:45:00+00:00,1,0.06413344479422985,2020-02-12 09:44:00+00:00,3,5.1924204846386335
2020-02-17 08:00:00+00:00,1,0.0,2020-02-17 11:59:00+00:00,3,4.914719475011864
2020-02-28 15:45:00+00:00,1,0.021014694702133702,2020-02-28 19:44:00+00:00,3,49.154127576743704
2020-03-04 07:15:00+00:00,1,0.3906629835623254,2020-03-04 11:14:00+00:00,3,18.386649620443357
2020-03-10 05:15:00+00:00,1,0.18387198809054453,2020-03-10 09:14:00+00:00,3,21.569704522757327
2020-03-12 12:30:00+00:00,1,-1.0000000000000024,2020-03-12 14:11:00+00:00,1,33.7961785098652
2020-03-13 01:45:00+00:00,1,0.7391363144250229,2020-03-13 05:44:00+00:00,3,44.24488729812619
2020-03-16 11:00:00+00:00,1,0.3228888084152532,2020-03-16 14:59:00+00:00,3,60.21575433193
2020-03-18 06:00:00+00:00,1,-0.9999999999999987,2020-03-18 08:49:00+00:00,1,28.680625763951223
2020-03-31 09:30:00+00:00,1,0.017558947773924288,2020-03-31 13:29:00+00:00,3,21.41920106232225
2020-04-05 22:15:00+00:00,1,0.21798262588176212,2020-04-06 02:14:00+00:00,3,25.121048644527107
2020-04-17 06:15:00+00:00,1,-0.051120770726802885,2020-04-17 10:14:00+00:00,3,26.486375048725325
2020-04-27 07:00:00+00:00,1,0.1728297295182117,2020-04-27 10:59:00+00:00,3,14.268751446869224
2020-04-29 08:00:00+00:00,1,0.3232411402347402,2020-04-29 11:59:00+00:00,3,13.012126749848521
2020-04-30 12:45:00+00:00,1,-0.6005950876317843,2020-04-30 16:44:00+00:00,3,22.56774560358592
2020-05-01 05:45:00+00:00,1,-0.39090058123983845,2020-05-01 09:44:00+00:00,3,14.855457153630043
2020-05-06 13:15:00+00:00,1,-0.25344405242630547,2020-05-06 17:14:00+00:00,3,19.270656211374863
2020-05-21 14:45:00+00:00,1,0.1281919172448701,2020-05-21 18:44:00+00:00,3,23.0357965865096
2020-06-02 15:30:00+00:00,1,-0.2657678153229361,2020-06-02 19:29:00+00:00,3,18.753244379897545
2020-06-03 13:15:00+00:00,1,-0.21586497836224067,2020-06-03 17:14:00+00:00,3,22.347750507227882
2020-06-05 12:45:00+00:00,1,-0.15189790603449327,2020-06-05 16:44:00+00:00,3,25.457515908724158
2020-06-08 13:15:00+00:00,1,0.6734506771975438,2020-06-08 17:14:00+00:00,3,15.00623189407769
2020-06-22 07:30:00+00:00,1,0.11575387351731302,2020-06-22 11:29:00+00:00,3,15.489492450823516
2020-06-26 13:30:00+00:00,1,0.8032804578138022,2020-06-26 17:29:00+00:00,3,15.415607986190238
2020-06-30 12:00:00+00:00,1,1.6276011113963218,2020-06-30 15:59:00+00:00,3,10.215019175205985
2020-07-02 13:00:00+00:00,1,0.9786897397633184,2020-07-02 16:59:00+00:00,3,15.935537721481221
2020-07-09 00:45:00+00:00,1,0.42543556266819643,2020-07-09 04:44:00+00:00,3,9.496242009394233
2020-07-29 14:15:00+00:00,1,1.0214317372494934,2020-07-29 18:14:00+00:00,3,25.46426630101061
2020-07-31 13:30:00+00:00,1,0.23241628207448184,2020-07-31 17:29:00+00:00,3,23.11820336786092
2020-08-11 05:45:00+00:00,1,-1.0000000000000016,2020-08-11 08:08:00+00:00,1,21.10885127601588
2020-08-18 14:30:00+00:00,1,0.5687146071817099,2020-08-18 18:29:00+00:00,3,37.364962551789034
2020-08-19 15:00:00+00:00,1,-0.5012000930755314,2020-08-19 18:59:00+00:00,3,37.40411963443573
2020-08-26 12:30:00+00:00,1,1.644234960024402,2020-08-26 16:29:00+00:00,3,21.01276739505633
2020-09-01 14:15:00+00:00,1,-0.13221295701360763,2020-09-01 18:14:00+00:00,3,26.752198760091765
2020-09-15 14:15:00+00:00,1,0.0649859195592,2020-09-15 18:14:00+00:00,3,22.974853665452695
2020-09-17 02:00:00+00:00,1,-0.1718053709353808,2020-09-17 05:59:00+00:00,3,18.823676881899523
2020-09-21 08:45:00+00:00,1,-0.9999999999999961,2020-09-21 12:34:00+00:00,1,16.43365997157668
2020-09-30 03:15:00+00:00,1,-0.04409870187368529,2020-09-30 07:14:00+00:00,3,13.378303561006774
2020-10-06 16:00:00+00:00,1,-0.6465139020210643,2020-10-06 19:59:00+00:00,3,22.697226184545215
2020-10-13 13:00:00+00:00,1,-1.0000000000000004,2020-10-13 14:00:00+00:00,1,18.7452132679366
2020-10-14 01:30:00+00:00,1,0.7032578207168086,2020-10-14 05:29:00+00:00,3,15.062779632266114
2020-10-20 02:00:00+00:00,1,0.4313618825807707,2020-10-20 05:59:00+00:00,3,11.025502338913691
2020-10-22 12:15:00+00:00,1,-0.30422490045715356,2020-10-22 16:14:00+00:00,3,13.621642944160119
2020-10-23 14:00:00+00:00,1,-0.032300967374151404,2020-10-23 17:59:00+00:00,3,15.698603458260102
2020-10-25 23:00:00+00:00,1,0.34147842647560017,2020-10-26 02:59:00+00:00,3,15.500155616355464
2020-10-28 08:30:00+00:00,1,-1.0000000000000062,2020-10-28 11:21:00+00:00,1,10.192451261375872
2020-10-29 08:15:00+00:00,1,-0.37662771109892246,2020-10-29 12:14:00+00:00,3,11.886880808304678
2020-10-29 12:30:00+00:00,1,0.14032023789796558,2020-10-29 16:29:00+00:00,3,18.143487180739104
2020-11-09 12:00:00+00:00,1,-0.9999999999999986,2020-11-09 12:10:00+00:00,1,22.9209908470464
2020-11-16 12:00:00+00:00,1,0.8879243529155472,2020-11-16 15:59:00+00:00,3,22.59538013049434
2020-11-17 20:45:00+00:00,1,0.10643784070020021,2020-11-17 21:59:00+00:00,4,12.242831847819033
2020-11-23 09:00:00+00:00,1,-0.08826982348500798,2020-11-23 12:59:00+00:00,3,11.21550032943187
2020-11-23 15:00:00+00:00,1,-0.10073214083964306,2020-11-23 18:59:00+00:00,3,25.483590244041082
2020-11-27 13:15:00+00:00,1,-0.9999999999999987,2020-11-27 13:54:00+00:00,1,16.40759118694202
2020-11-30 03:00:00+00:00,1,0.3351067561658248,2020-11-30 06:59:00+00:00,3,20.76938411249435
2020-12-07 08:45:00+00:00,1,0.08998030391921089,2020-12-07 12:44:00+00:00,3,16.959277865216205
2020-12-09 15:00:00+00:00,1,-0.5409175396020749,2020-12-09 18:59:00+00:00,3,27.072372083201955
2020-12-14 08:45:00+00:00,1,-0.1330742365171437,2020-12-14 12:44:00+00:00,3,11.872741832217518
2020-12-22 16:00:00+00:00,1,0.1134246815942069,2020-12-22 19:59:00+00:00,3,23.037641125795844
2021-01-06 12:45:00+00:00,1,-1.0000000000000016,2021-01-06 16:10:00+00:00,1,27.656114710260866
2021-01-08 08:15:00+00:00,1,0.26272926236330063,2021-01-08 12:14:00+00:00,3,25.10595613371947
2021-01-11 01:30:00+00:00,1,0.37533564048616985,2021-01-11 05:29:00+00:00,3,35.83446313399219
2021-01-12 13:45:00+00:00,1,-0.25006966447642714,2021-01-12 17:44:00+00:00,3,22.341918778953545
2021-01-13 09:15:00+00:00,1,0.0987613084762254,2021-01-13 13:14:00+00:00,3,16.20042920272425
2021-01-14 02:30:00+00:00,1,0.06795800168394664,2021-01-14 06:29:00+00:00,3,16.8201886154051
2021-01-17 23:45:00+00:00,1,0.34683432870847297,2021-01-18 03:44:00+00:00,3,25.83389897181654
2021-01-20 13:15:00+00:00,1,1.6391283871430615,2021-01-20 17:14:00+00:00,3,18.497081762899626
2021-01-21 14:00:00+00:00,1,0.179480445855826,2021-01-21 17:59:00+00:00,3,19.144342660091876
2021-01-22 10:45:00+00:00,1,-0.4354871053459818,2021-01-22 14:44:00+00:00,3,14.6365377051429
2021-02-04 01:45:00+00:00,1,-0.9999999999999953,2021-02-04 05:02:00+00:00,1,9.794161620444175
2021-02-04 14:15:00+00:00,1,-0.2123003770742481,2021-02-04 18:14:00+00:00,3,25.105730513250325
2021-02-16 13:00:00+00:00,1,-1.0000000000000058,2021-02-16 14:22:00+00:00,1,16.720716722774018
2021-02-16 23:15:00+00:00,1,0.3437783809573841,2021-02-17 03:14:00+00:00,3,17.461981585621167
2021-02-19 00:15:00+00:00,1,-0.2592191430272901,2021-02-19 04:14:00+00:00,3,13.386714935139553
2021-02-24 13:45:00+00:00,1,0.1090551174181386,2021-02-24 17:44:00+00:00,3,16.735328752981054
2021-02-26 15:15:00+00:00,1,-0.29587891816256306,2021-02-26 19:14:00+00:00,3,30.678178842739857
2021-03-02 01:45:00+00:00,1,-0.1318546269335718,2021-03-02 05:44:00+00:00,3,21.53120693476141
2021-03-03 13:15:00+00:00,1,0.1413564899517671,2021-03-03 17:14:00+00:00,3,17.770410764175868
2021-03-17 11:30:00+00:00,1,0.11238558339208211,2021-03-17 15:29:00+00:00,3,12.011999628349214
2021-03-18 07:30:00+00:00,1,-0.7096377419192704,2021-03-18 11:29:00+00:00,3,15.013196219310597
2021-03-23 01:15:00+00:00,1,0.06380538547286593,2021-03-23 05:14:00+00:00,3,8.666643286093166
2021-03-29 01:15:00+00:00,1,-0.03518703517186001,2021-03-29 05:14:00+00:00,3,9.266191456455829
2021-03-29 13:45:00+00:00,1,0.09406823247965902,2021-03-29 17:44:00+00:00,3,16.87111675193509
2021-04-09 12:30:00+00:00,1,0.4900493053235951,2021-04-09 16:29:00+00:00,3,12.570233469915511
2021-04-27 02:00:00+00:00,1,0.7994924813068153,2021-04-27 05:59:00+00:00,3,9.738691637801058
2021-04-28 00:15:00+00:00,1,-0.2417800686824517,2021-04-28 04:14:00+00:00,3,7.308161433927767
2021-04-29 14:00:00+00:00,1,0.43064326256978996,2021-04-29 17:59:00+00:00,3,23.13518766289278
2021-05-04 05:30:00+00:00,1,0.06623020043169073,2021-05-04 09:29:00+00:00,3,8.032323900690626
2021-05-11 13:00:00+00:00,1,0.508316229909362,2021-05-11 16:59:00+00:00,3,16.117905905785058
2021-05-12 01:15:00+00:00,1,-0.2133879908337447,2021-05-12 05:14:00+00:00,3,10.01501983587516
2021-05-26 17:45:00+00:00,1,0.1681913162027203,2021-05-26 20:59:00+00:00,4,17.902150932072324
2021-05-28 12:15:00+00:00,1,1.0347030081657596,2021-05-28 16:14:00+00:00,3,12.354348014652382
2021-06-03 13:00:00+00:00,1,-0.6600144103983815,2021-06-03 16:59:00+00:00,3,17.49062929678241
2021-06-04 02:00:00+00:00,1,0.42723267302574996,2021-06-04 05:59:00+00:00,3,15.158190437274158
2021-06-16 18:15:00+00:00,1,-1.0000000000000022,2021-06-16 20:41:00+00:00,1,22.200162143836174
2021-06-18 12:30:00+00:00,1,-0.25303428006866857,2021-06-18 16:29:00+00:00,3,20.328948698340557
2021-06-18 20:00:00+00:00,1,0.042431648338414875,2021-06-18 20:59:00+00:00,4,21.352125002288936
2021-06-28 01:30:00+00:00,1,0.8566323300385345,2021-06-28 05:29:00+00:00,3,9.672773781272959
2021-07-02 07:15:00+00:00,1,1.4055352174207085,2021-07-02 11:14:00+00:00,3,8.511357486485306
2021-07-12 14:00:00+00:00,1,0.7809539954907985,2021-07-12 17:59:00+00:00,3,16.666783557151106
2021-07-15 10:30:00+00:00,1,-0.27933702408084715,2021-07-15 14:29:00+00:00,3,11.899513214592558
2021-07-16 11:15:00+00:00,1,-0.443103161370633,2021-07-16 15:14:00+00:00,3,11.699492315094954
2021-07-19 06:15:00+00:00,1,-0.349161775886117,2021-07-19 10:14:00+00:00,3,11.152546577779136
2021-08-05 13:45:00+00:00,1,0.2099886641946998,2021-08-05 17:44:00+00:00,3,16.57281145345911
2021-08-06 00:15:00+00:00,1,-0.38179379749386483,2021-08-06 04:14:00+00:00,3,6.008335723518039
2021-08-06 11:00:00+00:00,1,-0.99999999999999,2021-08-06 12:40:00+00:00,1,8.515971020637693
2021-08-06 12:45:00+00:00,1,-1.0000000000000029,2021-08-06 14:59:00+00:00,1,18.944973487034932
2021-08-08 22:30:00+00:00,1,-0.9999999999999976,2021-08-08 22:48:00+00:00,1,15.809008902108229
2021-08-25 00:45:00+00:00,1,-0.17571669636691806,2021-08-25 04:44:00+00:00,3,8.17800327721472
2021-08-26 01:15:00+00:00,1,-0.23568388723211026,2021-08-26 05:14:00+00:00,3,6.848213897140365
2021-08-31 13:15:00+00:00,1,0.8626518879994493,2021-08-31 17:14:00+00:00,3,13.686873001946108
2021-09-08 14:00:00+00:00,1,0.17357574141599452,2021-09-08 17:59:00+00:00,3,17.640781446593575
2021-09-20 02:30:00+00:00,1,0.468339887061792,2021-09-20 06:29:00+00:00,3,12.123627887530017
2021-09-23 01:15:00+00:00,1,0.15049043088088707,2021-09-23 05:14:00+00:00,3,14.89758083787729
2021-09-23 13:15:00+00:00,1,-0.43569635476823027,2021-09-23 17:14:00+00:00,3,21.11102823379805
2021-09-23 20:30:00+00:00,1,0.003341382473801909,2021-09-23 20:59:00+00:00,4,15.563005292785554
2021-09-24 12:00:00+00:00,1,0.2709563258754035,2021-09-24 15:59:00+00:00,3,10.462796645698642
2021-09-28 01:15:00+00:00,1,0.47452332486859944,2021-09-28 05:14:00+00:00,3,6.452816033011452
2021-10-10 22:30:00+00:00,1,0.4800140342963117,2021-10-11 02:29:00+00:00,3,12.249652015763324
2021-10-18 06:15:00+00:00,1,-0.15492625750390673,2021-10-18 10:14:00+00:00,3,10.404553124391146
2021-10-26 01:45:00+00:00,1,0.08826592373213961,2021-10-26 05:44:00+00:00,3,6.865129889637776
2021-10-29 12:15:00+00:00,1,-0.9999999999999953,2021-10-29 13:45:00+00:00,1,13.64996651196936
2021-11-03 00:30:00+00:00,1,-0.3084084029781918,2021-11-03 04:29:00+00:00,3,7.502924114274622
2021-11-03 12:45:00+00:00,1,-1.0000000000000064,2021-11-03 14:09:00+00:00,1,13.931401821336888
2021-11-15 01:45:00+00:00,1,-0.03681360096190216,2021-11-15 05:44:00+00:00,3,12.985074300248524
2021-11-19 17:45:00+00:00,1,0.11905709725513722,2021-11-19 21:44:00+00:00,3,21.855486495474118
2021-11-22 10:45:00+00:00,1,-0.9999999999999952,2021-11-22 14:16:00+00:00,1,13.254343169398517
2021-12-02 08:30:00+00:00,1,0.6195715690739647,2021-12-02 12:29:00+00:00,3,12.734629931825658
2021-12-10 06:15:00+00:00,1,-0.48309686632565974,2021-12-10 10:14:00+00:00,3,7.8038583854290575
2021-12-14 13:30:00+00:00,1,-0.9999999999999959,2021-12-14 14:00:00+00:00,1,9.592245908943408
2021-12-14 14:15:00+00:00,1,0.2616165794027289,2021-12-14 18:14:00+00:00,3,14.20377252579329
2021-12-29 08:15:00+00:00,1,-0.9999999999999876,2021-12-29 10:39:00+00:00,1,6.993019964550827
2022-01-03 13:15:00+00:00,1,-0.999999999999994,2022-01-03 14:57:00+00:00,1,11.012104166910214
2022-01-05 19:15:00+00:00,1,-0.42932903997077965,2022-01-05 21:59:00+00:00,4,14.576080319976533
2022-01-21 08:30:00+00:00,1,0.2368731294391022,2022-01-21 12:29:00+00:00,3,11.255036108624584
2022-01-26 08:00:00+00:00,1,-0.16604162207116968,2022-01-26 11:59:00+00:00,3,6.950382199231609
2022-01-26 14:30:00+00:00,1,-0.35478765217642394,2022-01-26 18:29:00+00:00,3,14.933145701729314
2022-02-03 15:00:00+00:00,1,0.8108827646178998,2022-02-03 18:59:00+00:00,3,16.61901671458035
2022-02-04 13:45:00+00:00,1,0.5365259629304069,2022-02-04 17:44:00+00:00,3,16.15208997094531
2022-02-10 14:30:00+00:00,1,0.6046858432500877,2022-02-10 18:29:00+00:00,3,15.72375916593136
2022-02-15 08:15:00+00:00,1,-0.9999999999999952,2022-02-15 08:45:00+00:00,1,12.64025203471289
2022-02-18 01:45:00+00:00,1,-0.09885712671865216,2022-02-18 05:44:00+00:00,3,13.191534001882431
2022-02-22 09:00:00+00:00,1,0.142500523658381,2022-02-22 12:59:00+00:00,3,18.708812827883257
2022-02-25 11:45:00+00:00,1,-0.20063460855035986,2022-02-25 15:44:00+00:00,3,25.843291101238574
2022-02-28 07:30:00+00:00,1,0.2242857189048051,2022-02-28 11:29:00+00:00,3,22.320206297886358
2022-03-02 10:30:00+00:00,1,0.2369413613867587,2022-03-02 14:29:00+00:00,3,30.99086430139571
2022-03-09 09:30:00+00:00,1,-0.999999999999999,2022-03-09 13:26:00+00:00,1,33.94912699039791
2022-03-11 11:45:00+00:00,1,0.06236135994273101,2022-03-11 15:44:00+00:00,3,29.121238547880353
2022-03-15 01:30:00+00:00,1,-0.5099673439044201,2022-03-15 05:29:00+00:00,3,20.048340635226474
2022-03-22 08:15:00+00:00,1,-0.02467006252222925,2022-03-22 12:14:00+00:00,3,14.146661489934626
2022-03-22 14:15:00+00:00,1,0.3145889834929625,2022-03-22 18:14:00+00:00,3,22.826706115721763
2022-03-28 19:00:00+00:00,1,-0.2648724898615853,2022-03-28 20:59:00+00:00,4,20.04345548951425
2022-03-29 12:30:00+00:00,1,0.6159284790499014,2022-03-29 16:29:00+00:00,3,26.74165560753451
2022-04-19 13:00:00+00:00,1,-0.5456898188665802,2022-04-19 16:59:00+00:00,3,18.563668466186392
2022-04-19 19:30:00+00:00,1,0.22384492008877274,2022-04-19 20:59:00+00:00,4,18.923645496992275
2022-05-02 12:45:00+00:00,1,0.10007449261925198,2022-05-02 16:44:00+00:00,3,20.144905641516793
2022-05-05 07:30:00+00:00,1,0.1630184721822653,2022-05-05 11:29:00+00:00,3,16.34808023179307
2022-05-11 12:45:00+00:00,1,0.5629028208984639,2022-05-11 16:44:00+00:00,3,20.486631073314754
2022-05-16 07:45:00+00:00,1,0.269750236673054,2022-05-16 11:44:00+00:00,3,18.58046548078588
2022-05-29 23:15:00+00:00,1,1.0080412383096766,2022-05-30 03:14:00+00:00,3,9.28435110924237
2022-06-10 11:45:00+00:00,1,2.000000000000006,2022-06-10 15:21:00+00:00,2,11.653671611173841
2022-06-13 12:45:00+00:00,1,-0.9999999999999988,2022-06-13 14:31:00+00:00,1,20.095634972799214
2022-06-29 06:45:00+00:00,1,0.9495513909427241,2022-06-29 10:44:00+00:00,3,8.548316086008569
2022-07-08 07:45:00+00:00,1,0.5484772122656646,2022-07-08 11:44:00+00:00,3,12.503768749540486
2022-07-12 01:15:00+00:00,1,0.15981939217265317,2022-07-12 05:14:00+00:00,3,11.17518167168393
2022-07-13 12:45:00+00:00,1,1.4110224429760758,2022-07-13 16:44:00+00:00,3,19.532669585410204
2022-08-05 12:45:00+00:00,1,-0.03400759335394126,2022-08-05 16:44:00+00:00,3,17.02500633201673
2022-08-09 01:45:00+00:00,1,0.177351722981604,2022-08-09 05:44:00+00:00,3,8.616077397982208
2022-08-29 01:30:00+00:00,1,-0.35645613103817986,2022-08-29 05:29:00+00:00,3,13.292062323561243
2022-08-31 08:30:00+00:00,1,-0.2647782899913396,2022-08-31 12:29:00+00:00,3,11.66263554090293
2022-09-13 12:45:00+00:00,1,-0.291362436374552,2022-09-13 16:44:00+00:00,3,20.565256914835246
2022-09-16 08:00:00+00:00,1,0.8061013193963358,2022-09-16 11:59:00+00:00,3,11.643680641974228
2022-09-21 14:45:00+00:00,1,1.2145768852690153,2022-09-21 18:44:00+00:00,3,13.859153765116876
2022-09-26 01:00:00+00:00,1,0.3460088237709469,2022-09-26 04:59:00+00:00,3,19.80557951890276
2022-09-28 07:15:00+00:00,1,0.7012830504929508,2022-09-28 11:14:00+00:00,3,12.585400043778353
2022-09-29 05:45:00+00:00,1,0.4831754263135987,2022-09-29 09:44:00+00:00,3,13.009789819293596
2022-10-11 02:15:00+00:00,1,0.30767412204318084,2022-10-11 06:14:00+00:00,3,13.446320845783958
2022-10-13 12:45:00+00:00,1,0.5980531287203135,2022-10-13 16:44:00+00:00,3,22.07337303449026
2022-10-21 03:45:00+00:00,1,0.3945467345412455,2022-10-21 07:44:00+00:00,3,10.330658899291706
2022-11-03 07:15:00+00:00,1,-0.8943764678150136,2022-11-03 11:14:00+00:00,3,11.075879359366024
2022-11-17 02:00:00+00:00,1,-0.7474869155126256,2022-11-17 05:59:00+00:00,3,9.572113101094338
2022-12-02 13:45:00+00:00,1,0.6926654604709006,2022-12-02 17:44:00+00:00,3,17.34605712874615
2022-12-05 07:15:00+00:00,1,-0.24667062190156022,2022-12-05 11:14:00+00:00,3,11.651259543371758
2022-12-05 15:00:00+00:00,1,-1.0000000000000058,2022-12-05 17:14:00+00:00,1,15.418272472513674
2022-12-15 08:15:00+00:00,1,-0.27416348525961787,2022-12-15 12:14:00+00:00,3,17.14287797087348
2022-12-22 14:00:00+00:00,1,-0.9999999999999937,2022-12-22 17:41:00+00:00,1,14.533718382201734
2022-12-27 14:15:00+00:00,1,2.000000000000011,2022-12-27 15:33:00+00:00,2,10.301594404146897
2023-01-05 14:00:00+00:00,1,-0.06184075388659268,2023-01-05 17:59:00+00:00,3,19.632867515676004
2023-01-12 07:30:00+00:00,1,0.5017946420233292,2023-01-12 11:29:00+00:00,3,7.991336355158946
2023-01-13 05:45:00+00:00,1,1.165046428492558,2023-01-13 09:44:00+00:00,3,9.690634455751322
2023-01-24 15:00:00+00:00,1,0.7955851862100756,2023-01-24 18:59:00+00:00,3,16.59410782907851
2023-01-25 03:15:00+00:00,1,0.09738783815848327,2023-01-25 07:14:00+00:00,3,11.193265106173264
2023-02-02 13:45:00+00:00,1,-0.9999999999999964,2023-02-02 14:47:00+00:00,1,15.0317520732745
2023-02-02 15:00:00+00:00,1,-0.1593790412652891,2023-02-02 18:59:00+00:00,3,26.384134900150244
2023-02-03 13:45:00+00:00,1,-0.9999999999999967,2023-02-03 17:15:00+00:00,1,24.6081462568421
2023-02-16 14:00:00+00:00,1,0.6690365834891159,2023-02-16 17:59:00+00:00,3,16.87506982595918
2023-02-23 13:45:00+00:00,1,0.05792102665097282,2023-02-23 17:44:00+00:00,3,14.381786039802682
2023-03-02 01:45:00+00:00,1,0.10998784813367535,2023-03-02 05:44:00+00:00,3,10.000882866629308
2023-03-15 08:15:00+00:00,1,1.999999999999992,2023-03-15 11:31:00+00:00,2,13.010298174982319
2023-03-21 06:45:00+00:00,1,-0.48765964666650446,2023-03-21 10:44:00+00:00,3,14.087684236636623
2023-03-21 14:15:00+00:00,1,-0.2163548251945319,2023-03-21 18:14:00+00:00,3,25.822923327347183
2023-03-23 12:45:00+00:00,1,1.1953432601398923,2023-03-23 16:44:00+00:00,3,20.847604848163932
2023-03-27 09:45:00+00:00,1,-0.5888388358979082,2023-03-27 13:44:00+00:00,3,18.6314940469163
2023-03-30 01:15:00+00:00,1,0.1715297824105917,2023-03-30 05:14:00+00:00,3,10.843512569206458
2023-04-04 02:00:00+00:00,1,0.021413794103359224,2023-04-04 05:59:00+00:00,3,10.739828151888437
2023-04-06 01:15:00+00:00,1,-0.1312270599708788,2023-04-06 05:14:00+00:00,3,10.516160943625067
2023-04-06 13:15:00+00:00,1,0.028852558948027414,2023-04-06 17:14:00+00:00,3,15.594844557306144
2023-04-10 13:00:00+00:00,1,-0.009214099919693916,2023-04-10 16:59:00+00:00,3,16.268799454801183
2023-04-17 12:45:00+00:00,1,-1.0000000000000064,2023-04-17 14:46:00+00:00,1,15.73638948783822
2023-04-18 13:30:00+00:00,1,0.9037122234715148,2023-04-18 17:29:00+00:00,3,14.883002379018883
2023-04-19 06:00:00+00:00,1,-1.0000000000000109,2023-04-19 06:17:00+00:00,1,9.744835390047577
2023-04-19 06:30:00+00:00,1,-0.9999999999999968,2023-04-19 08:46:00+00:00,1,14.386500683893065
2023-04-21 05:45:00+00:00,1,-1.0000000000000053,2023-04-21 06:32:00+00:00,1,10.58544951618677
2023-04-27 12:45:00+00:00,1,-0.02845469690117079,2023-04-27 16:44:00+00:00,3,20.626263022181444
2023-05-03 12:30:00+00:00,1,0.912041798908057,2023-05-03 16:29:00+00:00,3,11.413988034485836
2023-05-05 12:45:00+00:00,1,0.40607086147008903,2023-05-05 16:44:00+00:00,3,23.51547747292838
2023-05-11 07:15:00+00:00,1,0.7482326862385883,2023-05-11 11:14:00+00:00,3,12.28105518920405
2023-05-12 01:30:00+00:00,1,0.017246946672772927,2023-05-12 05:29:00+00:00,3,10.029232193636144
2023-05-16 06:15:00+00:00,1,-0.0012125301611317868,2023-05-16 10:14:00+00:00,3,9.060663789794111
2023-05-18 13:00:00+00:00,1,-0.9999999999999996,2023-05-18 15:17:00+00:00,1,14.957633326091816
2023-05-23 01:45:00+00:00,1,-0.11286342327944002,2023-05-23 05:44:00+00:00,3,10.986643842132025
2023-05-25 12:45:00+00:00,1,0.22280292484393754,2023-05-25 16:44:00+00:00,3,19.788499410244466
2023-05-26 12:45:00+00:00,1,-0.08104424754471716,2023-05-26 16:44:00+00:00,3,13.327017743042818
2023-06-02 12:45:00+00:00,1,-0.9999999999999962,2023-06-02 16:07:00+00:00,1,12.847355793572254
2023-06-07 06:45:00+00:00,1,0.4609265674177487,2023-06-07 10:44:00+00:00,3,8.727961248334609
2023-06-12 13:30:00+00:00,1,-0.17231703052147118,2023-06-12 17:29:00+00:00,3,12.691790893399201
2023-06-14 18:15:00+00:00,1,-0.323010642220157,2023-06-14 20:59:00+00:00,4,16.522409372699478
2023-06-15 01:15:00+00:00,1,-0.2916673367234157,2023-06-15 05:14:00+00:00,3,15.15398304333047
2023-06-20 13:15:00+00:00,1,-0.34435222029022156,2023-06-20 17:14:00+00:00,3,13.96807175915307
2023-06-21 06:15:00+00:00,1,0.09361733450181914,2023-06-21 10:14:00+00:00,3,9.719483194186852
2023-06-22 05:00:00+00:00,1,-0.37164157635503325,2023-06-22 08:59:00+00:00,3,7.3996026681710525
2023-06-22 13:15:00+00:00,1,-0.45032808407886465,2023-06-22 17:14:00+00:00,3,15.788456467479271
2023-06-28 06:45:00+00:00,1,-0.2708216706117683,2023-06-28 10:44:00+00:00,3,8.677206593656482
2023-07-10 12:45:00+00:00,1,0.8389007630072771,2023-07-10 16:44:00+00:00,3,11.705730548938977
2023-07-20 12:45:00+00:00,1,-0.5516733303930272,2023-07-20 16:44:00+00:00,3,12.973446599436993
2023-07-21 08:00:00+00:00,1,0.1253357649027368,2023-07-21 11:59:00+00:00,3,8.935957889247653
2023-07-25 11:15:00+00:00,1,0.6267588518686834,2023-07-25 15:14:00+00:00,3,10.993087098642325
2023-07-27 12:45:00+00:00,1,-0.9999999999999968,2023-07-27 13:40:00+00:00,1,17.521551903761804
2023-08-08 01:30:00+00:00,1,-0.03874972698641527,2023-08-08 05:29:00+00:00,3,7.484931767433634
2023-08-08 08:00:00+00:00,1,-0.23506994502672668,2023-08-08 11:59:00+00:00,3,8.469678234061924
2023-08-14 12:30:00+00:00,1,0.43452239572591206,2023-08-14 16:29:00+00:00,3,10.06403103272594
2023-08-15 00:45:00+00:00,1,0.1393515410063702,2023-08-15 04:44:00+00:00,3,6.243168255654451
2023-09-12 10:45:00+00:00,1,-1.0000000000000058,2023-09-12 12:21:00+00:00,1,6.754677303315436
2023-09-14 12:45:00+00:00,1,0.8496168973782539,2023-09-14 16:44:00+00:00,3,9.792585710967112
2023-09-20 01:15:00+00:00,1,0.21686972510767963,2023-09-20 05:14:00+00:00,3,4.979745578370991
2023-09-21 09:00:00+00:00,1,-0.999999999999996,2023-09-21 12:31:00+00:00,1,8.075927964206162
2023-09-26 07:00:00+00:00,1,0.18060837258444998,2023-09-26 10:59:00+00:00,3,5.198899864462003
2023-10-05 12:45:00+00:00,1,0.19930855179353724,2023-10-05 16:44:00+00:00,3,12.342475600586681
2023-10-06 12:45:00+00:00,1,1.5446358483554263,2023-10-06 16:44:00+00:00,3,11.65323206706914
2023-10-09 12:45:00+00:00,1,0.39417838264331634,2023-10-09 16:44:00+00:00,3,10.223871917709115
2023-10-16 06:00:00+00:00,1,0.07565113238469794,2023-10-16 09:59:00+00:00,3,10.44157525852551
2023-10-27 11:00:00+00:00,1,0.1098164630389243,2023-10-27 14:59:00+00:00,3,10.407768601438065
2023-11-08 10:30:00+00:00,1,0.21212575374972945,2023-11-08 14:29:00+00:00,3,9.47555744691167
2023-11-08 15:45:00+00:00,1,-0.1851638656515123,2023-11-08 19:44:00+00:00,3,15.55381700786488
2023-11-15 13:45:00+00:00,1,-0.16044904501382853,2023-11-15 17:44:00+00:00,3,13.692954571251244
2023-11-20 00:00:00+00:00,1,0.7173765593448658,2023-11-20 03:59:00+00:00,3,10.152212097682787
2023-11-21 09:15:00+00:00,1,0.39117448405387345,2023-11-21 13:14:00+00:00,3,12.201586282638667
2023-12-08 13:45:00+00:00,1,-1.0000000000000042,2023-12-08 14:18:00+00:00,1,15.735451092625613
2023-12-13 06:30:00+00:00,1,0.8787249372085381,2023-12-13 10:29:00+00:00,3,8.239199694701293
2023-12-15 13:45:00+00:00,1,0.17933152793014412,2023-12-15 17:44:00+00:00,3,18.234493225997532
2023-12-15 18:30:00+00:00,1,-0.11704463792804706,2023-12-15 21:59:00+00:00,4,19.906559547989165
2023-12-26 14:00:00+00:00,1,-0.1737055509610181,2023-12-26 17:59:00+00:00,3,8.157437569844802
2023-12-28 08:30:00+00:00,1,-0.23694709014778673,2023-12-28 12:29:00+00:00,3,12.366371663067964
2024-01-04 13:45:00+00:00,1,0.2596734548302233,2024-01-04 17:44:00+00:00,3,14.067491434389519
2024-01-16 08:45:00+00:00,1,-0.4754004424466338,2024-01-16 12:44:00+00:00,3,11.442861471170511
2024-01-17 15:00:00+00:00,1,-0.35375992068081724,2024-01-17 18:59:00+00:00,3,21.511722800358356
2024-02-02 13:45:00+00:00,1,-0.1608233696805277,2024-02-02 17:44:00+00:00,3,18.43009050053113
2024-02-08 08:45:00+00:00,1,-0.6266385769114355,2024-02-08 12:44:00+00:00,3,7.963107312941968
2024-02-09 13:15:00+00:00,1,-0.4231379070959829,2024-02-09 17:14:00+00:00,3,8.105942727194536
2024-02-13 13:45:00+00:00,1,-0.999999999999997,2024-02-13 14:48:00+00:00,1,16.39843459904278
2024-02-14 08:15:00+00:00,1,0.35154525649744456,2024-02-14 12:14:00+00:00,3,8.334436566764763
2024-02-16 13:45:00+00:00,1,1.1965148637096192,2024-02-16 17:44:00+00:00,3,10.95680943813511
2024-03-21 14:00:00+00:00,1,-1.0000000000000075,2024-03-21 15:07:00+00:00,1,22.91972205655912
2024-03-22 02:00:00+00:00,1,0.03030261809424165,2024-03-22 05:59:00+00:00,3,15.509244173667874
2024-03-22 07:15:00+00:00,1,-0.03669426407273947,2024-03-22 11:14:00+00:00,3,14.171684441447283
2024-04-03 07:30:00+00:00,1,-0.13350235714543246,2024-04-03 11:29:00+00:00,3,19.40106486512036
2024-04-04 12:15:00+00:00,1,0.44228759383038796,2024-04-04 16:14:00+00:00,3,15.465249276804478
2024-04-05 01:30:00+00:00,1,0.3618982871126271,2024-04-05 05:29:00+00:00,3,24.42362260960146
2024-04-08 12:30:00+00:00,1,0.057933121905107125,2024-04-08 16:29:00+00:00,3,29.17477068892434
2024-04-10 13:15:00+00:00,1,0.18293468076389263,2024-04-10 17:14:00+00:00,3,33.14291339363522
2024-04-15 14:15:00+00:00,1,0.828892477932846,2024-04-15 18:14:00+00:00,3,39.81569451541552
2024-04-16 06:45:00+00:00,1,-0.03132228611709448,2024-04-16 10:44:00+00:00,3,25.22290549120639
2024-04-17 16:45:00+00:00,1,0.16347923116126276,2024-04-17 20:44:00+00:00,3,32.05294150916366
2024-04-22 11:15:00+00:00,1,-0.5928343053223979,2024-04-22 15:14:00+00:00,3,22.14764343868334
2024-04-23 01:45:00+00:00,1,0.07817674510543386,2024-04-23 05:44:00+00:00,3,27.90963940341055
2024-04-25 03:15:00+00:00,1,0.6909159830845979,2024-04-25 07:14:00+00:00,3,19.640692488819496
2024-04-29 01:15:00+00:00,1,0.45744522349076144,2024-04-29 05:14:00+00:00,3,16.146165592816967
2024-05-08 01:45:00+00:00,1,0.7186443315933241,2024-05-08 05:44:00+00:00,3,12.805890834720794
2024-05-16 13:45:00+00:00,1,0.2878353532078161,2024-05-16 17:44:00+00:00,3,23.94370818705203
2024-05-22 14:15:00+00:00,1,-0.2767503903654678,2024-05-22 18:14:00+00:00,3,29.41239781947811
2024-05-23 01:30:00+00:00,1,-0.031217050977149906,2024-05-23 05:29:00+00:00,3,19.76302501561044
2024-05-23 06:00:00+00:00,1,0.17152834855707125,2024-05-23 09:59:00+00:00,3,21.280135412488484
2024-05-28 06:30:00+00:00,1,0.11913193181115159,2024-05-28 10:29:00+00:00,3,14.269483806992817
2024-06-04 01:45:00+00:00,1,0.28598792824476177,2024-06-04 05:44:00+00:00,3,13.741599740747034
2024-06-07 08:15:00+00:00,1,-0.5522676429424165,2024-06-07 12:14:00+00:00,3,28.337532614384536
2024-06-11 02:15:00+00:00,1,0.0638344164356034,2024-06-11 06:14:00+00:00,3,15.03829738098123
2024-06-13 11:45:00+00:00,1,-0.06039074091806097,2024-06-13 15:44:00+00:00,3,17.55332982564832
2024-06-21 13:45:00+00:00,1,-1.0000000000000102,2024-06-21 14:25:00+00:00,1,20.8122270024635
2024-06-28 01:00:00+00:00,1,-0.07393576101249015,2024-06-28 04:59:00+00:00,3,10.916624042236473
2024-07-08 15:45:00+00:00,1,-0.259742756320089,2024-07-08 19:44:00+00:00,3,20.9322939194878
2024-07-12 12:45:00+00:00,1,1.2890793481414053,2024-07-12 16:44:00+00:00,3,18.51699283003066
2024-07-19 00:15:00+00:00,1,-0.19319402430175256,2024-07-19 04:14:00+00:00,3,17.909254439960506
2024-07-19 06:15:00+00:00,1,-0.2180827356851372,2024-07-19 10:14:00+00:00,3,22.744602237961786
2024-07-25 01:30:00+00:00,1,-0.7442213255396798,2024-07-25 05:29:00+00:00,3,22.16688738465937
2024-07-29 14:45:00+00:00,1,-0.06701944659003291,2024-07-29 18:44:00+00:00,3,23.87148204030275
2024-08-06 12:45:00+00:00,1,-0.26604996810106113,2024-08-06 16:44:00+00:00,3,27.062401936240953
2024-08-14 13:30:00+00:00,1,-0.3297724783947711,2024-08-14 17:29:00+00:00,3,29.690214515958367
2024-08-20 15:15:00+00:00,1,0.042211526547136516,2024-08-20 19:14:00+00:00,3,33.00203807352001
2024-08-21 13:45:00+00:00,1,0.4865288386961241,2024-08-21 17:44:00+00:00,3,21.517725791304464
2024-08-29 12:45:00+00:00,1,0.8061294041877262,2024-08-29 16:44:00+00:00,3,21.94429494117607
2024-09-03 01:15:00+00:00,1,0.172772308565353,2024-09-03 05:14:00+00:00,3,9.724797886893173
2024-09-09 05:45:00+00:00,1,0.3711995320512687,2024-09-09 09:44:00+00:00,3,12.416855252765792
2024-09-11 12:45:00+00:00,1,0.617785086924221,2024-09-11 16:44:00+00:00,3,22.52091582004571
2024-09-27 05:45:00+00:00,1,-0.0032461087637546174,2024-09-27 09:44:00+00:00,3,14.44036642376146
2024-09-27 15:00:00+00:00,1,-0.06708010868084618,2024-09-27 18:59:00+00:00,3,26.983536988019786
2024-10-04 12:45:00+00:00,1,0.08274211400272141,2024-10-04 16:44:00+00:00,3,20.825483516088617
2024-10-13 22:15:00+00:00,1,-0.16267234373981335,2024-10-14 02:14:00+00:00,3,17.33588079289965
2024-10-23 01:45:00+00:00,1,1.0310392767322256,2024-10-23 05:44:00+00:00,3,12.618345449320715
2024-11-05 02:45:00+00:00,1,0.7457635960568245,2024-11-05 06:44:00+00:00,3,15.031520708133145
2024-11-06 06:30:00+00:00,1,0.2116035302217461,2024-11-06 10:29:00+00:00,3,35.41018391339185
2024-11-07 01:30:00+00:00,1,0.2578280100972247,2024-11-07 05:29:00+00:00,3,26.335536856292435
2024-11-11 13:45:00+00:00,1,-0.8266354562707718,2024-11-11 17:44:00+00:00,3,29.73626947771311
2024-11-15 06:00:00+00:00,1,0.23468372467981577,2024-11-15 09:59:00+00:00,3,15.59508276242121
2024-11-25 14:30:00+00:00,1,-0.6644609429443992,2024-11-25 18:29:00+00:00,3,42.1092929025496
2024-11-25 23:45:00+00:00,1,0.6771462447806993,2024-11-26 03:44:00+00:00,3,30.24310341244281
2024-11-28 01:15:00+00:00,1,0.18868869881712214,2024-11-28 05:14:00+00:00,3,17.754628005023918
2024-12-06 01:15:00+00:00,1,1.2871413975150587,2024-12-06 05:14:00+00:00,3,20.292932149724766
2024-12-11 04:45:00+00:00,1,0.313855261737553,2024-12-11 08:44:00+00:00,3,21.92133697244875
2024-12-13 09:00:00+00:00,1,-0.13789868591882654,2024-12-13 12:59:00+00:00,3,20.13869523752915
2024-12-18 19:15:00+00:00,1,-1.0000000000000027,2024-12-18 20:30:00+00:00,1,24.21241600899014
2025-01-03 13:45:00+00:00,1,-0.2645253252051161,2025-01-03 17:44:00+00:00,3,19.533071865589626
2025-01-23 09:30:00+00:00,1,-0.23537496720815582,2025-01-23 13:29:00+00:00,3,14.190497529294037
2025-02-06 07:00:00+00:00,1,-0.025490222775469387,2025-02-06 10:59:00+00:00,3,19.222673677318504
2025-02-06 15:00:00+00:00,1,0.3528195238188483,2025-02-06 18:59:00+00:00,3,29.089046668005626
2025-02-14 13:45:00+00:00,1,-0.999999999999996,2025-02-14 15:33:00+00:00,1,25.09414150352505
2025-02-20 12:30:00+00:00,1,0.037754954709995604,2025-02-20 16:29:00+00:00,3,21.19056516609163
2025-02-21 08:30:00+00:00,1,0.5211011192996847,2025-02-21 12:29:00+00:00,3,25.41334000524188
2025-02-24 01:15:00+00:00,1,0.763525916077281,2025-02-24 05:14:00+00:00,3,21.282840120852217
2025-02-25 04:00:00+00:00,1,-0.4485537204728435,2025-02-25 07:59:00+00:00,3,18.414761462501527
2025-02-25 15:30:00+00:00,1,-0.10152788863965634,2025-02-25 19:29:00+00:00,3,35.064834317449375
2025-02-26 14:15:00+00:00,1,0.7397384357130868,2025-02-26 18:14:00+00:00,3,25.91445969212177
2025-02-27 03:00:00+00:00,1,-0.6576284557208752,2025-02-27 06:59:00+00:00,3,19.981095106880865
2025-02-28 03:45:00+00:00,1,-0.18215986626654207,2025-02-28 07:44:00+00:00,3,24.9220369718115
2025-03-05 13:45:00+00:00,1,0.5622641353596123,2025-03-05 17:44:00+00:00,3,29.01303365333191
2025-03-07 00:15:00+00:00,1,0.2730601068769158,2025-03-07 04:14:00+00:00,3,24.46322795748424
2025-03-21 01:45:00+00:00,1,-0.9999999999999886,2025-03-21 05:42:00+00:00,1,14.609786756656089
2025-03-21 13:45:00+00:00,1,-0.01468077657357267,2025-03-21 17:44:00+00:00,3,27.040303642015985
2025-03-24 14:45:00+00:00,1,-0.13729036679301734,2025-03-24 18:44:00+00:00,3,25.712141203592
2025-03-31 13:45:00+00:00,1,0.343869250382477,2025-03-31 17:44:00+00:00,3,36.05993362290436
2025-04-03 10:30:00+00:00,1,-1.0000000000000044,2025-04-03 12:35:00+00:00,1,41.79251869896352
2025-04-25 04:00:00+00:00,1,-0.34625812260509886,2025-04-25 07:59:00+00:00,3,48.403224852979086
2025-05-02 13:15:00+00:00,1,-0.31410010978674496,2025-05-02 17:14:00+00:00,3,38.87360971129553
2025-05-08 16:15:00+00:00,1,-0.0810725757708155,2025-05-08 20:14:00+00:00,3,62.53439181557415
2025-05-11 22:15:00+00:00,1,-0.12176253543510843,2025-05-12 02:14:00+00:00,3,48.785002099769315
2025-05-12 07:15:00+00:00,1,-0.47859899823042573,2025-05-12 11:14:00+00:00,3,51.81801240667202
2025-05-14 12:15:00+00:00,1,-0.9999999999999981,2025-05-14 13:10:00+00:00,1,36.675758784684675
2025-05-16 11:00:00+00:00,1,-0.07163301449734862,2025-05-16 14:59:00+00:00,3,51.37200586136448
2025-05-25 22:30:00+00:00,1,0.12759170465403602,2025-05-26 02:29:00+00:00,3,33.56769153596789
2025-05-28 23:15:00+00:00,1,-0.020863034979643078,2025-05-29 03:14:00+00:00,3,40.93382899867094
2025-05-30 14:00:00+00:00,1,0.28906758882324995,2025-05-30 17:59:00+00:00,3,45.84801043270416
2025-06-03 14:15:00+00:00,1,0.2965213083435468,2025-06-03 18:14:00+00:00,3,38.4323007254059
2025-06-06 14:15:00+00:00,1,-0.43833161818370714,2025-06-06 18:14:00+00:00,3,43.91652165035519
2025-06-12 07:45:00+00:00,1,0.8820072901617653,2025-06-12 11:44:00+00:00,3,38.29128595204786
2025-06-16 14:00:00+00:00,1,0.08451115506210323,2025-06-16 17:59:00+00:00,3,44.96505609623398
2025-06-18 19:30:00+00:00,1,0.08329236144013251,2025-06-18 20:59:00+00:00,4,36.53358720279739
2025-06-19 06:15:00+00:00,1,0.5622392017427701,2025-06-19 10:14:00+00:00,3,31.196321543405343
2025-06-29 22:30:00+00:00,1,0.805354404898879,2025-06-30 02:29:00+00:00,3,37.26310998372584
2025-07-03 12:45:00+00:00,1,0.5136949736284805,2025-07-03 16:44:00+00:00,3,37.67416139396895
2025-07-07 01:15:00+00:00,1,-0.014132468673298187,2025-07-07 05:14:00+00:00,3,25.98183717850811
2025-07-24 02:15:00+00:00,1,-0.304598663536658,2025-07-24 06:14:00+00:00,3,24.087151195320374
2025-07-25 08:30:00+00:00,1,-0.2308852946005675,2025-07-25 12:29:00+00:00,3,21.352298114757815
2025-07-28 14:00:00+00:00,1,0.260496603322933,2025-07-28 17:59:00+00:00,3,30.748998886926493
2025-07-30 13:00:00+00:00,1,-0.5687953666263996,2025-07-30 16:59:00+00:00,3,27.74289353035422
2025-08-14 08:00:00+00:00,1,0.3499415602191823,2025-08-14 11:59:00+00:00,3,25.289518370101526
2025-08-21 10:45:00+00:00,1,0.6597251383047555,2025-08-21 14:44:00+00:00,3,18.011762490261233
2025-09-17 01:45:00+00:00,1,0.020401620823647736,2025-09-17 05:44:00+00:00,3,18.62022707821693
2025-09-18 06:15:00+00:00,1,0.853869333443916,2025-09-18 10:14:00+00:00,3,34.70100844776523
2025-09-18 13:45:00+00:00,1,0.3157343183679471,2025-09-18 17:44:00+00:00,3,42.26027011284677
2025-09-23 19:00:00+00:00,1,0.13798513607226656,2025-09-23 20:59:00+00:00,4,41.961324439087406
2025-10-02 14:45:00+00:00,1,0.18125203086851668,2025-10-02 18:44:00+00:00,3,52.74321290259005
2025-10-17 12:00:00+00:00,1,-0.5434932176039953,2025-10-17 15:59:00+00:00,3,92.70811269895708
2025-10-21 08:15:00+00:00,1,-0.2316939585818788,2025-10-21 12:14:00+00:00,3,88.54833076711307
2025-10-22 00:15:00+00:00,1,0.7058415590443957,2025-10-22 04:14:00+00:00,3,119.76229231875402
2025-10-31 16:15:00+00:00,1,0.26949277557486867,2025-10-31 20:14:00+00:00,3,69.90852986619689
2025-11-04 14:30:00+00:00,1,-0.023092432092637123,2025-11-04 18:29:00+00:00,3,57.46056940005358
2025-11-05 23:15:00+00:00,1,0.4273967429757018,2025-11-06 03:14:00+00:00,3,33.43506776164743
2025-11-11 15:30:00+00:00,1,0.3146302984446003,2025-11-11 19:29:00+00:00,3,49.582312108434294
2025-11-13 14:45:00+00:00,1,-0.4569288280720318,2025-11-13 18:44:00+00:00,3,71.16231518691583
2025-11-17 19:45:00+00:00,1,0.36834002826724405,2025-11-17 21:59:00+00:00,4,67.1933488098746
2025-11-27 01:30:00+00:00,1,-0.05558206619343982,2025-11-27 05:29:00+00:00,3,30.949098541303087
2025-11-28 08:30:00+00:00,1,0.16216772898309462,2025-11-28 12:29:00+00:00,3,39.488797394564074
2025-12-02 01:15:00+00:00,1,0.2742823176465885,2025-12-02 05:14:00+00:00,3,47.761364161759104
2025-12-05 01:15:00+00:00,1,0.6504572944386482,2025-12-05 05:14:00+00:00,3,28.395737893430805
2025-12-08 15:15:00+00:00,1,0.1304454397282584,2025-12-08 19:14:00+00:00,3,48.21969304257241
2025-12-16 03:15:00+00:00,1,0.06344498923205974,2025-12-16 07:14:00+00:00,3,48.38560548133516
2025-12-19 01:30:00+00:00,1,0.1372449620672414,2025-12-19 05:29:00+00:00,3,43.78860640476984
2025-12-23 14:45:00+00:00,1,0.4337314713394506,2025-12-23 18:44:00+00:00,3,52.682590879753946
2025-12-24 15:00:00+00:00,1,0.2601949234661655,2025-12-24 18:43:00+00:00,4,52.56350750547391
2025-12-29 00:30:00+00:00,1,0.35735800414380753,2025-12-29 04:29:00+00:00,3,72.89690637030444
2025-12-29 14:15:00+00:00,1,-0.999999999999998,2025-12-29 15:22:00+00:00,1,87.12140715879212
2025-12-31 06:00:00+00:00,1,0.45355512664877107,2025-12-31 09:59:00+00:00,3,86.12729581767113
2026-01-23 08:30:00+00:00,1,0.3122658682788975,2026-01-23 12:29:00+00:00,3,63.88849163201422
2026-01-29 08:45:00+00:00,1,0.2990686385038696,2026-01-29 12:44:00+00:00,3,153.21981741962924
2026-02-05 03:00:00+00:00,1,0.4968029961985861,2026-02-05 06:59:00+00:00,3,212.98782231770917
2026-02-09 23:15:00+00:00,1,0.10427468588181937,2026-02-10 03:14:00+00:00,3,107.69613328279499
2026-02-12 16:15:00+00:00,1,-0.09474600826636205,2026-02-12 20:14:00+00:00,3,119.34148058736109
2026-02-17 01:00:00+00:00,1,0.2570107427220532,2026-02-17 04:59:00+00:00,3,62.99324781049627
2026-02-17 05:30:00+00:00,1,0.2202559921396596,2026-02-17 09:29:00+00:00,3,78.28692375173375
2026-02-17 14:00:00+00:00,1,-0.07684411388386399,2026-02-17 17:59:00+00:00,3,89.39694348785392
2026-02-24 01:15:00+00:00,1,-0.183441517968233,2026-02-24 05:14:00+00:00,3,78.50126178902286
2026-02-24 14:00:00+00:00,1,0.6306565198619585,2026-02-24 17:59:00+00:00,3,75.78288219467102
2026-02-25 21:00:00+00:00,1,0.1744981782866037,2026-02-25 21:59:00+00:00,4,69.51294810984979
2026-02-26 15:30:00+00:00,1,0.5416995678270417,2026-02-26 19:29:00+00:00,3,79.08954701470095
2026-03-02 14:30:00+00:00,1,-0.29998838009914003,2026-03-02 18:29:00+00:00,3,122.96211946295897
2026-03-03 06:00:00+00:00,1,-0.9999999999999974,2026-03-03 09:28:00+00:00,1,93.88662277559276
2026-03-05 06:15:00+00:00,1,0.2642019330161811,2026-03-05 10:14:00+00:00,3,79.1076370501799
2026-03-05 13:30:00+00:00,1,-0.5206772725412027,2026-03-05 17:29:00+00:00,3,93.22480857594738
2026-03-08 23:15:00+00:00,1,-0.11169256833572709,2026-03-09 03:14:00+00:00,3,139.3071226165274
2026-03-11 23:00:00+00:00,1,0.15460384676911929,2026-03-12 02:59:00+00:00,3,67.27122799558558
2026-03-13 15:00:00+00:00,1,0.04625597225588318,2026-03-13 18:59:00+00:00,3,85.68361474114097
2026-03-19 06:45:00+00:00,1,-0.9999999999999977,2026-03-19 08:13:00+00:00,1,80.18763625867832
2026-03-20 14:15:00+00:00,1,-0.1878059576897349,2026-03-20 18:14:00+00:00,3,134.23668518758578
2026-03-20 19:00:00+00:00,1,-0.06661226381131959,2026-03-20 20:59:00+00:00,4,157.02755527312544
2026-03-25 19:15:00+00:00,1,-0.03747957996449862,2026-03-25 20:59:00+00:00,4,110.98491425704658
2026-03-26 06:00:00+00:00,1,-0.17713458875681498,2026-03-26 09:59:00+00:00,3,93.32041558633208
2026-03-26 16:30:00+00:00,1,0.055741137212658,2026-03-26 20:29:00+00:00,3,124.86219846837811
2026-04-02 01:30:00+00:00,1,-0.1671013456475424,2026-04-02 05:29:00+00:00,3,116.69564912499429
2026-04-08 15:00:00+00:00,1,-0.30596688163479213,2026-04-08 18:59:00+00:00,3,103.75982571340484
2026-04-10 20:30:00+00:00,1,0.0162365097487546,2026-04-10 20:59:00+00:00,4,55.003594988664446
2026-04-12 22:15:00+00:00,1,0.46112125578785434,2026-04-13 02:14:00+00:00,3,96.54731585770163
2026-04-16 14:00:00+00:00,1,-0.1047346921113172,2026-04-16 17:59:00+00:00,3,56.14073707545319
2026-04-19 22:15:00+00:00,1,0.11585881429769251,2026-04-20 02:14:00+00:00,3,85.96636343876658
2026-04-23 00:15:00+00:00,1,0.1302266182703061,2026-04-23 04:14:00+00:00,3,46.48222257976147
2026-04-23 17:45:00+00:00,1,0.17750275298473867,2026-04-23 20:59:00+00:00,4,80.33546176168899
2026-04-26 22:15:00+00:00,1,0.2577975277288732,2026-04-27 02:14:00+00:00,3,52.754957644719084
2026-04-28 05:45:00+00:00,1,-0.23180894064776694,2026-04-28 09:44:00+00:00,3,49.95526959676632
2026-04-29 13:45:00+00:00,1,0.45257084811983517,2026-04-29 17:44:00+00:00,3,65.27163467382275
2026-05-04 10:15:00+00:00,1,0.28716333553663065,2026-05-04 14:14:00+00:00,3,61.56836055762666
2026-05-10 22:15:00+00:00,1,-0.038797034021960816,2026-05-11 02:14:00+00:00,3,50.25402277262691
2026-05-15 05:45:00+00:00,1,-0.34671096658148254,2026-05-15 09:44:00+00:00,3,74.29893020183985
2026-05-18 00:45:00+00:00,1,0.7411625586128209,2026-05-18 04:44:00+00:00,3,80.64360353431388
2026-05-19 13:30:00+00:00,1,0.18682779167291472,2026-05-19 17:29:00+00:00,3,76.11140952409758
2026-05-27 11:00:00+00:00,1,-0.21966707950310743,2026-05-27 14:59:00+00:00,3,56.40415826885306
2026-05-28 01:30:00+00:00,1,-0.7393675836976138,2026-05-28 05:29:00+00:00,3,55.6423322118156
2026-06-01 13:30:00+00:00,1,0.26021240313842636,2026-06-01 17:29:00+00:00,3,65.84352081071063
2026-06-02 23:30:00+00:00,1,0.36606839201120495,2026-06-03 03:29:00+00:00,3,40.866573744072646
2026-06-05 13:00:00+00:00,1,-0.9999999999999991,2026-06-05 15:38:00+00:00,1,67.69099233524508
2026-06-09 14:45:00+00:00,1,-0.2826676299024974,2026-06-09 18:44:00+00:00,3,75.14208253108625
2026-06-17 18:15:00+00:00,1,-0.2999696398426275,2026-06-17 20:59:00+00:00,4,93.76599958501197
2026-06-23 01:45:00+00:00,1,-0.5267457376229776,2026-06-23 05:44:00+00:00,3,51.505630052518384
2026-06-26 02:45:00+00:00,1,0.5228548448714667,2026-06-26 06:44:00+00:00,3,61.50876589449204
2026-06-30 00:45:00+00:00,1,-1.0000000000000007,2026-06-30 01:07:00+00:00,1,45.32254474809585
2026-06-30 01:15:00+00:00,1,0.4064123155392904,2026-06-30 05:14:00+00:00,3,64.0230977156732
2026-07-07 19:15:00+00:00,1,-0.01909389378513049,2026-07-07 20:59:00+00:00,4,55.51819894250844
2026-07-08 08:30:00+00:00,1,-0.3130532910914064,2026-07-08 12:29:00+00:00,3,59.734082675447496
2026-07-13 14:30:00+00:00,1,-0.32396366478734057,2026-07-13 18:29:00+00:00,3,67.87795245127224
2026-07-16 13:00:00+00:00,1,-0.015533888450892435,2026-07-16 16:59:00+00:00,3,60.5248035511022
2026-07-17 12:45:00+00:00,1,1.0255304077240717,2026-07-17 16:44:00+00:00,3,46.083479738555674
2026-07-23 07:15:00+00:00,1,-0.4333094983232584,2026-07-23 11:14:00+00:00,3,45.04924020223636
2026-07-23 13:15:00+00:00,1,0.10505540995262035,2026-07-23 17:14:00+00:00,3,54.92125910723827
2026-07-28 10:00:00+00:00,1,-0.04752009438617472,2026-07-28 13:59:00+00:00,3,39.98103051543494
2026-08-20 12:00:00+00:00,1,1.1792253386646145,2026-08-20 15:59:00+00:00,3,45.673936537220534
2026-08-25 13:30:00+00:00,1,0.4546979216224169,2026-08-25 17:29:00+00:00,3,58.83026670663631
2026-08-28 14:15:00+00:00,1,-0.9653154373519149,2026-08-28 18:14:00+00:00,3,88.88266090809533
2026-09-01 08:30:00+00:00,1,-0.23450406244500274,2026-09-01 12:29:00+00:00,3,64.47699468339086
2026-09-01 13:15:00+00:00,1,0.22620050190598254,2026-09-01 17:14:00+00:00,3,71.43957609548792
2026-09-02 02:00:00+00:00,1,0.4381698638705183,2026-09-02 05:59:00+00:00,3,64.35793366104971
2026-09-04 12:45:00+00:00,1,0.5578325756479586,2026-09-04 16:44:00+00:00,3,77.83683451000499
2026-09-07 01:15:00+00:00,1,0.03663036095048068,2026-09-07 05:14:00+00:00,3,53.77305905237476
2026-09-27 22:15:00+00:00,1,-1.0000000000000064,2026-09-28 01:02:00+00:00,1,47.77595024713233
2026-10-02 01:15:00+00:00,1,0.9715020969773968,2026-10-02 05:14:00+00:00,3,47.44183660889446
