entry_time,exit_time,dir,entry,exit,lots,risk,r,usd,reason,equity
2019-01-15 08:15:00+00:00,2019-01-15 12:14:00+00:00,1,1288.4820556640625,1290.72802734375,0.1,4.8504290917779125,0.4630459774156279,22.459716796875,time,10022.459716796875
2019-01-17 13:15:00+00:00,2019-01-17 17:14:00+00:00,1,1292.572021484375,1291.5579833984375,0.12,4.11545332599167,-0.24639766402724417,-12.168457031249998,time,10010.291259765625
2019-01-18 09:30:00+00:00,2019-01-18 13:29:00+00:00,1,1284.7320556640625,1282.258056640625,0.07,6.283044346287391,-0.3937580075969652,-17.3179931640625,time,9992.973266601562
2019-01-23 13:30:00+00:00,2019-01-23 17:29:00+00:00,1,1282.3719482421875,1285.3680419921875,0.1,4.967247176937247,0.6031698530950418,29.9609375,time,10022.934204101562
2019-02-07 02:00:00+00:00,2019-02-07 05:59:00+00:00,1,1304.175048828125,1303.9449462890625,0.08,5.986437967817311,-0.038437304503866204,-1.8408203125000002,time,10021.093383789062
2019-02-11 09:00:00+00:00,2019-02-11 12:59:00+00:00,1,1309.7750244140625,1306.2550048828125,0.11,4.36260310293767,-0.8068621985987461,-38.72021484375,time,9982.373168945312
2019-02-14 09:00:00+00:00,2019-02-14 12:59:00+00:00,1,1305.905029296875,1304.3050537109375,0.09,5.30538005043268,-0.30157605500986007,-14.399780273437498,time,9967.973388671875
2019-02-20 19:15:00+00:00,2019-02-20 21:59:00+00:00,1,1339.385009765625,1338.06494140625,0.05,8.684800252499018,-0.1519975498567345,-6.600341796875001,closure,9961.373046875
2019-02-28 01:45:00+00:00,2019-02-28 05:44:00+00:00,1,1317.635009765625,1318.4949951171875,0.09,5.387821324462314,0.15961653139051035,7.739868164062499,time,9969.112915039062
2019-03-04 06:00:00+00:00,2019-03-04 08:41:00+00:00,1,1294.302001953125,1289.2408406491431,0.09,5.061161303981843,-1.0000000000000038,-45.55045173583675,stop,9923.562463303226
2019-03-05 07:30:00+00:00,2019-03-05 11:29:00+00:00,1,1285.35205078125,1284.4949951171875,0.1,4.788300014485698,-0.17898954983391002,-8.570556640625,time,9914.9919066626
2019-03-15 00:45:00+00:00,2019-03-15 04:44:00+00:00,1,1294.9520263671875,1297.9649658203125,0.11,4.138675256239184,0.7279961017919679,33.142333984375,time,9948.134240646976
2019-03-21 11:00:00+00:00,2019-03-21 14:59:00+00:00,1,1314.531982421875,1309.5550537109375,0.08,5.911172447285328,-0.8419528875736193,-39.8154296875,time,9908.318810959476
2019-03-27 13:45:00+00:00,2019-03-27 17:44:00+00:00,1,1311.8719482421875,1309.7650146484375,0.05,9.809557952363749,-0.21478374499457492,-10.53466796875,time,9897.784142990726
2019-03-28 13:15:00+00:00,2019-03-28 17:14:00+00:00,1,1294.824951171875,1291.89794921875,0.04,10.45001324424581,-0.2800955256910055,-11.7080078125,time,9886.076135178226
2019-04-01 06:15:00+00:00,2019-04-01 10:14:00+00:00,1,1290.58203125,1290.5250244140625,0.09,5.44558712699941,-0.010468446213055363,-0.5130615234375,time,9885.563073654788
2019-04-04 12:45:00+00:00,2019-04-04 16:44:00+00:00,1,1284.5250244140625,1289.0550537109375,0.06,7.088577812900914,0.6390603893252801,27.18017578125,time,9912.743249436038
2019-04-16 13:15:00+00:00,2019-04-16 17:14:00+00:00,1,1276.2120361328125,1274.3349609375,0.05,9.127921541457194,-0.2056410308510212,-9.3853759765625,time,9903.357873459476
2019-05-02 06:15:00+00:00,2019-05-02 10:14:00+00:00,1,1271.83203125,1271.0980224609375,0.09,4.984571565441904,-0.14725614416921848,-6.606079101562499,time,9896.751794357913
2019-05-03 07:15:00+00:00,2019-05-03 11:14:00+00:00,1,1270.1820068359375,1269.7550048828125,0.1,4.650903757504164,-0.09181053304662319,-4.27001953125,time,9892.481774826663
2019-05-06 12:30:00+00:00,2019-05-06 16:29:00+00:00,1,1278.9820556640625,1280.748046875,0.08,5.8047939496718,0.30422978425226416,14.127929687500002,time,9906.609704514163
2019-05-15 06:45:00+00:00,2019-05-15 10:44:00+00:00,1,1293.3819580078125,1297.9580078125,0.11,4.353778904383197,1.051052408766217,50.3365478515625,time,9956.946252365726
2019-05-21 11:30:00+00:00,2019-05-21 15:29:00+00:00,1,1273.094970703125,1273.6080322265625,0.1,4.897245449676895,0.10476532751107058,5.130615234375,time,9962.0768676001
2019-05-28 12:30:00+00:00,2019-05-28 16:29:00+00:00,1,1277.6619873046875,1278.2080078125,0.07,6.634781220446742,0.08229668615595054,3.8221435546875,time,9965.899011154788
2019-06-09 22:15:00+00:00,2019-06-10 02:14:00+00:00,1,1334.6820068359375,1329.137939453125,0.04,10.043743806517318,-0.5519921146549946,-22.17626953125,time,9943.722741623538
2019-06-11 06:45:00+00:00,2019-06-11 09:01:00+00:00,1,1326.281982421875,1321.5677354880956,0.1,4.714246933779448,-0.9999999999999792,-47.1424693377935,stop,9896.580272285744
2019-06-28 13:45:00+00:00,2019-06-28 17:44:00+00:00,1,1407.5419921875,1409.718017578125,0.03,12.387007880171055,0.17566997709821033,6.528076171875,time,9903.10834845762
2019-06-30 22:15:00+00:00,2019-07-01 02:14:00+00:00,1,1393.655029296875,1392.14794921875,0.02,18.160634951786996,-0.08298608953519569,-3.01416015625,time,9900.09418830137
2019-07-05 06:15:00+00:00,2019-07-05 10:14:00+00:00,1,1413.592041015625,1414.1080322265625,0.05,9.557721122225919,0.05398684522585544,2.5799560546875004,time,9902.674144356057
2019-07-05 12:45:00+00:00,2019-07-05 16:44:00+00:00,1,1398.7220458984375,1397.8380126953125,0.02,17.949066033303374,-0.049252323295525875,-1.76806640625,time,9900.906077949807
2019-07-15 12:45:00+00:00,2019-07-15 16:44:00+00:00,1,1411.58203125,1412.407958984375,0.05,8.700768047223654,0.09492584216614612,4.129638671875,time,9905.035716621682
2019-07-23 01:15:00+00:00,2019-07-23 05:14:00+00:00,1,1418.1319580078125,1416.594970703125,0.06,7.505001942137023,-0.2047950575546218,-9.221923828124998,time,9895.813792793557
2019-07-31 01:15:00+00:00,2019-07-31 05:14:00+00:00,1,1428.8819580078125,1429.824951171875,0.09,5.1381915529572115,0.18352627657872622,8.4869384765625,time,9904.30073127012
2019-08-09 12:15:00+00:00,2019-08-09 16:14:00+00:00,1,1500.001953125,1502.135009765625,0.05,8.951128540262765,0.2383003026970701,10.665283203125,time,9914.966014473244
2019-08-12 06:45:00+00:00,2019-08-12 10:44:00+00:00,1,1492.5849609375,1505.4150390625,0.06,8.213392009802039,1.5620925081486807,76.98046875,time,9991.946483223244
2019-08-15 06:45:00+00:00,2019-08-15 10:44:00+00:00,1,1511.8050537109375,1521.344970703125,0.03,15.429143142611178,0.6183050415703769,28.619750976562496,time,10020.566234199807
2019-08-19 08:15:00+00:00,2019-08-19 12:14:00+00:00,1,1502.114990234375,1497.675048828125,0.04,11.388736043375628,-0.3898537457835399,-17.759765625,time,10002.806468574807
2019-08-26 07:15:00+00:00,2019-08-26 11:14:00+00:00,1,1531.885009765625,1531.1650390625,0.02,19.429924051093472,-0.03705473584105346,-1.43994140625,time,10001.366527168557
2019-08-28 02:15:00+00:00,2019-08-28 06:14:00+00:00,1,1537.58203125,1540.4849853515625,0.04,10.562609803223099,0.2748330342257541,11.61181640625,time,10012.978343574807
2019-09-06 07:00:00+00:00,2019-09-06 10:59:00+00:00,1,1506.27197265625,1507.1650390625,0.03,13.448860469120703,0.06640461534272943,2.67919921875,time,10015.657542793557
2019-09-09 15:00:00+00:00,2019-09-09 18:59:00+00:00,1,1499.10205078125,1501.4749755859375,0.03,14.681116897445104,0.16163108169927115,7.118774414062499,time,10022.77631720762
2019-09-18 18:15:00+00:00,2019-09-18 20:59:00+00:00,1,1497.60498046875,1493.6419677734375,0.03,15.982849703706107,-0.24795407382161366,-11.8890380859375,closure,10010.887279121682
2019-09-20 11:45:00+00:00,2019-09-20 15:44:00+00:00,1,1500.2020263671875,1502.7249755859375,0.06,7.816931740936457,0.3227544134148668,15.1376953125,time,10026.024974434182
2019-09-25 14:45:00+00:00,2019-09-25 16:04:00+00:00,1,1519.7750244140625,1505.6253232316112,0.03,14.149701182451384,-0.9999999999999927,-42.449103547353836,stop,9983.575870886829
2019-09-27 06:45:00+00:00,2019-09-27 10:42:00+00:00,1,1499.4849853515625,1490.8150680103997,0.05,8.669917341162755,-1.000000000000002,-43.34958670581386,stop,9940.226284181015
2019-09-30 15:30:00+00:00,2019-09-30 19:29:00+00:00,1,1470.5450439453125,1473.998046875,0.02,19.578144091541077,0.17637028890697576,6.906005859375,time,9947.13229004039
2019-10-04 13:00:00+00:00,2019-10-04 16:59:00+00:00,1,1496.81494140625,1508.3050537109375,0.02,19.180275590141488,0.5990587700727996,22.980224609375,time,9970.112514649765
2019-10-07 07:30:00+00:00,2019-10-07 11:29:00+00:00,1,1502.251953125,1499.4949951171875,0.05,8.844748022753667,-0.3117056586258934,-13.7847900390625,time,9956.327724610703
2019-10-15 13:15:00+00:00,2019-10-15 15:02:00+00:00,1,1488.7020263671875,1477.4045535866644,0.04,11.297472780523156,-0.9999999999999944,-45.18989112209238,stop,9911.13783348861
2019-10-16 06:30:00+00:00,2019-10-16 10:29:00+00:00,1,1478.802001953125,1482.85498046875,0.06,7.211151863269305,0.5620431510074327,24.31787109375,time,9935.45570458236
2019-10-24 07:30:00+00:00,2019-10-24 11:29:00+00:00,1,1488.9720458984375,1490.344970703125,0.07,6.476413561887038,0.21198843952260976,9.610473632812502,time,9945.066178215173
2019-10-28 13:00:00+00:00,2019-10-28 16:59:00+00:00,1,1498.1319580078125,1492.68505859375,0.05,9.75327685276496,-0.5584686558465073,-27.234497070312504,time,9917.83168114486
2019-10-29 10:45:00+00:00,2019-10-29 14:44:00+00:00,1,1486.592041015625,1486.594970703125,0.05,9.046358568264305,0.00032385268369503837,0.014648437500000002,time,9917.84632958236
2019-10-30 18:30:00+00:00,2019-10-30 20:59:00+00:00,1,1488.7550048828125,1495.197998046875,0.04,10.419350886895213,0.6183679995042763,25.771972656250004,closure,9943.61830223861
2019-11-07 07:30:00+00:00,2019-11-07 11:29:00+00:00,1,1485.9949951171875,1482.074951171875,0.07,6.569221878993806,-0.5967288086047909,-27.440307617187504,time,9916.177994621423
2019-11-07 15:45:00+00:00,2019-11-07 19:44:00+00:00,1,1475.0419921875,1468.18505859375,0.03,14.860676071759048,-0.461414646321562,-20.57080078125,time,9895.607193840173
2019-11-11 15:15:00+00:00,2019-11-11 19:14:00+00:00,1,1454.1519775390625,1456.407958984375,0.04,11.22212654047562,0.20102976358141175,9.02392578125,time,9904.631119621423
2019-11-12 05:45:00+00:00,2019-11-12 06:28:00+00:00,1,1454.0849609375,1449.246427011258,0.1,4.838533926241985,-1.0000000000000047,-48.38533926242008,stop,9856.245780359002
2019-11-24 23:15:00+00:00,2019-11-25 03:14:00+00:00,1,1460.4520263671875,1460.91796875,0.07,6.478942181404394,0.07191642860308733,3.2615966796875,time,9859.50737703869
2019-11-25 06:00:00+00:00,2019-11-25 09:59:00+00:00,1,1458.625,1459.3050537109375,0.09,4.951020356888897,0.13735627444780485,6.1204833984375,time,9865.627860437127
2019-11-27 13:45:00+00:00,2019-11-27 17:44:00+00:00,1,1454.7320556640625,1456.18798828125,0.06,7.1072673327046205,0.2048512528138512,8.735595703125,time,9874.363456140252
2019-11-29 13:15:00+00:00,2019-11-29 16:33:00+00:00,1,1453.862060546875,1463.9637692755111,0.09,5.050854364318016,2.0000000000000213,90.91537855772526,target,9965.278834697978
2019-12-02 08:30:00+00:00,2019-12-02 12:29:00+00:00,1,1455.6619873046875,1457.8349609375,0.08,6.212286682484066,0.3497864383720951,17.3837890625,time,9982.662623760478
2019-12-06 06:15:00+00:00,2019-12-06 10:14:00+00:00,1,1473.58203125,1474.7449951171875,0.11,4.408059557159736,0.26382671379713335,12.7926025390625,time,9995.45522629954
2020-01-06 15:30:00+00:00,2020-01-06 19:29:00+00:00,1,1567.0419921875,1564.655029296875,0.03,15.424831763039053,-0.15474806644858422,-7.160888671875,time,9988.294337627665
2020-01-07 02:00:00+00:00,2020-01-07 05:59:00+00:00,1,1558.10498046875,1562.425048828125,0.04,11.247418560887006,0.38409421112841613,17.2802734375,time,10005.574611065165
2020-01-09 06:30:00+00:00,2020-01-09 10:29:00+00:00,1,1550.905029296875,1546.4580078125,0.04,11.967816842716141,-0.37158167966796285,-17.7880859375,time,9987.786525127665
2020-01-14 00:00:00+00:00,2020-01-14 01:14:00+00:00,1,1545.4449462890625,1538.4458254784242,0.07,6.99912081063815,-1.0000000000000158,-48.99384567446782,stop,9938.792679453198
2020-01-16 05:45:00+00:00,2020-01-16 09:44:00+00:00,1,1553.5150146484375,1554.6650390625,0.09,5.440377228684261,0.2113868883942502,10.3502197265625,time,9949.14289917976
2020-01-21 08:00:00+00:00,2020-01-21 11:59:00+00:00,1,1559.6619873046875,1555.5849609375,0.05,9.228577833696864,-0.44178273626309,-20.3851318359375,time,9928.757767343823
2020-01-28 12:15:00+00:00,2020-01-28 16:14:00+00:00,1,1575.14501953125,1570.8050537109375,0.05,8.763040200948879,-0.49525800644422013,-21.6998291015625,time,9907.05793824226
2020-02-03 07:30:00+00:00,2020-02-03 11:29:00+00:00,1,1575.675048828125,1579.2449951171875,0.04,11.017661980115472,0.32402031352073524,14.27978515625,time,9921.33772339851
2020-02-07 06:30:00+00:00,2020-02-07 10:29:00+00:00,1,1563.491943359375,1568.4580078125,0.08,6.176993307638806,0.8039614430185142,39.728515625,time,9961.06623902351
2020-02-12 05:45:00+00:00,2020-02-12 09:44:00+00:00,1,1565.2020263671875,1565.5350341796875,0.09,5.192482991375956,0.06413267276042753,2.9970703125,time,9964.06330933601
2020-02-17 08:00:00+00:00,2020-02-17 11:59:00+00:00,1,1580.35498046875,1580.35498046875,0.1,4.914822039810693,0.0,0.0,time,9964.06330933601
2020-02-28 15:45:00+00:00,2020-02-28 19:44:00+00:00,1,1586.572021484375,1587.60498046875,0.01,49.154121700760065,0.02101469721427303,1.032958984375,time,9965.096268320385
2020-03-04 07:15:00+00:00,2020-03-04 11:14:00+00:00,1,1634.114990234375,1641.2979736328125,0.02,18.386598598097482,0.3906640676422199,14.365966796875002,time,9979.46223511726
2020-03-10 05:15:00+00:00,2020-03-10 09:14:00+00:00,1,1658.491943359375,1662.4580078125,0.02,21.56967566369854,0.1838722341013143,7.932128906250001,time,9987.39436402351
2020-03-12 12:30:00+00:00,2020-03-12 14:11:00+00:00,1,1616.7249755859375,1582.9288429408737,0.01,33.796132645063764,-1.000000000000002,-33.796132645063835,stop,9953.598231378446
2020-03-13 01:45:00+00:00,2020-03-13 05:44:00+00:00,1,1555.4720458984375,1588.175048828125,0.01,44.244967783455046,0.7391349698737142,32.7030029296875,time,9986.301234308134
2020-03-18 06:00:00+00:00,2020-03-18 08:49:00+00:00,1,1519.2020263671875,1490.5213541162593,0.01,28.680672250928136,-1.0000000000000016,-28.680672250928186,stop,9957.620562057205
2020-03-31 09:30:00+00:00,2020-03-31 13:29:00+00:00,1,1606.501953125,1606.8780517578125,0.02,21.419311382863796,0.017558857336253685,0.752197265625,time,9958.37275932283
2020-04-05 22:15:00+00:00,2020-04-06 02:14:00+00:00,1,1613.9219970703125,1619.39794921875,0.01,25.1211893493372,0.2179814049521496,5.4759521484375,time,9963.848711471268
2020-04-17 06:15:00+00:00,2020-04-17 10:14:00+00:00,1,1689.9219970703125,1688.5679931640625,0.01,26.486457958417112,-0.05112061070512874,-1.35400390625,time,9962.494707565018
2020-04-27 07:00:00+00:00,2020-04-27 10:59:00+00:00,1,1714.7919921875,1717.258056640625,0.03,14.268772041761322,0.17282948006369522,7.398193359374999,time,9969.892900924393
2020-04-29 08:00:00+00:00,2020-04-29 11:59:00+00:00,1,1704.802001953125,1709.008056640625,0.03,13.012106564186524,0.32324164167825115,12.6181640625,time,9982.511064986893
2020-04-30 12:45:00+00:00,2020-04-30 16:44:00+00:00,1,1701.35205078125,1687.7979736328125,0.02,22.56774003446253,-0.6005952358428212,-27.108154296875004,time,9955.402910690018
2020-05-01 05:45:00+00:00,2020-05-01 09:44:00+00:00,1,1679.2049560546875,1673.39794921875,0.03,14.855593872316401,-0.3908969837119023,-17.4210205078125,time,9937.981890182205
2020-05-06 13:15:00+00:00,2020-05-06 17:14:00+00:00,1,1689.77197265625,1684.887939453125,0.02,19.270672058150804,-0.2534438440126549,-9.76806640625,time,9928.213823775955
2020-05-21 14:45:00+00:00,2020-05-21 18:44:00+00:00,1,1721.1419677734375,1724.094970703125,0.02,23.035811167847466,0.12819183610122625,5.906005859375,time,9934.11982963533
2020-06-02 15:30:00+00:00,2020-06-02 19:29:00+00:00,1,1733.6719970703125,1728.68798828125,0.02,18.7532523920081,-0.2657677017767056,-9.968017578125,time,9924.151812057205
2020-06-03 13:15:00+00:00,2020-06-03 17:14:00+00:00,1,1703.9820556640625,1699.157958984375,0.02,22.347805941982998,-0.2158644428992854,-9.648193359375,time,9914.50361869783
2020-06-05 12:45:00+00:00,2020-06-05 16:44:00+00:00,1,1684.802001953125,1680.93505859375,0.01,25.457559756198567,-0.15189764440927817,-3.8669433593750004,time,9910.636675338455
2020-06-08 13:15:00+00:00,2020-06-08 17:14:00+00:00,1,1688.1920166015625,1698.2979736328125,0.03,15.006216077656198,0.673451387008712,30.31787109375,time,9940.954546432205
2020-06-22 07:30:00+00:00,2020-06-22 11:29:00+00:00,1,1745.7449951171875,1747.5379638671875,0.03,15.489458801264554,0.11575412498296084,5.37890625,time,9946.333452682205
2020-06-26 13:30:00+00:00,2020-06-26 17:29:00+00:00,1,1754.302001953125,1766.68505859375,0.03,15.41573682061,0.8032737445328937,37.149169921875,time,9983.48262260408
2020-06-30 12:00:00+00:00,2020-06-30 15:59:00+00:00,1,1766.2020263671875,1782.8280029296875,0.04,10.215087175342033,1.6275902767264745,66.50390625,time,10049.98652885408
2020-07-02 13:00:00+00:00,2020-07-02 16:59:00+00:00,1,1760.81201171875,1776.407958984375,0.03,15.93554701746772,0.978689168845571,46.78784179687499,time,10096.774370650955
2020-07-09 00:45:00+00:00,2020-07-09 04:44:00+00:00,1,1806.864990234375,1810.905029296875,0.05,9.496272152453551,0.42543421225098055,20.200195312500004,time,10116.974565963455
2020-07-29 14:15:00+00:00,2020-07-29 18:14:00+00:00,1,1942.344970703125,1968.35498046875,0.01,25.464415176816882,1.0214257655249368,26.010009765625004,time,10142.98457572908
2020-07-31 13:30:00+00:00,2020-07-31 17:29:00+00:00,1,1963.761962890625,1969.135009765625,0.02,23.118210001532752,0.23241621538362026,10.74609375,time,10153.73066947908
2020-08-11 05:45:00+00:00,2020-08-11 08:08:00+00:00,1,2008.7120361328125,1987.6031601815516,0.02,21.10887595126082,-1.0000000000000024,-42.21775190252174,stop,10111.512917576558
2020-08-18 14:30:00+00:00,2020-08-18 18:29:00+00:00,1,1983.2049560546875,2004.4549560546875,0.01,37.36499110119022,0.5687141726449684,21.25,time,10132.762917576558
2020-08-19 15:00:00+00:00,2020-08-19 18:59:00+00:00,1,1964.8719482421875,1946.125,0.01,37.40413283628569,-0.5011999161761375,-18.7469482421875,time,10114.01596933437
2020-08-26 12:30:00+00:00,2020-08-26 16:29:00+00:00,1,1909.8050537109375,1944.35498046875,0.02,21.012743186472004,1.6442368543320764,69.099853515625,time,10183.115822849995
2020-09-01 14:15:00+00:00,2020-09-01 18:14:00+00:00,1,1973.9019775390625,1970.364990234375,0.01,26.75221294945169,-0.13221288688792357,-3.5369873046875,time,10179.578835545308
2020-09-15 14:15:00+00:00,2020-09-15 18:14:00+00:00,1,1952.1219482421875,1953.614990234375,0.02,22.97493574250502,0.06498568739956395,2.986083984375,time,10182.564919529683
2020-09-17 02:00:00+00:00,2020-09-17 05:59:00+00:00,1,1947.052001953125,1943.8179931640625,0.02,18.823794147973835,-0.17180430064417188,-6.468017578125,time,10176.096901951558
2020-09-21 08:45:00+00:00,2020-09-21 12:34:00+00:00,1,1938.0150146484375,1921.5813920713788,0.03,16.433622577058678,-1.0000000000000022,-49.30086773117614,stop,10126.796034220382
2020-09-30 03:15:00+00:00,2020-09-30 07:14:00+00:00,1,1888.35498046875,1887.7650146484375,0.03,13.378260265632289,-0.044098844588042314,-1.7698974609374998,time,10125.026136759445
2020-10-06 16:00:00+00:00,2020-10-06 19:59:00+00:00,1,1902.342041015625,1887.66796875,0.02,22.69734349721351,-0.6465105604727045,-29.348144531250004,time,10095.677992228195
2020-10-13 13:00:00+00:00,2020-10-13 14:00:00+00:00,1,1909.85205078125,1891.1067754599387,0.02,18.74527532131123,-1.0000000000000029,-37.490550642622566,stop,10058.187441585573
2020-10-14 01:30:00+00:00,2020-10-14 05:29:00+00:00,1,1884.7550048828125,1895.3480224609375,0.03,15.062721051784436,0.7032605557592847,31.779052734374996,time,10089.966494319948
2020-10-20 02:00:00+00:00,2020-10-20 05:59:00+00:00,1,1896.9119873046875,1901.66796875,0.04,11.025459023981407,0.4313635772413461,19.02392578125,time,10108.990420101198
2020-10-22 12:15:00+00:00,2020-10-22 16:14:00+00:00,1,1905.2020263671875,1901.0579833984375,0.03,13.6217596037879,-0.30422229501081754,-12.43212890625,time,10096.558291194948
2020-10-23 14:00:00+00:00,2020-10-23 17:59:00+00:00,1,1903.5350341796875,1903.0279541015625,0.03,15.698703265691346,-0.0323007620147325,-1.5212402343749998,time,10095.037050960573
2020-10-25 23:00:00+00:00,2020-10-26 02:59:00+00:00,1,1893.781982421875,1899.074951171875,0.03,15.50025171200491,0.341476309439582,15.87890625,time,10110.915957210573
2020-10-28 08:30:00+00:00,2020-10-28 11:21:00+00:00,1,1902.844970703125,1892.6525656168237,0.04,10.192405086301301,-0.9999999999999978,-40.76962034520511,stop,10070.146336865368
2020-10-29 08:15:00+00:00,2020-10-29 12:14:00+00:00,1,1877.491943359375,1873.0150146484375,0.04,11.887006749724708,-0.37662372077320316,-17.90771484375,time,10052.238622021618
2020-10-29 12:30:00+00:00,2020-10-29 16:29:00+00:00,1,1866.4720458984375,1869.0179443359375,0.02,18.143495697907063,0.14032017202691988,5.091796875,time,10057.330418896618
2020-11-09 12:00:00+00:00,2020-11-09 12:10:00+00:00,1,1938.781982421875,1915.860969768073,0.02,22.921012653802023,-1.0000000000000038,-45.84202530760422,stop,10011.488393589014
2020-11-16 12:00:00+00:00,2020-11-16 15:59:00+00:00,1,1869.8819580078125,1889.9449462890625,0.02,22.595276604595664,0.8879284211625619,40.1259765625,time,10051.614370151514
2020-11-17 20:45:00+00:00,2020-11-17 21:59:00+00:00,1,1878.6949462890625,1879.998046875,0.04,12.242831068282712,0.10643784747740413,5.21240234375,closure,10056.826772495264
2020-11-23 09:00:00+00:00,2020-11-23 12:59:00+00:00,1,1869.4150390625,1868.425048828125,0.04,11.21551756175782,-0.08826968786091738,-3.9599609375000004,time,10052.866811557764
2020-11-23 15:00:00+00:00,2020-11-23 18:59:00+00:00,1,1841.905029296875,1839.3380126953125,0.01,25.483657659771026,-0.10073187435784935,-2.5670166015625,time,10050.299794956201
2020-11-27 13:15:00+00:00,2020-11-27 13:54:00+00:00,1,1794.094970703125,1777.6873578845455,0.03,16.40761281857955,-0.9999999999999991,-49.22283845573861,stop,10001.076956500463
2020-11-30 03:00:00+00:00,2020-11-30 06:59:00+00:00,1,1767.10498046875,1774.06494140625,0.02,20.76943934699095,0.3351058649788903,13.919921875,time,10014.996878375463
2020-12-07 08:45:00+00:00,2020-12-07 12:44:00+00:00,1,1829.1219482421875,1830.64794921875,0.02,16.959236897927696,0.08998052127858223,3.052001953125,time,10018.048880328588
2020-12-09 15:00:00+00:00,2020-12-09 18:59:00+00:00,1,1840.1419677734375,1825.498046875,0.01,27.072310210438566,-0.5409187758490993,-14.643920898437502,time,10003.40495943015
2020-12-14 08:45:00+00:00,2020-12-14 12:44:00+00:00,1,1827.35498046875,1825.7750244140625,0.04,11.872693265619471,-0.13307478087239744,-6.31982421875,time,9997.0851352114
2020-12-22 16:00:00+00:00,2020-12-22 19:59:00+00:00,1,1861.9849853515625,1864.5980224609375,0.02,23.03774345690912,0.11342417777429234,5.22607421875,time,10002.31120943015
2021-01-06 12:45:00+00:00,2021-01-06 16:10:00+00:00,1,1930.5250244140625,1902.8689018518028,0.01,27.65612256225962,-1.0000000000000038,-27.65612256225973,stop,9974.655086867891
2021-01-08 08:15:00+00:00,2021-01-08 12:14:00+00:00,1,1885.6219482421875,1892.218017578125,0.01,25.105898063956392,0.2627298700542098,6.5960693359375,time,9981.251156203829
2021-01-11 01:30:00+00:00,2021-01-11 05:29:00+00:00,1,1821.125,1834.574951171875,0.01,35.83445866631273,0.3753356872813328,13.449951171875,time,9994.701107375704
2021-01-12 13:45:00+00:00,2021-01-12 17:44:00+00:00,1,1844.7850341796875,1839.197998046875,0.02,22.342052987954897,-0.25006816230471735,-11.174072265625,time,9983.527035110079
2021-01-13 09:15:00+00:00,2021-01-13 13:14:00+00:00,1,1850.2249755859375,1851.824951171875,0.03,16.200405318376955,0.09876145408056952,4.7999267578125,time,9988.326961867891
2021-01-14 02:30:00+00:00,2021-01-14 06:29:00+00:00,1,1839.2919921875,1840.43505859375,0.02,16.820175949288526,0.06795805285843935,2.2861328125,time,9990.613094680391
2021-01-17 23:45:00+00:00,2021-01-18 03:44:00+00:00,1,1818.4449462890625,1827.405029296875,0.01,25.833953597520118,0.3468335953298533,8.9600830078125,time,9999.573177688204
2021-01-20 13:15:00+00:00,2021-01-20 17:14:00+00:00,1,1835.365966796875,1865.68505859375,0.02,18.497039581608618,1.639132125068322,60.63818359375001,time,10060.211361281954
2021-01-21 14:00:00+00:00,2021-01-21 17:59:00+00:00,1,1861.2989501953125,1864.7349853515625,0.02,19.144372770110465,0.179480163571333,6.8720703125,time,10067.083431594454
2021-01-22 10:45:00+00:00,2021-01-22 14:44:00+00:00,1,1851.10498046875,1844.73095703125,0.03,14.636489630665352,-0.43548853573097135,-19.1220703125,time,10047.961361281954
2021-02-04 01:45:00+00:00,2021-02-04 05:02:00+00:00,1,1830.7049560546875,1820.9108041655174,0.05,9.794151889169942,-1.0000000000000113,-48.97075944585026,stop,9998.990601836103
2021-02-04 14:15:00+00:00,2021-02-04 18:14:00+00:00,1,1795.344970703125,1790.0150146484375,0.01,25.105656246022896,-0.2123010050984763,-5.3299560546875,time,9993.660645781416
2021-02-16 13:00:00+00:00,2021-02-16 14:22:00+00:00,1,1807.68505859375,1790.9643488182567,0.02,16.720709775493425,-0.9999999999999944,-33.441419550986666,stop,9960.219226230429
2021-02-16 23:15:00+00:00,2021-02-17 03:14:00+00:00,1,1788.052001953125,1794.0550537109375,0.02,17.462040623005088,0.3437772186776312,12.006103515625002,time,9972.225329746054
2021-02-19 00:15:00+00:00,2021-02-19 04:14:00+00:00,1,1770.7850341796875,1767.31494140625,0.03,13.386824791654153,-0.25921701579308676,-10.4102783203125,time,9961.815051425741
2021-02-24 13:45:00+00:00,2021-02-24 17:44:00+00:00,1,1798.3199462890625,1800.14501953125,0.02,16.735372577905792,0.10905483183547285,3.650146484375,time,9965.465197910116
2021-02-26 15:15:00+00:00,2021-02-26 19:14:00+00:00,1,1738.281982421875,1729.2049560546875,0.01,30.678222763012855,-0.2958784945694834,-9.0770263671875,time,9956.388171542929
2021-03-02 01:45:00+00:00,2021-03-02 05:44:00+00:00,1,1715.7239990234375,1712.885009765625,0.02,21.531338631777473,-0.131853820441174,-5.677978515625,time,9950.710193027304
2021-03-03 13:15:00+00:00,2021-03-03 17:14:00+00:00,1,1714.842041015625,1717.35400390625,0.02,17.770340110370014,0.14135705197668813,5.02392578125,time,9955.734118808554
2021-03-17 11:30:00+00:00,2021-03-17 15:29:00+00:00,1,1728.2550048828125,1729.60498046875,0.04,12.01198535527347,0.11238571693269983,5.39990234375,time,9961.134021152304
2021-03-18 07:30:00+00:00,2021-03-18 11:29:00+00:00,1,1743.2889404296875,1732.635009765625,0.03,15.013342698756295,-0.7096308182550892,-31.9617919921875,time,9929.172229160116
2021-03-23 01:15:00+00:00,2021-03-23 05:14:00+00:00,1,1734.885009765625,1735.43798828125,0.05,8.666561560228384,0.06380598715904438,2.764892578125,time,9931.937121738241
2021-03-29 01:15:00+00:00,2021-03-29 05:14:00+00:00,1,1727.9110107421875,1727.5849609375,0.05,9.26636317346574,-0.03518638311318778,-1.6302490234375002,time,9930.306872714804
2021-03-29 13:45:00+00:00,2021-03-29 17:44:00+00:00,1,1711.4110107421875,1712.998046875,0.02,16.87118629812396,0.09406784471279149,3.174072265625,time,9933.480944980429
2021-04-09 12:30:00+00:00,2021-04-09 16:29:00+00:00,1,1739.5250244140625,1745.68505859375,0.03,12.57018033731952,0.49005137670133636,18.4801025390625,time,9951.961047519491
2021-04-27 02:00:00+00:00,2021-04-27 05:59:00+00:00,1,1775.281982421875,1783.0679931640625,0.05,9.738724239390425,0.7994898049064021,38.9300537109375,time,9990.891101230429
2021-04-28 00:15:00+00:00,2021-04-28 04:14:00+00:00,1,1772.9449462890625,1771.177978515625,0.06,7.308247412650536,-0.24177722423284256,-10.601806640625,time,9980.289294589804
2021-04-29 14:00:00+00:00,2021-04-29 17:59:00+00:00,1,1758.074951171875,1768.0379638671875,0.02,23.13525030055538,0.4306420966222842,19.926025390625,time,10000.215319980429
2021-05-04 05:30:00+00:00,2021-05-04 09:29:00+00:00,1,1784.822998046875,1785.35498046875,0.06,8.032233227430424,0.06623094808281425,3.19189453125,time,10003.407214511679
2021-05-11 13:00:00+00:00,2021-05-11 16:59:00+00:00,1,1826.9150390625,1835.1080322265625,0.03,16.117944094158762,0.5083150255516576,24.5789794921875,time,10027.986194003866
2021-05-12 01:15:00+00:00,2021-05-12 05:14:00+00:00,1,1832.0550537109375,1829.91796875,0.05,10.01500034437896,-0.21338840613589843,-10.6854248046875,time,10017.300769199179
2021-05-26 17:45:00+00:00,2021-05-26 20:59:00+00:00,1,1893.3570556640625,1896.3680419921875,0.02,17.90210159148282,0.16819177976051258,6.02197265625,closure,10023.322741855429
2021-05-28 12:15:00+00:00,2021-05-28 16:14:00+00:00,1,1885.001953125,1897.7850341796875,0.04,12.354310733687527,1.0347061305355392,51.13232421875,time,10074.455066074179
2021-06-03 13:00:00+00:00,2021-06-03 16:59:00+00:00,1,1882.4520263671875,1870.907958984375,0.02,17.49067658549948,-0.6600126259485598,-23.088134765625,time,10051.366931308554
2021-06-04 02:00:00+00:00,2021-06-04 05:59:00+00:00,1,1860.241943359375,1866.718017578125,0.03,15.158118832631676,0.4272346912077649,19.42822265625,time,10070.795153964804
2021-06-16 18:15:00+00:00,2021-06-16 20:41:00+00:00,1,1839.302001953125,1817.1019292433216,0.02,22.2000727098035,-0.9999999999999959,-44.400145419606815,stop,10026.395008545198
2021-06-18 12:30:00+00:00,2021-06-18 16:29:00+00:00,1,1778.991943359375,1773.8480224609375,0.02,20.328901721395003,-0.25303486479172743,-10.287841796875,time,10016.107166748323
2021-06-18 20:00:00+00:00,2021-06-18 20:59:00+00:00,1,1762.2919921875,1763.197998046875,0.02,21.352035483637398,0.04243182623358298,1.81201171875,closure,10017.919178467073
2021-06-28 01:30:00+00:00,2021-06-28 05:29:00+00:00,1,1775.281982421875,1783.5679931640625,0.05,9.672743469725347,0.8566350144735905,41.4300537109375,time,10059.34923217801
2021-07-02 07:15:00+00:00,2021-07-02 11:14:00+00:00,1,1774.635009765625,1786.5980224609375,0.05,8.511400225841966,1.4055281596312308,59.8150634765625,time,10119.164295654573
2021-07-12 14:00:00+00:00,2021-07-12 17:59:00+00:00,1,1792.6419677734375,1805.657958984375,0.03,16.66671116130272,0.7809573877513655,39.0479736328125,time,10158.212269287385
2021-07-15 10:30:00+00:00,2021-07-15 14:29:00+00:00,1,1824.31201171875,1820.988037109375,0.04,11.8995728142883,-0.27933562500527487,-13.2958984375,time,10144.916370849885
2021-07-16 11:15:00+00:00,2021-07-16 15:14:00+00:00,1,1817.592041015625,1812.407958984375,0.04,11.699487203077357,-0.4431033549817818,-20.736328125,time,10124.180042724885
2021-07-19 06:15:00+00:00,2021-07-19 10:14:00+00:00,1,1806.612060546875,1802.718017578125,0.04,11.152532760654374,-0.34916220847052837,-15.576171875,time,10108.603870849885
2021-08-05 13:45:00+00:00,2021-08-05 17:44:00+00:00,1,1800.9759521484375,1804.4560546875,0.03,16.57276661074868,0.20998923238352932,10.4403076171875,time,10119.044178467073
2021-08-06 00:15:00+00:00,2021-08-06 04:14:00+00:00,1,1802.1519775390625,1799.8580322265625,0.08,6.008293093570834,-0.3817965063912467,-18.3515625,time,10100.692615967073
2021-08-06 11:00:00+00:00,2021-08-06 12:40:00+00:00,1,1795.2919921875,1786.7760263328132,0.05,8.515965854686797,-0.9999999999999983,-42.579829273433916,stop,10058.112786693639
2021-08-06 12:45:00+00:00,2021-08-06 14:59:00+00:00,1,1780.3929443359375,1761.4479177810713,0.02,18.945026554866207,-1.0000000000000007,-37.890053109732435,stop,10020.222733583905
2021-08-08 22:30:00+00:00,2021-08-08 22:48:00+00:00,1,1754.7919921875,1738.9830271257813,0.03,15.808965061718657,-1.0000000000000033,-47.42689518515613,stop,9972.79583839875
2021-08-25 00:45:00+00:00,2021-08-25 04:44:00+00:00,1,1794.9119873046875,1793.4749755859375,0.06,8.177991653713558,-0.1757169461156719,-8.6220703125,time,9964.17376808625
2021-08-26 01:15:00+00:00,2021-08-26 05:14:00+00:00,1,1788.6619873046875,1787.0479736328125,0.07,6.848314413936965,-0.23568042795908,-11.298095703125002,time,9952.875672383125
2021-08-31 13:15:00+00:00,2021-08-31 17:14:00+00:00,1,1803.73095703125,1815.5379638671875,0.03,13.686733896340037,0.862660655592552,35.4210205078125,time,9988.296692890937
2021-09-08 14:00:00+00:00,2021-09-08 17:59:00+00:00,1,1789.10595703125,1792.16796875,0.02,17.640777316844932,0.17357578205049545,6.1240234375,time,9994.420716328437
2021-09-20 02:30:00+00:00,2021-09-20 06:29:00+00:00,1,1744.906005859375,1750.583984375,0.04,12.123625777284353,0.4683399685813171,22.7119140625,time,10017.132630390937
2021-09-23 01:15:00+00:00,2021-09-23 05:14:00+00:00,1,1761.89599609375,1764.137939453125,0.03,14.897669644460805,0.15048953379152094,6.725830078125,time,10023.858460469062
2021-09-23 13:15:00+00:00,2021-09-23 17:14:00+00:00,1,1758.741943359375,1749.5439453125,0.02,21.111005872665455,-0.4356968162651394,-18.39599609375,time,10005.462464375312
2021-09-23 20:30:00+00:00,2021-09-23 20:59:00+00:00,1,1742.0760498046875,1742.1280517578125,0.03,15.562921363559333,0.0033414004935322017,0.156005859375,closure,10005.618470234687
2021-09-24 12:00:00+00:00,2021-09-24 15:59:00+00:00,1,1749.7030029296875,1752.5379638671875,0.04,10.462854974369904,0.27095481533908267,11.33984375,time,10016.958313984687
2021-09-28 01:15:00+00:00,2021-09-28 05:14:00+00:00,1,1748.552001953125,1751.614013671875,0.07,6.452681779520843,0.47453319772688,21.43408203125,time,10038.392396015937
2021-10-10 22:30:00+00:00,2021-10-11 02:29:00+00:00,1,1753.0450439453125,1758.925048828125,0.04,12.249619053714937,0.4800153259483831,23.52001953125,time,10061.912415547187
2021-10-18 06:15:00+00:00,2021-10-18 10:14:00+00:00,1,1762.5159912109375,1760.904052734375,0.04,10.4045549114695,-0.15492623089389182,-6.447753906250001,time,10055.464661640937
2021-10-26 01:45:00+00:00,2021-10-26 05:44:00+00:00,1,1803.4119873046875,1804.0179443359375,0.07,6.865204312985481,0.0882649668712462,4.24169921875,time,10059.706360859687
2021-10-29 12:15:00+00:00,2021-10-29 13:45:00+00:00,1,1786.865966796875,1773.2159404644208,0.03,13.650026332454235,-0.9999999999999987,-40.95007899736265,stop,10018.756281862325
2021-11-03 00:30:00+00:00,2021-11-03 04:29:00+00:00,1,1783.6519775390625,1781.3380126953125,0.06,7.5027935635536345,-0.3084137693712594,-13.883789062499998,time,10004.872492799825
2021-11-03 12:45:00+00:00,2021-11-03 14:09:00+00:00,1,1776.302001953125,1762.3705321652408,0.03,13.93146978788413,-1.0000000000000069,-41.794409363652676,stop,9963.078083436172
2021-11-15 01:45:00+00:00,2021-11-15 05:44:00+00:00,1,1858.5860595703125,1858.1080322265625,0.03,12.98507010453568,-0.036813612857047665,-1.4340820312499998,time,9961.644001404922
2021-11-19 17:45:00+00:00,2021-11-19 21:44:00+00:00,1,1843.9659423828125,1846.5679931640625,0.02,21.855554812416095,0.11905672510183912,5.2041015625,time,9966.848102967422
2021-11-22 10:45:00+00:00,2021-11-22 14:16:00+00:00,1,1838.1259765625,1824.8716725329725,0.03,13.254304029527429,-1.0000000000000036,-39.762912088582425,stop,9927.085190878839
2021-12-02 08:30:00+00:00,2021-12-02 12:29:00+00:00,1,1770.1650390625,1778.0550537109375,0.03,12.734586760622337,0.6195736694680084,23.6700439453125,time,9950.755234824152
2021-12-10 06:15:00+00:00,2021-12-10 10:14:00+00:00,1,1774.655029296875,1770.885009765625,0.06,7.803806730507544,-0.4831000640382089,-22.6201171875,time,9928.135117636652
2021-12-14 13:30:00+00:00,2021-12-14 14:00:00+00:00,1,1780.06201171875,1770.4697356132049,0.05,9.59227610554516,-0.9999999999999963,-47.96138052772563,stop,9880.173737108926
2021-12-14 14:15:00+00:00,2021-12-14 18:14:00+00:00,1,1767.842041015625,1771.5579833984375,0.03,14.203845281884872,0.26161523932900715,11.1478271484375,time,9891.321564257363
2021-12-29 08:15:00+00:00,2021-12-29 10:39:00+00:00,1,1802.862060546875,1795.8689510836432,0.07,6.993109463231848,-0.9999999999999937,-48.95176624262263,stop,9842.36979801474
2022-01-03 13:15:00+00:00,2022-01-03 14:57:00+00:00,1,1814.85595703125,1803.8439677191777,0.04,11.011989312072199,-1.0000000000000069,-44.047957248289094,stop,9798.321840766452
2022-01-05 19:15:00+00:00,2022-01-05 21:59:00+00:00,1,1816.4859619140625,1810.22802734375,0.03,14.576058588972924,-0.4293296800444224,-18.7738037109375,closure,9779.548037055514
2022-01-21 08:30:00+00:00,2022-01-21 12:29:00+00:00,1,1833.572021484375,1836.238037109375,0.04,11.255028357031032,0.23687329257900416,10.6640625,time,9790.212099555514
2022-01-26 08:00:00+00:00,2022-01-26 11:59:00+00:00,1,1844.1820068359375,1843.0279541015625,0.07,6.950320365238834,-0.16604309927163238,-8.078369140625002,time,9782.13373041489
2022-01-26 14:30:00+00:00,2022-01-26 18:29:00+00:00,1,1835.5760498046875,1830.2779541015625,0.03,14.933049349891235,-0.3547899413567256,-15.894287109375,time,9766.239443305514
2022-02-03 15:00:00+00:00,2022-02-03 18:59:00+00:00,1,1791.781982421875,1805.258056640625,0.02,16.61905421877287,0.8108809347000888,26.9521484375,time,9793.191591743014
2022-02-04 13:45:00+00:00,2022-02-04 17:44:00+00:00,1,1797.991943359375,1806.657958984375,0.03,16.15207678060415,0.5365264010759524,25.998046874999996,time,9819.189638618014
2022-02-10 14:30:00+00:00,2022-02-10 18:29:00+00:00,1,1826.5760498046875,1836.083984375,0.03,15.723856509221342,0.6046820997594655,28.5238037109375,time,9847.713442328952
2022-02-15 08:15:00+00:00,2022-02-15 08:45:00+00:00,1,1870.56201171875,1857.9216989564352,0.03,12.640312762314723,-1.0000000000000067,-37.92093828694442,stop,9809.792504042007
2022-02-18 01:45:00+00:00,2022-02-18 05:44:00+00:00,1,1893.612060546875,1892.3079833984375,0.03,13.191547844773982,-0.09885702298037213,-3.9122314453125,time,9805.880272596694
2022-02-22 09:00:00+00:00,2022-02-22 12:59:00+00:00,1,1896.6920166015625,1899.3580322265625,0.02,18.70895495346936,0.1424994411302283,5.33203125,time,9811.212303846694
2022-02-25 11:45:00+00:00,2022-02-25 15:44:00+00:00,1,1894.572021484375,1889.386962890625,0.01,25.843353244999037,-0.20063412609791123,-5.18505859375,time,9806.027245252944
2022-02-28 07:30:00+00:00,2022-02-28 11:29:00+00:00,1,1900.8719482421875,1905.8780517578125,0.02,22.32015115917733,0.22428627297027293,10.01220703125,time,9816.039452284194
2022-03-02 10:30:00+00:00,2022-03-02 14:29:00+00:00,1,1922.072021484375,1929.4150390625,0.01,30.990770351525764,0.23694207968481437,7.343017578125,time,9823.38246986232
2022-03-09 09:30:00+00:00,2022-03-09 13:26:00+00:00,1,2024.9620361328125,1991.0131256366399,0.01,33.94891049617254,-1.0000000000000027,-33.94891049617263,stop,9789.433559366147
2022-03-11 11:45:00+00:00,2022-03-11 15:44:00+00:00,1,1974.1920166015625,1976.008056640625,0.01,29.121170611138137,0.062361505425469026,1.8160400390625002,time,9791.24959940521
2022-03-15 01:30:00+00:00,2022-03-15 05:29:00+00:00,1,1943.2220458984375,1932.998046875,0.02,20.048271763044347,-0.5099690958042449,-20.447998046875,time,9770.801601358335
2022-03-22 08:15:00+00:00,2022-03-22 12:14:00+00:00,1,1927.20703125,1926.8580322265625,0.03,14.146662720412815,-0.024670060376424656,-1.0469970703125,time,9769.754604288022
2022-03-22 14:15:00+00:00,2022-03-22 18:14:00+00:00,1,1914.31201171875,1921.4930419921875,0.02,22.82673324964907,0.31458860954393897,14.362060546875,time,9784.116664834897
2022-03-28 19:00:00+00:00,2022-03-28 20:59:00+00:00,1,1927.7469482421875,1922.43798828125,0.02,20.043521681801963,-0.2648716151392519,-10.617919921875,closure,9773.498744913022
2022-03-29 12:30:00+00:00,2022-03-29 16:29:00+00:00,1,1897.552001953125,1914.02294921875,0.01,26.741726346550784,0.61592684975439,16.470947265625,time,9789.969692178647
2022-04-19 13:00:00+00:00,2022-04-19 16:59:00+00:00,1,1967.4520263671875,1957.322021484375,0.02,18.56376566234587,-0.5456869617439671,-20.260009765625,time,9769.709682413022
2022-04-19 19:30:00+00:00,2022-04-19 20:59:00+00:00,1,1945.592041015625,1949.8280029296875,0.02,18.923547133066506,0.22384608362671563,8.471923828125,closure,9778.181606241147
2022-05-02 12:45:00+00:00,2022-05-02 16:44:00+00:00,1,1865.4019775390625,1867.41796875,0.02,20.144850954675313,0.1000747642895625,4.031982421875,time,9782.213588663022
2022-05-05 07:30:00+00:00,2022-05-05 11:29:00+00:00,1,1892.907958984375,1895.572998046875,0.02,16.348039697981825,0.16301887637506782,5.330078125,time,9787.543666788022
2022-05-11 12:45:00+00:00,2022-05-11 16:44:00+00:00,1,1841.385986328125,1852.91796875,0.02,20.486701132561947,0.5629008959156363,23.06396484375,time,9810.607631631772
2022-05-16 07:45:00+00:00,2022-05-16 11:44:00+00:00,1,1795.251953125,1800.2640380859375,0.02,18.580504208451963,0.26974967442797304,10.024169921875,time,9820.631801553647
2022-05-29 23:15:00+00:00,2022-05-30 03:14:00+00:00,1,1849.3489990234375,1858.7080078125,0.05,9.284326582970131,1.0080439012377436,46.7950439453125,time,9867.42684549896
2022-06-10 11:45:00+00:00,2022-06-10 15:21:00+00:00,1,1836.26904296875,1859.5765477439968,0.04,11.653752387623355,2.0000000000000075,93.23001910098719,target,9960.656864599947
2022-06-13 12:45:00+00:00,2022-06-13 14:31:00+00:00,1,1845.552001953125,1825.4563654475485,0.02,20.095636505576515,-1.0000000000000004,-40.191273011153044,stop,9920.465591588794
2022-06-29 06:45:00+00:00,2022-06-29 10:44:00+00:00,1,1816.8919677734375,1825.009033203125,0.05,8.548254359343115,0.9495582476222959,40.5853271484375,time,9961.050918737232
2022-07-08 07:45:00+00:00,2022-07-08 11:44:00+00:00,1,1734.64599609375,1741.5040283203125,0.03,12.50373990546959,0.5484784775123599,20.574096679687496,time,9981.62501541692
2022-07-12 01:15:00+00:00,2022-07-12 05:14:00+00:00,1,1724.9620361328125,1726.748046875,0.04,11.175102538147375,0.1598205238914602,7.14404296875,time,9988.76905838567
2022-07-13 12:45:00+00:00,2022-07-13 16:44:00+00:00,1,1709.4129638671875,1736.9739990234375,0.02,19.53269992380418,1.4110202513612478,55.12207031250001,time,10043.89112869817
2022-08-05 12:45:00+00:00,2022-08-05 16:44:00+00:00,1,1774.04296875,1773.4639892578125,0.02,17.02489678644571,-0.034007812173548785,-1.157958984375,time,10042.733169713794
2022-08-09 01:45:00+00:00,2022-08-09 05:44:00+00:00,1,1785.35595703125,1786.884033203125,0.05,8.616133535358315,0.17735056746789993,7.640380859375001,time,10050.37355057317
2022-08-29 01:30:00+00:00,2022-08-29 05:29:00+00:00,1,1727.5460205078125,1722.8079833984375,0.03,13.292098495592537,-0.35645516100757624,-14.214111328124998,time,10036.159439245044
2022-08-31 08:30:00+00:00,2022-08-31 12:29:00+00:00,1,1715.27197265625,1712.1839599609375,0.04,11.66276505586891,-0.2647753496293366,-12.35205078125,time,10023.807388463794
2022-09-13 12:45:00+00:00,2022-09-13 16:44:00+00:00,1,1710.2760009765625,1704.2840576171875,0.02,20.565328092402517,-0.2913614279554632,-11.98388671875,time,10011.823501745044
2022-09-16 08:00:00+00:00,2022-09-16 11:59:00+00:00,1,1655.9720458984375,1665.3580322265625,0.04,11.643560975720312,0.8061096040719062,37.5439453125,time,10049.367447057544
2022-09-21 14:45:00+00:00,2022-09-21 18:44:00+00:00,1,1666.885009765625,1683.718017578125,0.03,13.8591429827019,1.2145778302099839,50.4990234375,time,10099.866470495044
2022-09-26 01:00:00+00:00,2022-09-26 04:59:00+00:00,1,1628.362060546875,1635.2149658203125,0.02,19.80547428224355,0.34601066229357713,13.705810546875,time,10113.57228104192
2022-09-28 07:15:00+00:00,2022-09-28 11:14:00+00:00,1,1618.362060546875,1627.18798828125,0.04,12.585377191304893,0.7012843238796802,35.3037109375,time,10148.87599197942
2022-09-29 05:45:00+00:00,2022-09-29 09:44:00+00:00,1,1644.27197265625,1650.5579833984375,0.03,13.009690849275826,0.48317910202588754,18.8580322265625,time,10167.734024205982
2022-10-11 02:15:00+00:00,2022-10-11 06:14:00+00:00,1,1662.7779541015625,1666.9150390625,0.03,13.446218927014431,0.30767645413133915,12.4112548828125,time,10180.145279088794
2022-10-13 12:45:00+00:00,2022-10-13 16:44:00+00:00,1,1653.303955078125,1666.5050048828125,0.02,22.073448602416136,0.5980510812996628,26.402099609375,time,10206.54737869817
2022-10-21 03:45:00+00:00,2022-10-21 07:44:00+00:00,1,1621.4420166015625,1625.5179443359375,0.04,10.330737276115698,0.3945437412098749,16.3037109375,time,10222.85108963567
2022-11-03 07:15:00+00:00,2022-11-03 11:14:00+00:00,1,1630.6629638671875,1620.7569580078125,0.04,11.075723992751112,-0.8943890138340687,-39.6240234375,time,10183.22706619817
2022-11-17 02:00:00+00:00,2022-11-17 05:59:00+00:00,1,1770.06201171875,1762.906982421875,0.05,9.572157571536737,-0.7474834428291086,-35.775146484375,time,10147.451919713794
2022-12-02 13:45:00+00:00,2022-12-02 17:44:00+00:00,1,1783.9329833984375,1795.947998046875,0.02,17.34599627523359,0.6926678904913867,24.030029296875,time,10171.48194901067
2022-12-05 07:15:00+00:00,2022-12-05 11:14:00+00:00,1,1798.85205078125,1795.97802734375,0.04,11.651302926594845,-0.24666970343203914,-11.49609375,time,10159.98585526067
2022-12-05 15:00:00+00:00,2022-12-05 17:14:00+00:00,1,1784.4229736328125,1769.0048089674124,0.03,15.418164665400024,-1.0000000000000067,-46.25449399620038,stop,10113.731361264468
2022-12-15 08:15:00+00:00,2022-12-15 12:14:00+00:00,1,1782.7049560546875,1778.0050048828125,0.02,17.14281645266521,-0.2741644691146591,-9.39990234375,time,10104.331458920718
2022-12-22 14:00:00+00:00,2022-12-22 17:41:00+00:00,1,1808.031982421875,1793.4983372860022,0.03,14.533645135872693,-1.0000000000000075,-43.60093540761841,stop,10060.7305235131
2022-12-27 14:15:00+00:00,2022-12-27 15:33:00+00:00,1,1802.83203125,1823.4349117763418,0.04,10.301440263170852,2.000000000000007,82.41152210536711,target,10143.142045618468
2023-01-05 14:00:00+00:00,2023-01-05 17:59:00+00:00,1,1834.9820556640625,1833.7679443359375,0.02,19.63288952427758,-0.06184068456269047,-2.42822265625,time,10140.713822962218
2023-01-12 07:30:00+00:00,2023-01-12 11:29:00+00:00,1,1881.155029296875,1885.1650390625,0.06,7.991352886316017,0.5017936039955807,24.06005859375,time,10164.773881555968
2023-01-13 05:45:00+00:00,2023-01-13 09:44:00+00:00,1,1892.7449951171875,1904.0350341796875,0.05,9.690499272488253,1.1650626809862015,56.45019531250001,time,10221.224076868468
2023-01-24 15:00:00+00:00,2023-01-24 18:59:00+00:00,1,1921.6529541015625,1934.85498046875,0.03,16.594136743243794,0.7955837999564893,39.6060791015625,time,10260.83015597003
2023-01-25 03:15:00+00:00,2023-01-25 07:14:00+00:00,1,1930.9649658203125,1932.0550537109375,0.04,11.193321506838345,0.09738734744276145,4.3603515625,time,10265.19050753253
2023-02-02 13:45:00+00:00,2023-02-02 14:47:00+00:00,1,1948.864990234375,1933.8332532380027,0.03,15.031736996372356,-0.9999999999999946,-45.09521098911682,stop,10220.095296543413
2023-02-02 15:00:00+00:00,2023-02-02 18:59:00+00:00,1,1921.7230224609375,1917.5179443359375,0.01,26.384187561132006,-0.15937872315593796,-4.205078125,time,10215.890218418413
2023-02-03 13:45:00+00:00,2023-02-03 17:15:00+00:00,1,1888.39501953125,1863.7869066607861,0.02,24.60811287046396,-0.9999999999999958,-49.21622574092771,stop,10166.673992677486
2023-02-16 14:00:00+00:00,2023-02-16 17:59:00+00:00,1,1831.074951171875,1842.364990234375,0.03,16.87511802800828,0.6690346724545267,33.8701171875,time,10200.544109864986
2023-02-23 13:45:00+00:00,2023-02-23 17:44:00+00:00,1,1820.27197265625,1821.10498046875,0.03,14.381881998339377,0.05792064019133131,2.4990234375,time,10203.043133302486
2023-03-02 01:45:00+00:00,2023-03-02 05:44:00+00:00,1,1831.60498046875,1832.7049560546875,0.05,10.000910019324708,0.10998754951419648,5.4998779296875,time,10208.543011232174
2023-03-15 08:15:00+00:00,2023-03-15 11:31:00+00:00,1,1889.864990234375,1915.8853035002917,0.03,13.010156632958289,2.000000000000008,78.06093979775005,target,10286.603951029923
2023-03-21 06:45:00+00:00,2023-03-21 10:44:00+00:00,1,1973.2449951171875,1966.375,0.03,14.087729888717218,-0.4876580663780074,-20.6099853515625,time,10265.99396567836
2023-03-21 14:15:00+00:00,2023-03-21 18:14:00+00:00,1,1945.81494140625,1940.22802734375,0.01,25.822898397438426,-0.21635503406752393,-5.5869140625,time,10260.40705161586
2023-03-23 12:45:00+00:00,2023-03-23 16:44:00+00:00,1,1967.9449462890625,1992.864990234375,0.02,20.84767532654087,1.195339219120856,49.840087890625,time,10310.247139506486
2023-03-27 09:45:00+00:00,2023-03-27 13:44:00+00:00,1,1959.4659423828125,1948.4949951171875,0.02,18.631549812917868,-0.5888370734472385,-21.94189453125,time,10288.305244975236
2023-03-30 01:15:00+00:00,2023-03-30 05:14:00+00:00,1,1958.8349609375,1960.6949462890625,0.04,10.843393421593658,0.17153166718626142,7.43994140625,time,10295.745186381486
2023-04-04 02:00:00+00:00,2023-04-04 05:59:00+00:00,1,1978.4649658203125,1978.6949462890625,0.04,10.73985160289019,0.021413747345271534,0.919921875,time,10296.665108256486
2023-04-06 01:15:00+00:00,2023-04-06 05:14:00+00:00,1,2014.4449462890625,2013.06494140625,0.04,10.516325352775965,-0.13122500840545256,-5.52001953125,time,10291.145088725236
2023-04-06 13:15:00+00:00,2023-04-06 17:14:00+00:00,1,2009.8050537109375,2010.2550048828125,0.03,15.595002675253077,0.028852266411534818,1.349853515625,time,10292.49494224086
2023-04-10 13:00:00+00:00,2023-04-10 16:59:00+00:00,1,1989.7049560546875,1989.5550537109375,0.03,16.268860337621163,-0.009214065437844846,-0.44970703124999994,time,10292.04523520961
2023-04-17 12:45:00+00:00,2023-04-17 14:46:00+00:00,1,1999.6949462890625,1983.9585711120399,0.03,15.736375177022616,-1.0000000000000013,-47.20912553106791,stop,10244.836109678543
2023-04-18 13:30:00+00:00,2023-04-18 17:29:00+00:00,1,1993.675048828125,2007.125,0.03,14.882953072688615,0.9037152174158712,40.349853515625,time,10285.185963194168
2023-04-19 06:00:00+00:00,2023-04-19 06:17:00+00:00,1,2000.68505859375,1990.9401993895547,0.05,9.744859204195285,-1.0000000000000053,-48.72429602097668,stop,10236.461667173191
2023-04-19 06:30:00+00:00,2023-04-19 08:46:00+00:00,1,1991.0150146484375,1976.6284934309172,0.03,14.386521217520421,-0.9999999999999943,-43.15956365256102,stop,10193.30210352063
2023-04-21 05:45:00+00:00,2023-04-21 06:32:00+00:00,1,1995.10498046875,1984.5194065638889,0.04,10.585573904861171,-0.9999999999999953,-42.342295619444485,stop,10150.959807901185
2023-04-27 12:45:00+00:00,2023-04-27 16:44:00+00:00,1,1984.241943359375,1983.655029296875,0.02,20.626271365451153,-0.02845468539132461,-1.173828125,time,10149.785979776185
2023-05-03 12:30:00+00:00,2023-05-03 16:29:00+00:00,1,2012.574951171875,2022.9849853515625,0.04,11.413959496149864,0.9120440792872091,41.64013671875,time,10191.426116494935
2023-05-05 12:45:00+00:00,2023-05-05 16:44:00+00:00,1,2008.675048828125,2018.2239990234375,0.02,23.51543903624127,0.4060715252050346,19.097900390625,time,10210.52401688556
2023-05-11 07:15:00+00:00,2023-05-11 11:14:00+00:00,1,2025.2149658203125,2034.404052734375,0.04,12.281069626337029,0.7482318066462467,36.75634765625,time,10247.28036454181
2023-05-12 01:30:00+00:00,2023-05-12 05:29:00+00:00,1,2011.822021484375,2011.9949951171875,0.05,10.02914374567062,0.01724709877522388,0.8648681640625001,time,10248.145232705872
2023-05-16 06:15:00+00:00,2023-05-16 10:14:00+00:00,1,2009.905029296875,2009.89404296875,0.05,9.060618160029673,-0.0012125362674994375,-0.054931640625,time,10248.090301065247
2023-05-18 13:00:00+00:00,2023-05-18 15:17:00+00:00,1,1967.2449951171875,1952.2872676512725,0.03,14.957727465915044,-0.999999999999998,-44.87318239774504,stop,10203.217118667502
2023-05-23 01:45:00+00:00,2023-05-23 05:44:00+00:00,1,1962.324951171875,1961.0849609375,0.04,10.98665236107612,-0.11286333576623203,-4.9599609375,time,10198.257157730002
2023-05-25 12:45:00+00:00,2023-05-25 16:44:00+00:00,1,1940.4560546875,1944.864990234375,0.02,19.788591222934865,0.22280189111011947,8.81787109375,time,10207.075028823752
2023-05-26 12:45:00+00:00,2023-05-26 16:44:00+00:00,1,1944.925048828125,1943.844970703125,0.03,13.327066655701323,-0.08104395009819676,-3.240234375,time,10203.834794448752
2023-06-02 12:45:00+00:00,2023-06-02 16:07:00+00:00,1,1972.612060546875,1959.7646999351057,0.03,12.847360611769233,-1.0000000000000067,-38.542081835307954,stop,10165.292712613444
2023-06-07 06:45:00+00:00,2023-06-07 10:44:00+00:00,1,1959.14501953125,1963.16796875,0.05,8.72783451492633,0.4609332603488251,20.114746093750004,time,10185.407458707194
2023-06-12 13:30:00+00:00,2023-06-12 17:29:00+00:00,1,1957.574951171875,1955.387939453125,0.04,12.691842497305515,-0.17231632989570297,-8.748046875,time,10176.659411832194
2023-06-14 18:15:00+00:00,2023-06-14 20:59:00+00:00,1,1946.574951171875,1941.238037109375,0.03,16.52243602629688,-0.32301012114713845,-16.0107421875,closure,10160.648669644694
2023-06-15 01:15:00+00:00,2023-06-15 05:14:00+00:00,1,1935.9649658203125,1931.5450439453125,0.03,15.154019781183493,-0.29166662963500595,-13.259765625,time,10147.388904019694
2023-06-20 13:15:00+00:00,2023-06-20 17:14:00+00:00,1,1941.5849609375,1936.7750244140625,0.03,13.967995375523639,-0.3443541033716288,-14.429809570312498,time,10132.959094449381
2023-06-21 06:15:00+00:00,2023-06-21 10:14:00+00:00,1,1932.2950439453125,1933.2049560546875,0.05,9.719536672159416,0.093616819408825,4.549560546875001,time,10137.508654996256
2023-06-22 05:00:00+00:00,2023-06-22 08:59:00+00:00,1,1930.0350341796875,1927.2850341796875,0.06,7.399568009863916,-0.3716433170604205,-16.499999999999996,time,10121.008654996256
2023-06-22 13:15:00+00:00,2023-06-22 17:14:00+00:00,1,1920.5849609375,1913.4749755859375,0.03,15.788475591655441,-0.4503275386079885,-21.3299560546875,time,10099.678698941569
2023-06-28 06:45:00+00:00,2023-06-28 10:44:00+00:00,1,1910.1949462890625,1907.844970703125,0.05,8.677271304285044,-0.27081965096297334,-11.7498779296875,time,10087.928821011881
2023-07-10 12:45:00+00:00,2023-07-10 16:44:00+00:00,1,1915.0350341796875,1924.85498046875,0.04,11.705575293095784,0.8389118896919598,39.27978515625,time,10127.208606168131
2023-07-20 12:45:00+00:00,2023-07-20 16:44:00+00:00,1,1973.18505859375,1966.0279541015625,0.03,12.97349292277918,-0.5516713605802243,-21.471313476562496,time,10105.737292691569
2023-07-21 08:00:00+00:00,2023-07-21 11:59:00+00:00,1,1964.4849853515625,1965.60498046875,0.05,8.936015380161932,0.12533495854023521,5.5999755859375,time,10111.337268277506
2023-07-25 11:15:00+00:00,2023-07-25 15:14:00+00:00,1,1954.9649658203125,1961.85498046875,0.04,10.993103935771487,0.6267578919196277,27.560058593750004,time,10138.897326871256
2023-07-27 12:45:00+00:00,2023-07-27 13:40:00+00:00,1,1964.4749755859375,1946.9535604409516,0.02,17.521415144985816,-1.0000000000000044,-35.04283028997179,stop,10103.854496581283
2023-08-08 01:30:00+00:00,2023-08-08 05:29:00+00:00,1,1933.4949951171875,1933.2049560546875,0.06,7.4848870924686075,-0.038749958271493655,-1.740234375,time,10102.114262206283
2023-08-08 08:00:00+00:00,2023-08-08 11:59:00+00:00,1,1930.7459716796875,1928.7550048828125,0.05,8.469649420736014,-0.23507074472298345,-9.954833984375,time,10092.159428221908
2023-08-14 12:30:00+00:00,2023-08-14 16:29:00+00:00,1,1907.81201171875,1912.18505859375,0.05,10.06397840533521,0.4345246679664694,21.865234375,time,10114.024662596908
2023-08-15 00:45:00+00:00,2023-08-15 04:44:00+00:00,1,1905.8050537109375,1906.675048828125,0.08,6.243117842657809,0.13935266626604748,6.9599609375,time,10120.984623534408
2023-09-12 10:45:00+00:00,2023-09-12 12:21:00+00:00,1,1916.2449951171875,1909.4902642036454,0.07,6.754730913542074,-0.9999999999999981,-47.28311639479444,stop,10073.701507139614
2023-09-14 12:45:00+00:00,2023-09-14 16:44:00+00:00,1,1903.18505859375,1911.5050048828125,0.05,9.792550031014711,0.8496199930265131,41.59973144531251,time,10115.301238584927
2023-09-20 01:15:00+00:00,2023-09-20 05:14:00+00:00,1,1929.14501953125,1930.2249755859375,0.1,4.979798100339919,0.2168674377810182,10.799560546875,time,10126.100799131802
2023-09-21 09:00:00+00:00,2023-09-21 12:31:00+00:00,1,1923.2550048828125,1915.179062031619,0.06,8.075942851193602,-0.9999999999999912,-48.45565710716119,stop,10077.645142024641
2023-09-26 07:00:00+00:00,2023-09-26 10:59:00+00:00,1,1910.64501953125,1911.583984375,0.09,5.198877937993573,0.18060913430723458,8.45068359375,time,10086.095825618391
2023-10-05 12:45:00+00:00,2023-10-05 16:44:00+00:00,1,1815.35498046875,1817.81494140625,0.04,12.342454925872325,0.19930888565316254,9.83984375,time,10095.935669368391
2023-10-06 12:45:00+00:00,2023-10-06 16:44:00+00:00,1,1812.594970703125,1830.594970703125,0.04,11.65322003651622,1.544637443006798,72.0,time,10167.935669368391
2023-10-09 12:45:00+00:00,2023-10-09 16:44:00+00:00,1,1845.905029296875,1849.93505859375,0.04,10.223771603921406,0.39418225024992254,16.1201171875,time,10184.055786555891
2023-10-16 06:00:00+00:00,2023-10-16 09:59:00+00:00,1,1915.2950439453125,1916.0849609375,0.04,10.441576492417099,0.0756511234449276,3.1596679687500004,time,10187.215454524641
2023-10-27 11:00:00+00:00,2023-10-27 14:59:00+00:00,1,1980.85205078125,1981.9949951171875,0.04,10.407736638336292,0.1098168002952276,4.57177734375,time,10191.787231868391
2023-11-08 10:30:00+00:00,2023-11-08 14:29:00+00:00,1,1960.7950439453125,1962.8050537109375,0.05,9.475478939956325,0.21212751127008095,10.050048828125,time,10201.837280696516
2023-11-08 15:45:00+00:00,2023-11-08 19:44:00+00:00,1,1951.7950439453125,1948.9150390625,0.03,15.553834373365376,-0.1851636589202894,-8.6400146484375,time,10193.197266048079
2023-11-15 13:45:00+00:00,2023-11-15 17:44:00+00:00,1,1964.2149658203125,1962.0179443359375,0.03,13.692910921763412,-0.1604495564842294,-6.591064453124999,time,10186.606201594954
2023-11-20 00:00:00+00:00,2023-11-20 03:59:00+00:00,1,1974.85498046875,1982.137939453125,0.05,10.15228736493366,0.7173712408427863,36.41479492187501,time,10223.020996516829
2023-11-21 09:15:00+00:00,2023-11-21 13:14:00+00:00,1,1986.39501953125,1991.16796875,0.04,12.201634333967363,0.3911729435673127,19.091796875,time,10242.112793391829
2023-12-08 13:45:00+00:00,2023-12-08 14:18:00+00:00,1,2023.4449462890625,2007.7094568053888,0.03,15.735489483673739,-1.0000000000000004,-47.20646845102123,stop,10194.906324940808
2023-12-13 06:30:00+00:00,2023-12-13 10:29:00+00:00,1,1974.0450439453125,1981.2850341796875,0.06,8.239178859566334,0.8787271593174365,43.43994140625,time,10238.346266347058
2023-12-15 13:45:00+00:00,2023-12-15 17:44:00+00:00,1,2028.8349609375,2032.10498046875,0.02,18.234407503335444,0.17933237099433294,6.5400390625,time,10244.886305409558
2023-12-15 18:30:00+00:00,2023-12-15 21:59:00+00:00,1,2021.81494140625,2019.4849853515625,0.02,19.906521920415123,-0.11704485916738748,-4.659912109375,closure,10240.226393300183
2023-12-26 14:00:00+00:00,2023-12-26 17:59:00+00:00,1,2059.072021484375,2057.655029296875,0.06,8.157415785222193,-0.1737060148468825,-8.501953125,time,10231.724440175183
2023-12-28 08:30:00+00:00,2023-12-28 12:29:00+00:00,1,2077.72509765625,2074.794921875,0.04,12.366508144162015,-0.23694447511711528,-11.720703125,time,10220.003737050183
2024-01-04 13:45:00+00:00,2024-01-04 17:44:00+00:00,1,2039.7020263671875,2043.35498046875,0.03,14.067434700869693,0.2596745020850648,10.9588623046875,time,10230.96259935487
2024-01-16 08:45:00+00:00,2024-01-16 12:44:00+00:00,1,2043.574951171875,2038.135009765625,0.04,11.442907360545082,-0.47539853595309267,-21.759765625,time,10209.20283372987
2024-01-17 15:00:00+00:00,2024-01-17 18:59:00+00:00,1,2012.31494140625,2004.7049560546875,0.02,21.511720848511125,-0.35375995277891514,-15.219970703125,time,10193.982863026746
2024-02-02 13:45:00+00:00,2024-02-02 17:44:00+00:00,1,2039.092041015625,2036.1280517578125,0.02,18.43027214641149,-0.16082178463054386,-5.927978515625,time,10188.05488451112
2024-02-08 08:45:00+00:00,2024-02-08 12:44:00+00:00,1,2029.574951171875,2024.5849609375,0.06,7.962858625106881,-0.6266581474448848,-29.939941406249996,time,10158.11494310487
2024-02-09 13:15:00+00:00,2024-02-09 17:14:00+00:00,1,2026.7049560546875,2023.2750244140625,0.06,8.105838479406323,-0.42314334899949924,-20.57958984375,time,10137.53535326112
2024-02-13 13:45:00+00:00,2024-02-13 14:48:00+00:00,1,2011.8050537109375,1995.406560428809,0.03,16.39849328212848,-1.0000000000000062,-49.19547984638575,stop,10088.339873414734
2024-02-14 08:15:00+00:00,2024-02-14 12:14:00+00:00,1,1988.4150390625,1991.344970703125,0.06,8.33450597182752,0.3515423290269176,17.57958984375,time,10105.919463258484
2024-02-16 13:45:00+00:00,2024-02-16 17:44:00+00:00,1,1998.7249755859375,2011.8349609375,0.04,10.95676789932461,1.1965193998834835,52.43994140625,time,10158.359404664734
2024-03-21 14:00:00+00:00,2024-03-21 15:07:00+00:00,1,2192.235107421875,2169.3152693663255,0.02,22.9198380555493,-1.000000000000007,-45.839676111098925,stop,10112.519728553634
2024-03-22 02:00:00+00:00,2024-03-22 05:59:00+00:00,1,2173.705078125,2174.175048828125,0.03,15.50918374729589,0.03030273615830633,1.409912109375,time,10113.92964066301
2024-03-22 07:15:00+00:00,2024-03-22 11:14:00+00:00,1,2167.9951171875,2167.47509765625,0.03,14.171700129734091,-0.03669422345163306,-1.56005859375,time,10112.36958206926
2024-04-03 07:30:00+00:00,2024-04-03 11:29:00+00:00,1,2272.9951171875,2270.405029296875,0.02,19.401278035557713,-0.1335008902958874,-5.18017578125,time,10107.18940628801
2024-04-04 12:15:00+00:00,2024-04-04 16:14:00+00:00,1,2285.27490234375,2292.114990234375,0.03,15.465318353395741,0.44228561833149155,20.520263671875,time,10127.709669959884
2024-04-05 01:30:00+00:00,2024-04-05 05:29:00+00:00,1,2270.986083984375,2279.824951171875,0.02,24.423447949921588,0.3619008751599455,17.677734375,time,10145.387404334884
2024-04-08 12:30:00+00:00,2024-04-08 16:29:00+00:00,1,2327.02490234375,2328.715087890625,0.01,29.174928944660696,0.0579328076541664,1.690185546875,time,10147.07758988176
2024-04-10 13:15:00+00:00,2024-04-10 17:14:00+00:00,1,2322.511962890625,2328.574951171875,0.01,33.14292027426844,0.18293464278575336,6.06298828125,time,10153.14057816301
2024-04-15 14:15:00+00:00,2024-04-15 18:14:00+00:00,1,2332.5419921875,2365.544921875,0.01,39.815641695289195,0.8288935775560979,33.0029296875,time,10186.14350785051
2024-04-16 06:45:00+00:00,2024-04-16 10:44:00+00:00,1,2370.405029296875,2369.614990234375,0.02,25.222926015777567,-0.03132226062931045,-1.580078125,time,10184.56342972551
2024-04-17 16:45:00+00:00,2024-04-17 20:44:00+00:00,1,2366.14501953125,2371.385009765625,0.01,32.0531440784473,0.16347819800611685,5.239990234375,time,10189.803419959884
2024-04-22 11:15:00+00:00,2024-04-22 15:14:00+00:00,1,2349.364990234375,2336.235107421875,0.02,22.14721039922525,-0.5928458968791531,-26.259765624999996,time,10163.543654334884
2024-04-23 01:45:00+00:00,2024-04-23 05:44:00+00:00,1,2305.916015625,2308.097900390625,0.01,27.909782772131557,0.07817634352223096,2.181884765625,time,10165.72553910051
2024-04-25 03:15:00+00:00,2024-04-25 07:14:00+00:00,1,2307.14501953125,2320.715087890625,0.02,19.640693342972916,0.6909159530373771,27.140136718750004,time,10192.86567581926
2024-04-29 01:15:00+00:00,2024-04-29 05:14:00+00:00,1,2326.89208984375,2334.278076171875,0.03,16.1461450091565,0.457445806657651,22.157958984374996,time,10215.023634803634
2024-05-08 01:45:00+00:00,2024-05-08 05:44:00+00:00,1,2310.662109375,2319.864990234375,0.03,12.805818417711125,0.7186483955329969,27.608642578124996,time,10242.63227738176
2024-05-16 13:45:00+00:00,2024-05-16 17:44:00+00:00,1,2373.43603515625,2380.327880859375,0.02,23.943583590775503,0.28783685102927326,13.783691406250002,time,10256.41596878801
2024-05-22 14:15:00+00:00,2024-05-22 18:14:00+00:00,1,2394.034912109375,2385.89501953125,0.01,29.41242488137614,-0.27675013573189455,-8.139892578125,time,10248.276076209884
2024-05-23 01:30:00+00:00,2024-05-23 05:29:00+00:00,1,2371.594970703125,2370.97802734375,0.02,19.76275628835166,-0.031217475456023904,-1.23388671875,time,10247.042189491134
2024-05-23 06:00:00+00:00,2024-05-23 09:59:00+00:00,1,2360.264892578125,2363.9150390625,0.02,21.28015947908716,0.1715281545686789,7.30029296875,time,10254.342482459884
2024-05-28 06:30:00+00:00,2024-05-28 10:29:00+00:00,1,2342.89501953125,2344.594970703125,0.03,14.269368300909692,0.11913289614696018,5.099853515625,time,10259.44233597551
2024-06-04 01:45:00+00:00,2024-06-04 05:44:00+00:00,1,2344.68505859375,2348.614990234375,0.03,13.741753166005473,0.2859847352190051,11.789794921875,time,10271.232130897384
2024-06-07 08:15:00+00:00,2024-06-07 12:14:00+00:00,1,2351.554931640625,2335.905029296875,0.01,28.337645427840364,-0.5522654443398014,-15.64990234375,time,10255.582228553634
2024-06-11 02:15:00+00:00,2024-06-11 06:14:00+00:00,1,2299.965087890625,2300.925048828125,0.03,15.038174765241562,0.06383493691792987,2.8798828125,time,10258.462111366134
2024-06-13 11:45:00+00:00,2024-06-13 15:44:00+00:00,1,2306.89501953125,2305.8349609375,0.02,17.553072113504776,-0.06039162756782755,-2.1201171875,time,10256.341994178634
2024-06-21 13:45:00+00:00,2024-06-21 14:25:00+00:00,1,2350.344970703125,2329.532764466679,0.02,20.812206236446094,-0.9999999999999928,-41.62441247289189,stop,10214.717581705743
2024-06-28 01:00:00+00:00,2024-06-28 04:59:00+00:00,1,2321.885009765625,2321.077880859375,0.04,10.916491513760034,-0.07393665860799956,-3.228515625,time,10211.489066080743
2024-07-08 15:45:00+00:00,2024-07-08 19:44:00+00:00,1,2364.215087890625,2358.778076171875,0.02,20.93229709082633,-0.2597427169678761,-10.8740234375,time,10200.615042643243
2024-07-12 12:45:00+00:00,2024-07-12 16:44:00+00:00,1,2392.715087890625,2416.5849609375,0.02,18.517032739515344,1.289076569807899,47.73974609375,time,10248.354788736993
2024-07-19 00:15:00+00:00,2024-07-19 04:14:00+00:00,1,2431.3349609375,2427.875,0.02,17.909273302904396,-0.19319382082012723,-6.919921875,time,10241.434866861993
2024-07-19 06:15:00+00:00,2024-07-19 10:14:00+00:00,1,2416.7451171875,2411.784912109375,0.02,22.74463895930627,-0.21808238358936302,-9.92041015625,time,10231.514456705743
2024-07-25 01:30:00+00:00,2024-07-25 05:29:00+00:00,1,2388.342041015625,2371.844970703125,0.02,22.16689202681178,-0.7442211696861295,-32.994140625,time,10198.520316080743
2024-07-29 14:45:00+00:00,2024-07-29 18:44:00+00:00,1,2381.554931640625,2379.955078125,0.02,23.871492803977095,-0.06701941637091323,-3.19970703125,time,10195.320609049493
2024-08-06 12:45:00+00:00,2024-08-06 16:44:00+00:00,1,2394.77490234375,2387.574951171875,0.01,27.062462346499025,-0.26604937421026775,-7.199951171875001,time,10188.120657877618
2024-08-14 13:30:00+00:00,2024-08-14 17:29:00+00:00,1,2451.22607421875,2441.43505859375,0.01,29.690096749286752,-0.32977378644733485,-9.791015625,time,10178.329642252618
2024-08-20 15:15:00+00:00,2024-08-20 19:14:00+00:00,1,2510.324951171875,2511.718017578125,0.01,33.0019127163219,0.042211686886894445,1.39306640625,time,10179.722708658868
2024-08-21 13:45:00+00:00,2024-08-21 17:44:00+00:00,1,2498.986083984375,2509.455078125,0.02,21.517853100145416,0.48652596018300037,20.93798828125,time,10200.660696940118
2024-08-29 12:45:00+00:00,2024-08-29 16:44:00+00:00,1,2505.425048828125,2523.114990234375,0.02,21.944536174489606,0.8061205425163851,35.3798828125,time,10236.040579752618
2024-09-03 01:15:00+00:00,2024-09-03 05:14:00+00:00,1,2492.284912109375,2493.965087890625,0.05,9.724429674664332,0.17277885053017222,8.40087890625,time,10244.441458658868
2024-09-09 05:45:00+00:00,2024-09-09 09:44:00+00:00,1,2491.095947265625,2495.705078125,0.04,12.416799626470123,0.37120119499627413,18.4365234375,time,10262.877982096368
2024-09-11 12:45:00+00:00,2024-09-11 16:44:00+00:00,1,2504.77490234375,2518.68798828125,0.02,22.52113656028304,0.6177790317224179,27.826171875,time,10290.704153971368
2024-09-27 05:45:00+00:00,2024-09-27 09:44:00+00:00,1,2663.02490234375,2662.97802734375,0.03,14.440303839426914,-0.003246122832402972,-0.140625,time,10290.563528971368
2024-09-27 15:00:00+00:00,2024-09-27 18:59:00+00:00,1,2649.68505859375,2647.875,0.01,26.98349467807806,-0.06708021386201427,-1.81005859375,time,10288.753470377618
2024-10-04 12:45:00+00:00,2024-10-04 16:44:00+00:00,1,2641.2548828125,2642.97802734375,0.02,20.825634266678968,0.08274151505709637,3.4462890625,time,10292.199759440118
2024-10-13 22:15:00+00:00,2024-10-14 02:14:00+00:00,1,2648.4951171875,2645.675048828125,0.02,17.335909280310368,-0.16267207642681616,-5.64013671875,time,10286.559622721368
2024-10-23 01:45:00+00:00,2024-10-23 05:44:00+00:00,1,2739.195068359375,2752.205078125,0.04,12.618125624701056,1.0310572388149946,52.0400390625,time,10338.599661783868
2024-11-05 02:45:00+00:00,2024-11-05 06:44:00+00:00,1,2726.425048828125,2737.635009765625,0.03,15.031165618346915,0.7457812136549953,33.6298828125,time,10372.229544596368
2024-11-06 06:30:00+00:00,2024-11-06 10:29:00+00:00,1,2717.8349609375,2725.327880859375,0.01,35.410037140525496,0.21160440730799535,7.492919921875001,time,10379.722464518243
2024-11-07 01:30:00+00:00,2024-11-07 05:29:00+00:00,1,2650.93505859375,2657.72509765625,0.01,26.335486059495658,0.257828507404812,6.7900390625,time,10386.512503580743
2024-11-11 13:45:00+00:00,2024-11-11 17:44:00+00:00,1,2638.095947265625,2613.514892578125,0.01,29.736383171999,-0.8266322957072509,-24.5810546875,time,10361.931448893243
2024-11-15 06:00:00+00:00,2024-11-15 09:59:00+00:00,1,2560.155029296875,2563.81494140625,0.03,15.595068343011748,0.23468394167153686,10.979736328124998,time,10372.911185221368
2024-11-25 14:30:00+00:00,2024-11-25 18:29:00+00:00,1,2645.64501953125,2617.6650390625,0.01,42.109643569537816,-0.6644554096627586,-27.97998046875,time,10344.931204752618
2024-11-25 23:45:00+00:00,2024-11-26 03:44:00+00:00,1,2610.01611328125,2630.4951171875,0.01,30.24304141118381,0.6771476329982112,20.47900390625,time,10365.410208658868
2024-11-28 01:15:00+00:00,2024-11-28 05:14:00+00:00,1,2628.2548828125,2631.60498046875,0.02,17.75476236223622,0.18868727093613735,6.7001953125,time,10372.110403971368
2024-12-06 01:15:00+00:00,2024-12-06 05:14:00+00:00,1,2615.955078125,2642.074951171875,0.02,20.292980923658877,1.2871383038862838,52.23974609375001,time,10424.350150065118
2024-12-11 04:45:00+00:00,2024-12-11 08:44:00+00:00,1,2686.074951171875,2692.955078125,0.02,21.921335169801687,0.31385528754666825,13.76025390625,time,10438.110403971368
2024-12-13 09:00:00+00:00,2024-12-13 12:59:00+00:00,1,2675.10205078125,2672.324951171875,0.02,20.138612213894177,-0.1378992544212656,-5.55419921875,time,10432.556204752618
2024-12-18 19:15:00+00:00,2024-12-18 20:30:00+00:00,1,2617.006103515625,2592.7935343362606,0.02,24.21256917936452,-0.9999999999999964,-48.42513835872887,stop,10384.13106639389
2025-01-03 13:45:00+00:00,2025-01-03 17:44:00+00:00,1,2645.951904296875,2640.784912109375,0.02,19.53314993961801,-0.26452426789701106,-10.333984375,time,10373.79708201889
2025-01-23 09:30:00+00:00,2025-01-23 13:29:00+00:00,1,2744.14501953125,2740.804931640625,0.03,14.190487883943561,-0.23537512719377932,-10.020263671875,time,10363.776818347014
2025-02-06 07:00:00+00:00,2025-02-06 10:59:00+00:00,1,2859.52490234375,2859.034912109375,0.02,19.22264295103666,-0.02549026352011471,-0.97998046875,time,10362.796837878264
2025-02-06 15:00:00+00:00,2025-02-06 18:59:00+00:00,1,2842.221923828125,2852.485107421875,0.01,29.08914333849277,0.35281835131146827,10.26318359375,time,10373.060021472014
2025-02-14 13:45:00+00:00,2025-02-14 15:33:00+00:00,1,2918.215087890625,2893.1207574477044,0.02,25.094330442920686,-0.999999999999998,-50.18866088584127,stop,10322.871360586174
2025-02-20 12:30:00+00:00,2025-02-20 16:29:00+00:00,1,2941.925048828125,2942.72509765625,0.02,21.190339160965003,0.037755357384688784,1.6000976562500002,time,10324.471458242424
2025-02-21 08:30:00+00:00,2025-02-21 12:29:00+00:00,1,2919.83203125,2933.074951171875,0.02,25.4134428003128,0.5210990114929253,26.485839843750004,time,10350.957298086174
2025-02-24 01:15:00+00:00,2025-02-24 05:14:00+00:00,1,2924.47509765625,2940.72509765625,0.02,21.282825015848296,0.7635264579725393,32.5,time,10383.457298086174
2025-02-25 04:00:00+00:00,2025-02-25 07:59:00+00:00,1,2939.81494140625,2931.554931640625,0.02,18.414711245758816,-0.44855494367457993,-16.52001953125,time,10366.937278554924
2025-02-25 15:30:00+00:00,2025-02-25 19:29:00+00:00,1,2910.614990234375,2907.054931640625,0.01,35.064959474423226,-0.10152752625728105,-3.56005859375,time,10363.377219961174
2025-02-26 14:15:00+00:00,2025-02-26 18:14:00+00:00,1,2896.47509765625,2915.64501953125,0.01,25.91425293307741,0.7397443377783495,19.169921875,time,10382.547141836174
2025-02-27 03:00:00+00:00,2025-02-27 06:59:00+00:00,1,2907.155029296875,2894.014892578125,0.02,19.98098611372691,-0.6576320429812392,-26.2802734375,time,10356.266868398674
2025-02-28 03:45:00+00:00,2025-02-28 07:44:00+00:00,1,2864.0048828125,2859.465087890625,0.02,24.92254340241491,-0.18215616474501192,-9.07958984375,time,10347.187278554924
2025-03-05 13:45:00+00:00,2025-03-05 17:44:00+00:00,1,2900.241943359375,2916.554931640625,0.01,29.013176056570334,0.5622613756399053,16.31298828125,time,10363.500266836174
2025-03-07 00:15:00+00:00,2025-03-07 04:14:00+00:00,1,2900.195068359375,2906.875,0.02,24.463233739347494,0.2730600423394055,13.35986328125,time,10376.860130117424
2025-03-21 01:45:00+00:00,2025-03-21 05:42:00+00:00,1,3038.985107421875,3024.375101686723,0.03,14.610005735151733,-1.0000000000000075,-43.830017205455526,stop,10333.030112911969
2025-03-21 13:45:00+00:00,2025-03-21 17:44:00+00:00,1,3015.175048828125,3014.778076171875,0.01,27.040305915101527,-0.014680775339464554,-0.39697265625000006,time,10332.633140255719
2025-03-24 14:45:00+00:00,2025-03-24 18:44:00+00:00,1,3010.955078125,3007.425048828125,0.02,25.7122995507474,-0.13728952130119337,-7.06005859375,time,10325.573081661969
2025-03-31 13:45:00+00:00,2025-03-31 17:44:00+00:00,1,3104.4951171875,3116.89501953125,0.01,36.05989759617694,0.34386959393541466,12.39990234375,time,10337.972984005719
2025-04-03 10:30:00+00:00,2025-04-03 12:35:00+00:00,1,3107.804931640625,3066.012182596782,0.01,41.7927490438429,-0.9999999999999983,-41.79274904384283,stop,10296.180234961876
2025-04-25 04:00:00+00:00,2025-04-25 07:59:00+00:00,1,3323.965087890625,3307.205078125,0.01,48.40305847260102,-0.34625931283065825,-16.760009765625,time,10279.42022519625
2025-05-02 13:15:00+00:00,2025-05-02 17:14:00+00:00,1,3243.735107421875,3231.52490234375,0.01,38.87368419345897,-0.31409950796944364,-12.210205078125,time,10267.210020118126
2025-05-11 22:15:00+00:00,2025-05-12 02:14:00+00:00,1,3282.7451171875,3276.804931640625,0.01,48.784744929616394,-0.12176317730973343,-5.940185546875,time,10261.26983457125
2025-05-14 12:15:00+00:00,2025-05-14 13:10:00+00:00,1,3214.135009765625,3177.4593073180727,0.01,36.6757024475523,-1.000000000000001,-36.67570244755234,stop,10224.594132123699
2025-05-25 22:30:00+00:00,2025-05-26 02:29:00+00:00,1,3343.465087890625,3347.748046875,0.01,33.56767113255766,0.12759178220799802,4.282958984375,time,10228.877091108074
2025-05-28 23:15:00+00:00,2025-05-29 03:14:00+00:00,1,3270.85205078125,3269.998046875,0.01,40.933947784907055,-0.020862974437195224,-0.8540039062500001,time,10228.023087201824
2025-05-30 14:00:00+00:00,2025-05-30 17:59:00+00:00,1,3277.471923828125,3290.72509765625,0.01,45.847843755240994,0.2890686397135087,13.253173828125,time,10241.276261029949
2025-06-03 14:15:00+00:00,2025-06-03 18:14:00+00:00,1,3339.251953125,3350.64794921875,0.01,38.43220857665128,0.296522019311516,11.39599609375,time,10252.672257123699
2025-06-06 14:15:00+00:00,2025-06-06 18:14:00+00:00,1,3334.43505859375,3315.18505859375,0.01,43.91646832346062,-0.43833215044107854,-19.25,time,10233.422257123699
2025-06-12 07:45:00+00:00,2025-06-12 11:44:00+00:00,1,3342.77490234375,3376.548095703125,0.01,38.291229897196835,0.8820085813395985,33.773193359375,time,10267.195450483074
2025-06-16 14:00:00+00:00,2025-06-16 17:59:00+00:00,1,3388.614990234375,3392.4150390625,0.01,44.96517665801147,0.0845109284686407,3.800048828125,time,10270.995499311199
2025-06-18 19:30:00+00:00,2025-06-18 20:59:00+00:00,1,3365.802001953125,3368.844970703125,0.01,36.53342077347199,0.08329274088151063,3.04296875,closure,10274.038468061199
2025-06-19 06:15:00+00:00,2025-06-19 10:14:00+00:00,1,3355.72509765625,3373.264892578125,0.01,31.196273276133606,0.562240071646431,17.539794921875,time,10291.578262983074
2025-06-29 22:30:00+00:00,2025-06-30 02:29:00+00:00,1,3250.135009765625,3280.14501953125,0.01,37.262969167318154,0.8053574483255502,30.010009765625,time,10321.588272748699
2025-07-03 12:45:00+00:00,2025-07-03 16:44:00+00:00,1,3312.60205078125,3331.955078125,0.01,37.67418233568701,0.5136946880839872,19.35302734375,time,10340.941300092449
2025-07-07 01:15:00+00:00,2025-07-07 05:14:00+00:00,1,3311.465087890625,3311.097900390625,0.01,25.981915625191377,-0.014132426003415419,-0.3671875,time,10340.574112592449
2025-07-24 02:15:00+00:00,2025-07-24 06:14:00+00:00,1,3382.534912109375,3375.197998046875,0.02,24.08703619012311,-0.3046001178637537,-14.673828125,time,10325.900284467449
2025-07-25 08:30:00+00:00,2025-07-25 12:29:00+00:00,1,3345.8349609375,3340.905029296875,0.02,21.35238497615934,-0.2308843553602764,-9.85986328125,time,10316.040421186199
2025-07-28 14:00:00+00:00,2025-07-28 17:59:00+00:00,1,3302.56494140625,3310.574951171875,0.01,30.749127420926705,0.2604955144247016,8.010009765625,time,10324.050430951824
2025-07-30 13:00:00+00:00,2025-07-30 16:59:00+00:00,1,3313.675048828125,3297.89501953125,0.01,27.742708267670466,-0.568799164977848,-15.780029296875,time,10308.270401654949
2025-08-14 08:00:00+00:00,2025-08-14 11:59:00+00:00,1,3346.425048828125,3355.27490234375,0.02,25.289347013375306,0.3499439313693783,17.69970703125,time,10325.970108686199
2025-08-21 10:45:00+00:00,2025-08-21 14:44:00+00:00,1,3330.715087890625,3342.597900390625,0.02,18.011677967436775,0.6597282341757874,23.765625,time,10349.735733686199
2025-09-17 01:45:00+00:00,2025-09-17 05:44:00+00:00,1,3678.125,3678.5048828125,0.02,18.620592686039267,0.02040122024605672,0.759765625,time,10350.495499311199
2025-09-18 06:15:00+00:00,2025-09-18 10:14:00+00:00,1,3637.52490234375,3667.155029296875,0.01,34.70097387627179,0.85387018412719,29.630126953125004,time,10380.125626264324
2025-09-18 13:45:00+00:00,2025-09-18 17:44:00+00:00,1,3630.302001953125,3643.64501953125,0.01,42.260139236980514,0.3157352961688528,13.343017578125,time,10393.468643842449
2025-09-23 19:00:00+00:00,2025-09-23 20:59:00+00:00,1,3757.195068359375,3762.985107421875,0.01,41.96137281800317,0.1379849769837805,5.7900390625,closure,10399.258682904949
2025-11-05 23:15:00+00:00,2025-11-06 03:14:00+00:00,1,3970.35498046875,3984.64501953125,0.01,33.43493339857789,0.4273984605307396,14.290039062500002,time,10413.548721967449
2025-11-11 15:30:00+00:00,2025-11-11 19:29:00+00:00,1,4101.85498046875,4117.455078125,0.01,49.58197822499585,0.3146324171548584,15.60009765625,time,10429.148819623699
2025-11-27 01:30:00+00:00,2025-11-27 05:29:00+00:00,1,4154.2451171875,4152.52490234375,0.01,30.94891124690127,-0.05558240256100236,-1.7202148437500002,time,10427.428604779949
2025-11-28 08:30:00+00:00,2025-11-28 12:29:00+00:00,1,4167.68115234375,4174.0849609375,0.01,39.48898989779772,0.16216693843838068,6.40380859375,time,10433.832413373699
2025-12-02 01:15:00+00:00,2025-12-02 05:14:00+00:00,1,4205.875,4218.97509765625,0.01,47.76149699840887,0.2742815547989716,13.100097656250002,time,10446.932511029949
2025-12-05 01:15:00+00:00,2025-12-05 05:14:00+00:00,1,4197.625,4216.09521484375,0.01,28.395853069833585,0.6504546561192023,18.47021484375,time,10465.402725873699
2025-12-08 15:15:00+00:00,2025-12-08 19:14:00+00:00,1,4178.64501953125,4184.93505859375,0.01,48.21982133833511,0.13044509265942414,6.2900390625,time,10471.692764936199
2025-12-16 03:15:00+00:00,2025-12-16 07:14:00+00:00,1,4282.81494140625,4285.884765625,0.01,48.385457830427214,0.06344518283796294,3.06982421875,time,10474.762589154949
2025-12-19 01:30:00+00:00,2025-12-19 05:29:00+00:00,1,4313.68505859375,4319.69482421875,0.01,43.788783766720826,0.137244406170682,6.009765625,time,10480.772354779949
2026-04-23 00:15:00+00:00,2026-04-23 04:14:00+00:00,1,4699.98193359375,4706.03515625,0.01,46.48235725408398,0.13022624096195462,6.05322265625,time,10486.825577436199
2026-04-28 05:45:00+00:00,2026-04-28 09:44:00+00:00,1,4625.18505859375,4613.60498046875,0.01,49.95498639930952,-0.23181025478489692,-11.580078125,time,10475.245499311199
2026-05-10 22:15:00+00:00,2026-05-11 02:14:00+00:00,1,4687.77490234375,4685.8251953125,0.01,50.25389210014677,-0.038797134903791976,-1.94970703125,time,10473.295792279949
2026-06-02 23:30:00+00:00,2026-06-03 03:29:00+00:00,1,4468.10498046875,4483.06494140625,0.01,40.866233737742306,0.3660714376936483,14.9599609375,time,10488.255753217449
2026-06-23 01:45:00+00:00,2026-06-23 05:44:00+00:00,1,4154.5751953125,4127.44482421875,0.01,51.505857973350714,-0.5267434066972991,-27.13037109375,time,10461.125382123699
2026-06-30 00:45:00+00:00,2026-06-30 01:07:00+00:00,1,3992.455078125,3947.1324145590656,0.01,45.322663565934405,-0.9999999999999991,-45.32266356593436,stop,10415.802718557765
2026-07-17 12:45:00+00:00,2026-07-17 16:44:00+00:00,1,3969.945068359375,4017.205078125,0.01,46.08364660118977,1.0255266944175563,47.260009765625,time,10463.06272832339
2026-07-23 07:15:00+00:00,2026-07-23 11:14:00+00:00,1,4107.05517578125,4087.534912109375,0.01,45.049298583066964,-0.43330893678358484,-19.520263671875,time,10443.542464651515
2026-07-28 10:00:00+00:00,2026-07-28 13:59:00+00:00,1,4023.875,4021.97509765625,0.01,39.98109750985863,-0.047520014759012505,-1.8999023437500002,time,10441.642562307765
2026-08-20 12:00:00+00:00,2026-08-20 15:59:00+00:00,1,4467.5751953125,4521.43505859375,0.01,45.67375317659345,1.1792300727510983,53.85986328125,time,10495.502425589015
2026-09-27 22:15:00+00:00,2026-09-28 01:02:00+00:00,1,4266.84521484375,4219.069297408174,0.01,47.775917435575735,-1.0000000000000064,-47.77591743557605,stop,10447.726508153439
2026-10-02 01:15:00+00:00,2026-10-02 05:14:00+00:00,1,4141.47509765625,4187.56494140625,0.01,47.442300208841075,0.9714926035860917,46.08984375,time,10493.816351903439
